<?xml version="1.0" encoding="UTF-8" ?>
<!DOCTYPE sqlMap PUBLIC "-//ibatis.apache.org//DTD SQL Map 2.0//EN" "http://ibatis.apache.org/dtd/sql-map-2.dtd" >
<sqlMap namespace="correos" >
  <resultMap id="BaseResultMap" class="pe.gob.sunat.recurso2.humano.decljurada.model.Correo" >
    <result column="cod_pers" property="codPers" jdbcType="CHAR" />
    <result column="smtp" property="smtp" jdbcType="CHAR" />
    <result column="alias" property="alias" jdbcType="CHAR" />
  </resultMap>
  
  <sql id="Example_Where_Clause" >
    <iterate property="oredCriteria" conjunction="or" prepend="where" removeFirstPrepend="iterate" >
      <isEqual property="oredCriteria[].valid" compareValue="true" >
        (
        <iterate prepend="and" property="oredCriteria[].criteriaWithoutValue" conjunction="and" >
          $oredCriteria[].criteriaWithoutValue[]$
        </iterate>
        <iterate prepend="and" property="oredCriteria[].criteriaWithSingleValue" conjunction="and" >
          $oredCriteria[].criteriaWithSingleValue[].condition$
            #oredCriteria[].criteriaWithSingleValue[].value#
        </iterate>
        <iterate prepend="and" property="oredCriteria[].criteriaWithListValue" conjunction="and" >
          $oredCriteria[].criteriaWithListValue[].condition$
          <iterate property="oredCriteria[].criteriaWithListValue[].values" open="(" close=")" conjunction="," >
            #oredCriteria[].criteriaWithListValue[].values[]#
          </iterate>
        </iterate>
        <iterate prepend="and" property="oredCriteria[].criteriaWithBetweenValue" conjunction="and" >
          $oredCriteria[].criteriaWithBetweenValue[].condition$
          #oredCriteria[].criteriaWithBetweenValue[].values[0]# and
          #oredCriteria[].criteriaWithBetweenValue[].values[1]#
        </iterate>
        )
      </isEqual>
    </iterate>
  </sql>
  
  <select id="selectByExample" resultMap="BaseResultMap" parameterClass="pe.gob.sunat.recurso2.humano.decljurada.model.CorreoExample" >
    select cod_pers, smtp, alias
    from correos
    <isParameterPresent >
      <include refid="correos.Example_Where_Clause" />
      <isNotNull property="orderByClause" >
        order by $orderByClause$
      </isNotNull>
    </isParameterPresent>
  </select>
  
  <select id="selectByPrimaryKey" resultMap="BaseResultMap" parameterClass="pe.gob.sunat.recurso2.humano.decljurada.model.Correo" >
    select cod_pers, smtp, alias
    from correos
    where cod_pers = #codPers:CHAR#
  </select>
  
  <delete id="deleteByPrimaryKey" parameterClass="pe.gob.sunat.recurso2.humano.decljurada.model.Correo" >
    delete from correos
    where cod_pers = #codPers:CHAR#
  </delete>
  
  <delete id="deleteByExample" parameterClass="pe.gob.sunat.recurso2.humano.decljurada.model.CorreoExample" >
    delete from correos
    <include refid="correos.Example_Where_Clause" />
  </delete>
  
  <insert id="insert" parameterClass="pe.gob.sunat.recurso2.humano.decljurada.model.Correo" >
    insert into correos (cod_pers, smtp, alias)
    values (#codPers:CHAR#, #smtp:CHAR#, #alias:CHAR#)
  </insert>
  
  <insert id="insertSelective" parameterClass="pe.gob.sunat.recurso2.humano.decljurada.model.Correo" >
    insert into correos
    <dynamic prepend="(" >
      <isNotNull prepend="," property="codPers" >
        cod_pers
      </isNotNull>
      <isNotNull prepend="," property="smtp" >
        smtp
      </isNotNull>
      <isNotNull prepend="," property="alias" >
        alias
      </isNotNull>
      )
    </dynamic>
    values
    <dynamic prepend="(" >
      <isNotNull prepend="," property="codPers" >
        #codPers:CHAR#
      </isNotNull>
      <isNotNull prepend="," property="smtp" >
        #smtp:CHAR#
      </isNotNull>
      <isNotNull prepend="," property="alias" >
        #alias:CHAR#
      </isNotNull>
      )
    </dynamic>
  </insert>
  
  <select id="countByExample" parameterClass="pe.gob.sunat.recurso2.humano.decljurada.model.CorreoExample" resultClass="java.lang.Integer" >
    select count(*) from correos
    <include refid="correos.Example_Where_Clause" />
  </select>
  
  <update id="updateByExampleSelective" >
    update correos
    <dynamic prepend="set" >
      <isNotNull prepend="," property="record.codPers" >
        cod_pers = #record.codPers:CHAR#
      </isNotNull>
      <isNotNull prepend="," property="record.smtp" >
        smtp = #record.smtp:CHAR#
      </isNotNull>
      <isNotNull prepend="," property="record.alias" >
        alias = #record.alias:CHAR#
      </isNotNull>
    </dynamic>
    <isParameterPresent >
      <include refid="correos.Example_Where_Clause" />
    </isParameterPresent>
  </update>
  
  <update id="updateByExample" >
    update correos
    set cod_pers = #record.codPers:CHAR#,
      smtp = #record.smtp:CHAR#,
      alias = #record.alias:CHAR#
    <isParameterPresent >
      <include refid="correos.Example_Where_Clause" />
    </isParameterPresent>
  </update>
  
  <update id="updateByPrimaryKeySelective" parameterClass="pe.gob.sunat.recurso2.humano.decljurada.model.Correo" >
    update correos
    <dynamic prepend="set" >
      <isNotNull prepend="," property="smtp" >
        smtp = #smtp:CHAR#
      </isNotNull>
      <isNotNull prepend="," property="alias" >
        alias = #alias:CHAR#
      </isNotNull>
    </dynamic>
    where cod_pers = #codPers:CHAR#
  </update>
  
  <update id="updateByPrimaryKey" parameterClass="pe.gob.sunat.recurso2.humano.decljurada.model.Correo" >
    update correos
    set smtp = #smtp:CHAR#,
      alias = #alias:CHAR#
    where cod_pers = #codPers:CHAR#
  </update>
  
</sqlMap>