<?xml version="1.0" encoding="UTF-8" ?>
<!DOCTYPE sqlMap PUBLIC "-//ibatis.apache.org//DTD SQL Map 2.0//EN" "http://ibatis.apache.org/dtd/sql-map-2.dtd" >
<sqlMap namespace="spr" >
  <resultMap id="BaseResultMap" class="pe.gob.sunat.recurso2.humano.decljurada.model.LocalRtps" >
    <result column="spr_correl" property="sprCorrel" jdbcType="SMALLINT" />
    <result column="spr_numruc" property="sprNumruc" jdbcType="CHAR" />
    <result column="spr_ubigeo" property="sprUbigeo" jdbcType="CHAR" />
    <result column="spr_nomvia" property="sprNomvia" jdbcType="VARCHAR" />
    <result column="spr_numer1" property="sprNumer1" jdbcType="CHAR" />
    <result column="spr_inter1" property="sprInter1" jdbcType="CHAR" />
    <result column="spr_nomzon" property="sprNomzon" jdbcType="VARCHAR" />
    <result column="spr_refer1" property="sprRefer1" jdbcType="VARCHAR" />
    <result column="spr_nombre" property="sprNombre" jdbcType="CHAR" />
    <result column="spr_tipest" property="sprTipest" jdbcType="CHAR" />
    <result column="spr_licenc" property="sprLicenc" jdbcType="CHAR" />
    <result column="spr_tipvia" property="sprTipvia" jdbcType="CHAR" />
    <result column="spr_tipzon" property="sprTipzon" jdbcType="CHAR" />
    <result column="spr_indmaq" property="sprIndmaq" jdbcType="CHAR" />
    <result column="spr_userna" property="sprUserna" jdbcType="CHAR" />
    <result column="spr_fecact" property="sprFecact" jdbcType="TIMESTAMP" />
  </resultMap>
  
  <sql id="Example_Where_Clause" >
    <iterate property="oredCriteria" conjunction="or" prepend="where" removeFirstPrepend="iterate" >
      <isEqual property="oredCriteria[].valid" compareValue="true" >
        (
        <iterate prepend="and" property="oredCriteria[].criteriaWithoutValue" conjunction="and" >
          $oredCriteria[].criteriaWithoutValue[]$
        </iterate>
        <iterate prepend="and" property="oredCriteria[].criteriaWithSingleValue" conjunction="and" >
          $oredCriteria[].criteriaWithSingleValue[].condition$
            #oredCriteria[].criteriaWithSingleValue[].value#
        </iterate>
        <iterate prepend="and" property="oredCriteria[].criteriaWithListValue" conjunction="and" >
          $oredCriteria[].criteriaWithListValue[].condition$
          <iterate property="oredCriteria[].criteriaWithListValue[].values" open="(" close=")" conjunction="," >
            #oredCriteria[].criteriaWithListValue[].values[]#
          </iterate>
        </iterate>
        <iterate prepend="and" property="oredCriteria[].criteriaWithBetweenValue" conjunction="and" >
          $oredCriteria[].criteriaWithBetweenValue[].condition$
          #oredCriteria[].criteriaWithBetweenValue[].values[0]# and
          #oredCriteria[].criteriaWithBetweenValue[].values[1]#
        </iterate>
        )
      </isEqual>
    </iterate>
  </sql>
  
  <select id="selectByExample" resultMap="BaseResultMap" parameterClass="pe.gob.sunat.recurso2.humano.decljurada.model.LocalRtpsExample" >
    select spr_correl, spr_numruc, spr_ubigeo, spr_nomvia, spr_numer1, spr_inter1, spr_nomzon,
      spr_refer1, spr_nombre, spr_tipest, spr_licenc, spr_tipvia, spr_tipzon, spr_indmaq,
      spr_userna, spr_fecact
    from spr
    <isParameterPresent >
      <include refid="spr.Example_Where_Clause" />
      <isNotNull property="orderByClause" >
        order by $orderByClause$
      </isNotNull>
    </isParameterPresent>
  </select>
  
  <select id="selectByPrimaryKey" resultMap="BaseResultMap" parameterClass="pe.gob.sunat.recurso2.humano.decljurada.model.LocalRtpsKey" >
    select spr_correl, spr_numruc, spr_ubigeo, spr_nomvia, spr_numer1, spr_inter1, spr_nomzon,
      spr_refer1, spr_nombre, spr_tipest, spr_licenc, spr_tipvia, spr_tipzon, spr_indmaq,
      spr_userna, spr_fecact
    from spr
    where spr_correl = #sprCorrel:SMALLINT#
      and spr_numruc = #sprNumruc:CHAR#
  </select>
  
  <delete id="deleteByPrimaryKey" parameterClass="pe.gob.sunat.recurso2.humano.decljurada.model.LocalRtpsKey" >
    delete from spr
    where spr_correl = #sprCorrel:SMALLINT#
      and spr_numruc = #sprNumruc:CHAR#
  </delete>
  
  <delete id="deleteByExample" parameterClass="pe.gob.sunat.recurso2.humano.decljurada.model.LocalRtpsExample" >
    delete from spr
    <include refid="spr.Example_Where_Clause" />
  </delete>
  
  <insert id="insert" parameterClass="pe.gob.sunat.recurso2.humano.decljurada.model.LocalRtps" >
    insert into spr (spr_correl, spr_numruc, spr_ubigeo, spr_nomvia, spr_numer1, spr_inter1,
      spr_nomzon, spr_refer1, spr_nombre, spr_tipest, spr_licenc, spr_tipvia, spr_tipzon,
      spr_indmaq, spr_userna, spr_fecact)
    values (#sprCorrel:SMALLINT#, #sprNumruc:CHAR#, #sprUbigeo:CHAR#, #sprNomvia:VARCHAR#,
      #sprNumer1:CHAR#, #sprInter1:CHAR#, #sprNomzon:VARCHAR#, #sprRefer1:VARCHAR#,
      #sprNombre:CHAR#, #sprTipest:CHAR#, #sprLicenc:CHAR#, #sprTipvia:CHAR#, #sprTipzon:CHAR#,
      #sprIndmaq:CHAR#, #sprUserna:CHAR#, #sprFecact:TIMESTAMP#)
  </insert>
  
  <insert id="insertSelective" parameterClass="pe.gob.sunat.recurso2.humano.decljurada.model.LocalRtps" >
    insert into spr
    <dynamic prepend="(" >
      <isNotNull prepend="," property="sprCorrel" >
        spr_correl
      </isNotNull>
      <isNotNull prepend="," property="sprNumruc" >
        spr_numruc
      </isNotNull>
      <isNotNull prepend="," property="sprUbigeo" >
        spr_ubigeo
      </isNotNull>
      <isNotNull prepend="," property="sprNomvia" >
        spr_nomvia
      </isNotNull>
      <isNotNull prepend="," property="sprNumer1" >
        spr_numer1
      </isNotNull>
      <isNotNull prepend="," property="sprInter1" >
        spr_inter1
      </isNotNull>
      <isNotNull prepend="," property="sprNomzon" >
        spr_nomzon
      </isNotNull>
      <isNotNull prepend="," property="sprRefer1" >
        spr_refer1
      </isNotNull>
      <isNotNull prepend="," property="sprNombre" >
        spr_nombre
      </isNotNull>
      <isNotNull prepend="," property="sprTipest" >
        spr_tipest
      </isNotNull>
      <isNotNull prepend="," property="sprLicenc" >
        spr_licenc
      </isNotNull>
      <isNotNull prepend="," property="sprTipvia" >
        spr_tipvia
      </isNotNull>
      <isNotNull prepend="," property="sprTipzon" >
        spr_tipzon
      </isNotNull>
      <isNotNull prepend="," property="sprIndmaq" >
        spr_indmaq
      </isNotNull>
      <isNotNull prepend="," property="sprUserna" >
        spr_userna
      </isNotNull>
      <isNotNull prepend="," property="sprFecact" >
        spr_fecact
      </isNotNull>
      )
    </dynamic>
    values
    <dynamic prepend="(" >
      <isNotNull prepend="," property="sprCorrel" >
        #sprCorrel:SMALLINT#
      </isNotNull>
      <isNotNull prepend="," property="sprNumruc" >
        #sprNumruc:CHAR#
      </isNotNull>
      <isNotNull prepend="," property="sprUbigeo" >
        #sprUbigeo:CHAR#
      </isNotNull>
      <isNotNull prepend="," property="sprNomvia" >
        #sprNomvia:VARCHAR#
      </isNotNull>
      <isNotNull prepend="," property="sprNumer1" >
        #sprNumer1:CHAR#
      </isNotNull>
      <isNotNull prepend="," property="sprInter1" >
        #sprInter1:CHAR#
      </isNotNull>
      <isNotNull prepend="," property="sprNomzon" >
        #sprNomzon:VARCHAR#
      </isNotNull>
      <isNotNull prepend="," property="sprRefer1" >
        #sprRefer1:VARCHAR#
      </isNotNull>
      <isNotNull prepend="," property="sprNombre" >
        #sprNombre:CHAR#
      </isNotNull>
      <isNotNull prepend="," property="sprTipest" >
        #sprTipest:CHAR#
      </isNotNull>
      <isNotNull prepend="," property="sprLicenc" >
        #sprLicenc:CHAR#
      </isNotNull>
      <isNotNull prepend="," property="sprTipvia" >
        #sprTipvia:CHAR#
      </isNotNull>
      <isNotNull prepend="," property="sprTipzon" >
        #sprTipzon:CHAR#
      </isNotNull>
      <isNotNull prepend="," property="sprIndmaq" >
        #sprIndmaq:CHAR#
      </isNotNull>
      <isNotNull prepend="," property="sprUserna" >
        #sprUserna:CHAR#
      </isNotNull>
      <isNotNull prepend="," property="sprFecact" >
        #sprFecact:TIMESTAMP#
      </isNotNull>
      )
    </dynamic>
  </insert>
  
  <select id="countByExample" parameterClass="pe.gob.sunat.recurso2.humano.decljurada.model.LocalRtpsExample" resultClass="java.lang.Integer" >
    select count(*) from spr
    <include refid="spr.Example_Where_Clause" />
  </select>
  
  <update id="updateByExampleSelective" >
    update spr
    <dynamic prepend="set" >
      <isNotNull prepend="," property="record.sprCorrel" >
        spr_correl = #record.sprCorrel:SMALLINT#
      </isNotNull>
      <isNotNull prepend="," property="record.sprNumruc" >
        spr_numruc = #record.sprNumruc:CHAR#
      </isNotNull>
      <isNotNull prepend="," property="record.sprUbigeo" >
        spr_ubigeo = #record.sprUbigeo:CHAR#
      </isNotNull>
      <isNotNull prepend="," property="record.sprNomvia" >
        spr_nomvia = #record.sprNomvia:VARCHAR#
      </isNotNull>
      <isNotNull prepend="," property="record.sprNumer1" >
        spr_numer1 = #record.sprNumer1:CHAR#
      </isNotNull>
      <isNotNull prepend="," property="record.sprInter1" >
        spr_inter1 = #record.sprInter1:CHAR#
      </isNotNull>
      <isNotNull prepend="," property="record.sprNomzon" >
        spr_nomzon = #record.sprNomzon:VARCHAR#
      </isNotNull>
      <isNotNull prepend="," property="record.sprRefer1" >
        spr_refer1 = #record.sprRefer1:VARCHAR#
      </isNotNull>
      <isNotNull prepend="," property="record.sprNombre" >
        spr_nombre = #record.sprNombre:CHAR#
      </isNotNull>
      <isNotNull prepend="," property="record.sprTipest" >
        spr_tipest = #record.sprTipest:CHAR#
      </isNotNull>
      <isNotNull prepend="," property="record.sprLicenc" >
        spr_licenc = #record.sprLicenc:CHAR#
      </isNotNull>
      <isNotNull prepend="," property="record.sprTipvia" >
        spr_tipvia = #record.sprTipvia:CHAR#
      </isNotNull>
      <isNotNull prepend="," property="record.sprTipzon" >
        spr_tipzon = #record.sprTipzon:CHAR#
      </isNotNull>
      <isNotNull prepend="," property="record.sprIndmaq" >
        spr_indmaq = #record.sprIndmaq:CHAR#
      </isNotNull>
      <isNotNull prepend="," property="record.sprUserna" >
        spr_userna = #record.sprUserna:CHAR#
      </isNotNull>
      <isNotNull prepend="," property="record.sprFecact" >
        spr_fecact = #record.sprFecact:TIMESTAMP#
      </isNotNull>
    </dynamic>
    <isParameterPresent >
      <include refid="spr.Example_Where_Clause" />
    </isParameterPresent>
  </update>
  
  <update id="updateByExample" >
    update spr
    set spr_correl = #record.sprCorrel:SMALLINT#,
      spr_numruc = #record.sprNumruc:CHAR#,
      spr_ubigeo = #record.sprUbigeo:CHAR#,
      spr_nomvia = #record.sprNomvia:VARCHAR#,
      spr_numer1 = #record.sprNumer1:CHAR#,
      spr_inter1 = #record.sprInter1:CHAR#,
      spr_nomzon = #record.sprNomzon:VARCHAR#,
      spr_refer1 = #record.sprRefer1:VARCHAR#,
      spr_nombre = #record.sprNombre:CHAR#,
      spr_tipest = #record.sprTipest:CHAR#,
      spr_licenc = #record.sprLicenc:CHAR#,
      spr_tipvia = #record.sprTipvia:CHAR#,
      spr_tipzon = #record.sprTipzon:CHAR#,
      spr_indmaq = #record.sprIndmaq:CHAR#,
      spr_userna = #record.sprUserna:CHAR#,
      spr_fecact = #record.sprFecact:TIMESTAMP#
    <isParameterPresent >
      <include refid="spr.Example_Where_Clause" />
    </isParameterPresent>
  </update>
  
  <update id="updateByPrimaryKeySelective" parameterClass="pe.gob.sunat.recurso2.humano.decljurada.model.LocalRtps" >
    update spr
    <dynamic prepend="set" >
      <isNotNull prepend="," property="sprUbigeo" >
        spr_ubigeo = #sprUbigeo:CHAR#
      </isNotNull>
      <isNotNull prepend="," property="sprNomvia" >
        spr_nomvia = #sprNomvia:VARCHAR#
      </isNotNull>
      <isNotNull prepend="," property="sprNumer1" >
        spr_numer1 = #sprNumer1:CHAR#
      </isNotNull>
      <isNotNull prepend="," property="sprInter1" >
        spr_inter1 = #sprInter1:CHAR#
      </isNotNull>
      <isNotNull prepend="," property="sprNomzon" >
        spr_nomzon = #sprNomzon:VARCHAR#
      </isNotNull>
      <isNotNull prepend="," property="sprRefer1" >
        spr_refer1 = #sprRefer1:VARCHAR#
      </isNotNull>
      <isNotNull prepend="," property="sprNombre" >
        spr_nombre = #sprNombre:CHAR#
      </isNotNull>
      <isNotNull prepend="," property="sprTipest" >
        spr_tipest = #sprTipest:CHAR#
      </isNotNull>
      <isNotNull prepend="," property="sprLicenc" >
        spr_licenc = #sprLicenc:CHAR#
      </isNotNull>
      <isNotNull prepend="," property="sprTipvia" >
        spr_tipvia = #sprTipvia:CHAR#
      </isNotNull>
      <isNotNull prepend="," property="sprTipzon" >
        spr_tipzon = #sprTipzon:CHAR#
      </isNotNull>
      <isNotNull prepend="," property="sprIndmaq" >
        spr_indmaq = #sprIndmaq:CHAR#
      </isNotNull>
      <isNotNull prepend="," property="sprUserna" >
        spr_userna = #sprUserna:CHAR#
      </isNotNull>
      <isNotNull prepend="," property="sprFecact" >
        spr_fecact = #sprFecact:TIMESTAMP#
      </isNotNull>
    </dynamic>
    where spr_correl = #sprCorrel:SMALLINT#
      and spr_numruc = #sprNumruc:CHAR#
  </update>
  
  <update id="updateByPrimaryKey" parameterClass="pe.gob.sunat.recurso2.humano.decljurada.model.LocalRtps" >
    update spr
    set spr_ubigeo = #sprUbigeo:CHAR#,
      spr_nomvia = #sprNomvia:VARCHAR#,
      spr_numer1 = #sprNumer1:CHAR#,
      spr_inter1 = #sprInter1:CHAR#,
      spr_nomzon = #sprNomzon:VARCHAR#,
      spr_refer1 = #sprRefer1:VARCHAR#,
      spr_nombre = #sprNombre:CHAR#,
      spr_tipest = #sprTipest:CHAR#,
      spr_licenc = #sprLicenc:CHAR#,
      spr_tipvia = #sprTipvia:CHAR#,
      spr_tipzon = #sprTipzon:CHAR#,
      spr_indmaq = #sprIndmaq:CHAR#,
      spr_userna = #sprUserna:CHAR#,
      spr_fecact = #sprFecact:TIMESTAMP#
    where spr_correl = #sprCorrel:SMALLINT#
      and spr_numruc = #sprNumruc:CHAR#
  </update>
  
</sqlMap>