<?xml version="1.0" encoding="UTF-8" ?>
<!DOCTYPE sqlMap PUBLIC "-//ibatis.apache.org//DTD SQL Map 2.0//EN" "http://ibatis.apache.org/dtd/sql-map-2.dtd" >
<sqlMap namespace="t01param" >
  <resultMap id="BaseResultMap" class="pe.gob.sunat.recurso2.humano.decljurada.bean.Parametro" >
    <result column="codParametro" property="codParametro" jdbcType="VARCHAR" />
    <result column="desParametro" property="desParametro" jdbcType="VARCHAR" />
  </resultMap>
  
  <select id="listarDepartamentos" resultMap="BaseResultMap">
    select 
    	trim(t01_argumento) as codParametro,
    	trim(t01_funcion) as desParametro 
    from t01param where t01_numero='030' and t01_tipo='D' 
    order by t01_funcion;
  </select>
  
  <select id="listarProvincias" resultMap="BaseResultMap" parameterClass="pe.gob.sunat.recurso2.humano.decljurada.bean.Parametro">
    select 
    	trim(t01_argumento) as codParametro,
    	trim(t01_funcion) as desParametro 
    from t01param 
    where t01_numero='031' and t01_argumento[1,2]=#codParametro# and t01_tipo='D' 
    order by t01_funcion;
  </select>
  
  <select id="listarDistritos" resultMap="BaseResultMap" parameterClass="pe.gob.sunat.recurso2.humano.decljurada.bean.Parametro">
    select 
    	trim(t01_argumento) as codParametro,
    	trim(t01_funcion[1,31]) as desParametro 
    from t01param where t01_numero='001' and t01_argumento[1,4]=#codParametro# and t01_tipo='D'
    order by t01_funcion;
  </select>
  
  <select id="listarCodigosLDN" resultClass="pe.gob.sunat.recurso2.humano.decljurada.bean.Parametro">
    select trim(t01_argumento) as codParametro,trim(t01_argumento) ||' - '||t01_funcion[1,30] as desParametro from t01param where t01_numero = '560' and t01_tipo ='D'
  </select>  
  
  <select id="listarTiposDocumento" resultClass="pe.gob.sunat.recurso2.humano.decljurada.bean.Parametro">
   	select trim(t01_argumento) as codParametro, t01_funcion[32,43] as desParametro from t01param where t01_numero = '396' and t01_tipo ='D' and  t01_argumento in ('01','04','07')
  </select> 
  
  <select id="listarNacionalidades" resultClass="pe.gob.sunat.recurso2.humano.decljurada.bean.Parametro">
   	select t01_argumento[1,4] as codParametro,t01_funcion[1,40] as desParametro from t01param where t01_numero = '394' and t01_tipo ='D'
  </select> 
  
  <select id="obtenerUbigeoReniec" resultClass="String">
  	select trim(t01_argumento) as ubigeo from t01param where t01_numero = '647' and trim(t01_funcion) = #ubigeoSunat#
  </select>
  
  <select id="obtenerUbigeoSunat" resultClass="String">
	select trim(t01_funcion) as ubigeo from t01param where t01_numero = '647' and trim(t01_argumento) = #ubigeoReniec#
  </select>
  
  <select id="listarPaisesEmisor" resultClass="pe.gob.sunat.recurso2.humano.decljurada.bean.Parametro">
    select trim(t01_argumento) as codParametro, t01_funcion[1,84] as desParametro from t01param where t01_numero = '716' and t01_tipo ='D'
  </select>  
  
   <select id="listarTiposVia" resultClass="pe.gob.sunat.recurso2.humano.decljurada.bean.Parametro">
  	 select trim(t01_argumento) as codParametro, t01_funcion[1,30] as desParametro from t01param where t01_numero = '058' and t01_tipo ='D'
  </select>
 
   <select id="listarTiposZona" resultClass="pe.gob.sunat.recurso2.humano.decljurada.bean.Parametro">
   	 select trim(t01_argumento) as codParametro, t01_funcion[1,30] as desParametro from t01param where t01_numero = '059' and t01_tipo ='D'
  </select>


</sqlMap>