<?xml version="1.0" encoding="UTF-8" ?>
<!DOCTYPE sqlMap PUBLIC "-//ibatis.apache.org//DTD SQL Map 2.0//EN" "http://ibatis.apache.org/dtd/sql-map-2.dtd" >
<sqlMap namespace="t01paramsp" >
  <resultMap id="BaseResultMap" class="pe.gob.sunat.recurso2.humano.decljurada.bean.Parametro" >
    <result column="codParametro" property="codParametro" jdbcType="VARCHAR" />
    <result column="desParametro" property="desParametro" jdbcType="VARCHAR" />
  </resultMap>
  
  <select id="listarParametros" resultMap="BaseResultMap" parameterClass="pe.gob.sunat.recurso2.humano.decljurada.bean.Parametro">
    select 
    	trim(t01_argumento) as codParametro,
    	trim(t01des_larga) as desParametro 
    from t01param where t01_numero=#codParametro# and t01_tipo='D' 
    order by t01_argumento;
  </select>
  
  <select id="obtenerDesUbigeoSunat" parameterClass="String" resultClass="String">
    select trim(t01des_larga) from t01param where t01_numero = '700' and t01_argumento = #codigo#
  </select> 
  
</sqlMap>