<?xml version="1.0" encoding="UTF-8" ?>
<!DOCTYPE sqlMap PUBLIC "-//ibatis.apache.org//DTD SQL Map 2.0//EN" "http://ibatis.apache.org/dtd/sql-map-2.dtd" >
<sqlMap namespace="t02fotos" >
  <resultMap id="BaseResultMap" class="pe.gob.sunat.recurso2.humano.decljurada.model.Foto" >
    <result column="t02cod_pers" property="t02codPers" jdbcType="CHAR" />
    <result column="t02f_graba" property="t02fGraba" jdbcType="TIMESTAMP" />
    <result column="t02cod_user" property="t02codUser" jdbcType="VARCHAR" />
  </resultMap>
  
  <resultMap id="ResultMapWithBLOBs" class="pe.gob.sunat.recurso2.humano.decljurada.model.Foto" extends="t02fotos.BaseResultMap" >
    <result column="t02foto" property="t02foto" jdbcType="LONGVARBINARY" />
  </resultMap>
  
  <sql id="Example_Where_Clause" >
    <iterate property="oredCriteria" conjunction="or" prepend="where" removeFirstPrepend="iterate" >
      <isEqual property="oredCriteria[].valid" compareValue="true" >
        (
        <iterate prepend="and" property="oredCriteria[].criteriaWithoutValue" conjunction="and" >
          $oredCriteria[].criteriaWithoutValue[]$
        </iterate>
        <iterate prepend="and" property="oredCriteria[].criteriaWithSingleValue" conjunction="and" >
          $oredCriteria[].criteriaWithSingleValue[].condition$
            #oredCriteria[].criteriaWithSingleValue[].value#
        </iterate>
        <iterate prepend="and" property="oredCriteria[].criteriaWithListValue" conjunction="and" >
          $oredCriteria[].criteriaWithListValue[].condition$
          <iterate property="oredCriteria[].criteriaWithListValue[].values" open="(" close=")" conjunction="," >
            #oredCriteria[].criteriaWithListValue[].values[]#
          </iterate>
        </iterate>
        <iterate prepend="and" property="oredCriteria[].criteriaWithBetweenValue" conjunction="and" >
          $oredCriteria[].criteriaWithBetweenValue[].condition$
          #oredCriteria[].criteriaWithBetweenValue[].values[0]# and
          #oredCriteria[].criteriaWithBetweenValue[].values[1]#
        </iterate>
        )
      </isEqual>
    </iterate>
  </sql>
  
  <select id="selectByExampleWithBLOBs" resultMap="ResultMapWithBLOBs" parameterClass="pe.gob.sunat.recurso2.humano.decljurada.model.FotoExample" >
    select t02cod_pers, t02f_graba, t02cod_user, t02foto
    from t02fotos
    <isParameterPresent >
      <include refid="t02fotos.Example_Where_Clause" />
      <isNotNull property="orderByClause" >
        order by $orderByClause$
      </isNotNull>
    </isParameterPresent>
  </select>
  
  <select id="selectByExample" resultMap="BaseResultMap" parameterClass="pe.gob.sunat.recurso2.humano.decljurada.model.FotoExample" >
    select t02cod_pers, t02f_graba, t02cod_user
    from t02fotos
    <isParameterPresent >
      <include refid="t02fotos.Example_Where_Clause" />
      <isNotNull property="orderByClause" >
        order by $orderByClause$
      </isNotNull>
    </isParameterPresent>
  </select>
  
  <select id="selectByPrimaryKey" resultMap="ResultMapWithBLOBs" parameterClass="pe.gob.sunat.recurso2.humano.decljurada.model.Foto" >
    select t02cod_pers, t02f_graba, t02cod_user, t02foto
    from t02fotos
    where t02cod_pers = #t02codPers:CHAR#
  </select>
  
  <delete id="deleteByPrimaryKey" parameterClass="pe.gob.sunat.recurso2.humano.decljurada.model.Foto" >
    delete from t02fotos
    where t02cod_pers = #t02codPers:CHAR#
  </delete>
  
  <delete id="deleteByExample" parameterClass="pe.gob.sunat.recurso2.humano.decljurada.model.FotoExample" >
    delete from t02fotos
    <include refid="t02fotos.Example_Where_Clause" />
  </delete>
  
  <insert id="insert" parameterClass="pe.gob.sunat.recurso2.humano.decljurada.model.Foto" >
    insert into t02fotos (t02cod_pers, t02f_graba, t02cod_user, t02foto)
    values (#t02codPers:CHAR#, #t02fGraba:TIMESTAMP#, #t02codUser:VARCHAR#, #t02foto:LONGVARBINARY#)
  </insert>
  
  <insert id="insertSelective" parameterClass="pe.gob.sunat.recurso2.humano.decljurada.model.Foto" >
    insert into t02fotos
    <dynamic prepend="(" >
      <isNotNull prepend="," property="t02codPers" >
        t02cod_pers
      </isNotNull>
      <isNotNull prepend="," property="t02fGraba" >
        t02f_graba
      </isNotNull>
      <isNotNull prepend="," property="t02codUser" >
        t02cod_user
      </isNotNull>
      <isNotNull prepend="," property="t02foto" >
        t02foto
      </isNotNull>
      )
    </dynamic>
    values
    <dynamic prepend="(" >
      <isNotNull prepend="," property="t02codPers" >
        #t02codPers:CHAR#
      </isNotNull>
      <isNotNull prepend="," property="t02fGraba" >
        #t02fGraba:TIMESTAMP#
      </isNotNull>
      <isNotNull prepend="," property="t02codUser" >
        #t02codUser:VARCHAR#
      </isNotNull>
      <isNotNull prepend="," property="t02foto" >
        #t02foto:LONGVARBINARY#
      </isNotNull>
      )
    </dynamic>
  </insert>
  
  <select id="countByExample" parameterClass="pe.gob.sunat.recurso2.humano.decljurada.model.FotoExample" resultClass="java.lang.Integer" >
    select count(*) from t02fotos
    <include refid="t02fotos.Example_Where_Clause" />
  </select>
  
  <update id="updateByExampleSelective" >
    update t02fotos
    <dynamic prepend="set" >
      <isNotNull prepend="," property="record.t02codPers" >
        t02cod_pers = #record.t02codPers:CHAR#
      </isNotNull>
      <isNotNull prepend="," property="record.t02fGraba" >
        t02f_graba = #record.t02fGraba:TIMESTAMP#
      </isNotNull>
      <isNotNull prepend="," property="record.t02codUser" >
        t02cod_user = #record.t02codUser:VARCHAR#
      </isNotNull>
      <isNotNull prepend="," property="record.t02foto" >
        t02foto = #record.t02foto:LONGVARBINARY#
      </isNotNull>
    </dynamic>
    <isParameterPresent >
      <include refid="t02fotos.Example_Where_Clause" />
    </isParameterPresent>
  </update>
  
  <update id="updateByExampleWithBLOBs" >
    update t02fotos
    set t02cod_pers = #record.t02codPers:CHAR#,
      t02f_graba = #record.t02fGraba:TIMESTAMP#,
      t02cod_user = #record.t02codUser:VARCHAR#,
      t02foto = #record.t02foto:LONGVARBINARY#
    <isParameterPresent >
      <include refid="t02fotos.Example_Where_Clause" />
    </isParameterPresent>
  </update>
  
  <update id="updateByExample" >
    update t02fotos
    set t02cod_pers = #record.t02codPers:CHAR#,
      t02f_graba = #record.t02fGraba:TIMESTAMP#,
      t02cod_user = #record.t02codUser:VARCHAR#
    <isParameterPresent >
      <include refid="t02fotos.Example_Where_Clause" />
    </isParameterPresent>
  </update>
  
  <update id="updateByPrimaryKeySelective" parameterClass="pe.gob.sunat.recurso2.humano.decljurada.model.Foto" >
    update t02fotos
    <dynamic prepend="set" >
      <isNotNull prepend="," property="t02fGraba" >
        t02f_graba = #t02fGraba:TIMESTAMP#
      </isNotNull>
      <isNotNull prepend="," property="t02codUser" >
        t02cod_user = #t02codUser:VARCHAR#
      </isNotNull>
      <isNotNull prepend="," property="t02foto" >
        t02foto = #t02foto:LONGVARBINARY#
      </isNotNull>
    </dynamic>
    where t02cod_pers = #t02codPers:CHAR#
  </update>
  
  <update id="updateByPrimaryKeyWithBLOBs" parameterClass="pe.gob.sunat.recurso2.humano.decljurada.model.Foto" >
    update t02fotos
    set t02f_graba = #t02fGraba:TIMESTAMP#,
      t02cod_user = #t02codUser:VARCHAR#,
      t02foto = #t02foto:LONGVARBINARY#
    where t02cod_pers = #t02codPers:CHAR#
  </update>
  
  <update id="updateByPrimaryKey" parameterClass="pe.gob.sunat.recurso2.humano.decljurada.model.Foto" >
    update t02fotos
    set t02f_graba = #t02fGraba:TIMESTAMP#,
      t02cod_user = #t02codUser:VARCHAR#
    where t02cod_pers = #t02codPers:CHAR#
  </update>
  
</sqlMap>