<?xml version="1.0" encoding="UTF-8" ?>
<!DOCTYPE sqlMap PUBLIC "-//ibatis.apache.org//DTD SQL Map 2.0//EN" "http://ibatis.apache.org/dtd/sql-map-2.dtd" >
<sqlMap namespace="t02perdp" >
  <resultMap id="BaseResultMap" class="pe.gob.sunat.recurso2.humano.decljurada.model.Persona" >
    <result column="t02cod_pers" property="t02codPers" jdbcType="CHAR" />
    <result column="t02cod_rel" property="t02codRel" jdbcType="CHAR" />
    <result column="t02ap_pate" property="t02apPate" jdbcType="CHAR" />
    <result column="t02ap_mate" property="t02apMate" jdbcType="CHAR" />
    <result column="t02nombres" property="t02nombres" jdbcType="CHAR" />
    <result column="t02cod_uorg" property="t02codUorg" jdbcType="CHAR" />
    <result column="t02cod_uorgl" property="t02codUorgl" jdbcType="CHAR" />
    <result column="t02cod_cate" property="t02codCate" jdbcType="CHAR" />
    <result column="t02cod_catel" property="t02codCatel" jdbcType="CHAR" />
    <result column="t02cod_carg" property="t02codCarg" jdbcType="CHAR" />
    <result column="t02f_ingsun" property="t02fIngsun" jdbcType="DATE" />
    <result column="t02f_cese" property="t02fCese" jdbcType="DATE" />
    <result column="t02cod_regl" property="t02codRegl" jdbcType="CHAR" />
    <result column="t02f_nacim" property="t02fNacim" jdbcType="DATE" />
    <result column="t02cod_ubip" property="t02codUbip" jdbcType="CHAR" />
    <result column="t02urban" property="t02urban" jdbcType="CHAR" />
    <result column="t02direccion" property="t02direccion" jdbcType="CHAR" />
    <result column="t02refer" property="t02refer" jdbcType="CHAR" />
    <result column="t02lib_elec" property="t02libElec" jdbcType="CHAR" />
    <result column="t02cod_turn" property="t02codTurn" jdbcType="CHAR" />
    <result column="t02tip_pers" property="t02tipPers" jdbcType="CHAR" />
    <result column="t02tip_perm" property="t02tipPerm" jdbcType="CHAR" />
    <result column="t02ctrl_asis" property="t02ctrlAsis" jdbcType="CHAR" />
    <result column="t02cod_stat" property="t02codStat" jdbcType="CHAR" />
    <result column="t02suel_bas" property="t02suelBas" jdbcType="DECIMAL" />
    <result column="t02cod_ante" property="t02codAnte" jdbcType="CHAR" />
    <result column="t02ind_aduana" property="t02indAduana" jdbcType="CHAR" />
    <result column="t02f_ing_ap" property="t02fIngAp" jdbcType="DATE" />
    <result column="t02f_ing_dg" property="t02fIngDg" jdbcType="DATE" />
    <result column="t02f_fallec" property="t02fFallec" jdbcType="DATE" />
    <result column="t02f_graba" property="t02fGraba" jdbcType="TIMESTAMP" />
    <result column="t02cod_user" property="t02codUser" jdbcType="CHAR" />
  </resultMap>
  
  <sql id="Example_Where_Clause" >
    <iterate property="oredCriteria" conjunction="or" prepend="where" removeFirstPrepend="iterate" >
      <isEqual property="oredCriteria[].valid" compareValue="true" >
        (
        <iterate prepend="and" property="oredCriteria[].criteriaWithoutValue" conjunction="and" >
          $oredCriteria[].criteriaWithoutValue[]$
        </iterate>
        <iterate prepend="and" property="oredCriteria[].criteriaWithSingleValue" conjunction="and" >
          $oredCriteria[].criteriaWithSingleValue[].condition$
            #oredCriteria[].criteriaWithSingleValue[].value#
        </iterate>
        <iterate prepend="and" property="oredCriteria[].criteriaWithListValue" conjunction="and" >
          $oredCriteria[].criteriaWithListValue[].condition$
          <iterate property="oredCriteria[].criteriaWithListValue[].values" open="(" close=")" conjunction="," >
            #oredCriteria[].criteriaWithListValue[].values[]#
          </iterate>
        </iterate>
        <iterate prepend="and" property="oredCriteria[].criteriaWithBetweenValue" conjunction="and" >
          $oredCriteria[].criteriaWithBetweenValue[].condition$
          #oredCriteria[].criteriaWithBetweenValue[].values[0]# and
          #oredCriteria[].criteriaWithBetweenValue[].values[1]#
        </iterate>
        )
      </isEqual>
    </iterate>
  </sql>
  
  <select id="selectByExample" resultMap="BaseResultMap" parameterClass="pe.gob.sunat.recurso2.humano.decljurada.model.PersonaExample" >
    select t02cod_pers, t02cod_rel, t02ap_pate, t02ap_mate, t02nombres, t02cod_uorg, t02cod_uorgl,
      t02cod_cate, t02cod_catel, t02cod_carg, t02f_ingsun, t02f_cese, t02cod_regl, t02f_nacim,
      t02cod_ubip, t02urban, t02direccion, t02refer, t02lib_elec, t02cod_turn, t02tip_pers,
      t02tip_perm, t02ctrl_asis, t02cod_stat, t02suel_bas, t02cod_ante, t02ind_aduana, t02f_ing_ap,
      t02f_ing_dg, t02f_fallec, t02f_graba, t02cod_user
    from t02perdp
    <isParameterPresent >
      <include refid="t02perdp.Example_Where_Clause" />
      <isNotNull property="orderByClause" >
        order by $orderByClause$
      </isNotNull>
    </isParameterPresent>
  </select>
  
  <select id="selectByPrimaryKey" resultMap="BaseResultMap" parameterClass="pe.gob.sunat.recurso2.humano.decljurada.model.Persona" >
    select t02cod_pers, t02cod_rel, t02ap_pate, t02ap_mate, t02nombres, t02cod_uorg, t02cod_uorgl,
      t02cod_cate, t02cod_catel, t02cod_carg, t02f_ingsun, t02f_cese, t02cod_regl, t02f_nacim,
      t02cod_ubip, t02urban, t02direccion, t02refer, t02lib_elec, t02cod_turn, t02tip_pers,
      t02tip_perm, t02ctrl_asis, t02cod_stat, t02suel_bas, t02cod_ante, t02ind_aduana, t02f_ing_ap,
      t02f_ing_dg, t02f_fallec, t02f_graba, t02cod_user
    from t02perdp
    where t02cod_pers = #t02codPers:CHAR#
  </select>
  
  <delete id="deleteByPrimaryKey" parameterClass="pe.gob.sunat.recurso2.humano.decljurada.model.Persona" >
    delete from t02perdp
    where t02cod_pers = #t02codPers:CHAR#
  </delete>
  
  <delete id="deleteByExample" parameterClass="pe.gob.sunat.recurso2.humano.decljurada.model.PersonaExample" >
    delete from t02perdp
    <include refid="t02perdp.Example_Where_Clause" />
  </delete>
  
  <insert id="insert" parameterClass="pe.gob.sunat.recurso2.humano.decljurada.model.Persona" >
    insert into t02perdp (t02cod_pers, t02cod_rel, t02ap_pate, t02ap_mate, t02nombres, t02cod_uorg,
      t02cod_uorgl, t02cod_cate, t02cod_catel, t02cod_carg, t02f_ingsun, t02f_cese, t02cod_regl,
      t02f_nacim, t02cod_ubip, t02urban, t02direccion, t02refer, t02lib_elec, t02cod_turn,
      t02tip_pers, t02tip_perm, t02ctrl_asis, t02cod_stat, t02suel_bas, t02cod_ante, t02ind_aduana,
      t02f_ing_ap, t02f_ing_dg, t02f_fallec, t02f_graba, t02cod_user)
    values (#t02codPers:CHAR#, #t02codRel:CHAR#, #t02apPate:CHAR#, #t02apMate:CHAR#,
      #t02nombres:CHAR#, #t02codUorg:CHAR#, #t02codUorgl:CHAR#, #t02codCate:CHAR#,
      #t02codCatel:CHAR#, #t02codCarg:CHAR#, #t02fIngsun:DATE#, #t02fCese:DATE#, #t02codRegl:CHAR#,
      #t02fNacim:DATE#, #t02codUbip:CHAR#, #t02urban:CHAR#, #t02direccion:CHAR#, #t02refer:CHAR#,
      #t02libElec:CHAR#, #t02codTurn:CHAR#, #t02tipPers:CHAR#, #t02tipPerm:CHAR#,
      #t02ctrlAsis:CHAR#, #t02codStat:CHAR#, #t02suelBas:DECIMAL#, #t02codAnte:CHAR#,
      #t02indAduana:CHAR#, #t02fIngAp:DATE#, #t02fIngDg:DATE#, #t02fFallec:DATE#,
      #t02fGraba:TIMESTAMP#, #t02codUser:CHAR#)
  </insert>
  
  <insert id="insertSelective" parameterClass="pe.gob.sunat.recurso2.humano.decljurada.model.Persona" >
    insert into t02perdp
    <dynamic prepend="(" >
      <isNotNull prepend="," property="t02codPers" >
        t02cod_pers
      </isNotNull>
      <isNotNull prepend="," property="t02codRel" >
        t02cod_rel
      </isNotNull>
      <isNotNull prepend="," property="t02apPate" >
        t02ap_pate
      </isNotNull>
      <isNotNull prepend="," property="t02apMate" >
        t02ap_mate
      </isNotNull>
      <isNotNull prepend="," property="t02nombres" >
        t02nombres
      </isNotNull>
      <isNotNull prepend="," property="t02codUorg" >
        t02cod_uorg
      </isNotNull>
      <isNotNull prepend="," property="t02codUorgl" >
        t02cod_uorgl
      </isNotNull>
      <isNotNull prepend="," property="t02codCate" >
        t02cod_cate
      </isNotNull>
      <isNotNull prepend="," property="t02codCatel" >
        t02cod_catel
      </isNotNull>
      <isNotNull prepend="," property="t02codCarg" >
        t02cod_carg
      </isNotNull>
      <isNotNull prepend="," property="t02fIngsun" >
        t02f_ingsun
      </isNotNull>
      <isNotNull prepend="," property="t02fCese" >
        t02f_cese
      </isNotNull>
      <isNotNull prepend="," property="t02codRegl" >
        t02cod_regl
      </isNotNull>
      <isNotNull prepend="," property="t02fNacim" >
        t02f_nacim
      </isNotNull>
      <isNotNull prepend="," property="t02codUbip" >
        t02cod_ubip
      </isNotNull>
      <isNotNull prepend="," property="t02urban" >
        t02urban
      </isNotNull>
      <isNotNull prepend="," property="t02direccion" >
        t02direccion
      </isNotNull>
      <isNotNull prepend="," property="t02refer" >
        t02refer
      </isNotNull>
      <isNotNull prepend="," property="t02libElec" >
        t02lib_elec
      </isNotNull>
      <isNotNull prepend="," property="t02codTurn" >
        t02cod_turn
      </isNotNull>
      <isNotNull prepend="," property="t02tipPers" >
        t02tip_pers
      </isNotNull>
      <isNotNull prepend="," property="t02tipPerm" >
        t02tip_perm
      </isNotNull>
      <isNotNull prepend="," property="t02ctrlAsis" >
        t02ctrl_asis
      </isNotNull>
      <isNotNull prepend="," property="t02codStat" >
        t02cod_stat
      </isNotNull>
      <isNotNull prepend="," property="t02suelBas" >
        t02suel_bas
      </isNotNull>
      <isNotNull prepend="," property="t02codAnte" >
        t02cod_ante
      </isNotNull>
      <isNotNull prepend="," property="t02indAduana" >
        t02ind_aduana
      </isNotNull>
      <isNotNull prepend="," property="t02fIngAp" >
        t02f_ing_ap
      </isNotNull>
      <isNotNull prepend="," property="t02fIngDg" >
        t02f_ing_dg
      </isNotNull>
      <isNotNull prepend="," property="t02fFallec" >
        t02f_fallec
      </isNotNull>
      <isNotNull prepend="," property="t02fGraba" >
        t02f_graba
      </isNotNull>
      <isNotNull prepend="," property="t02codUser" >
        t02cod_user
      </isNotNull>
      )
    </dynamic>
    values
    <dynamic prepend="(" >
      <isNotNull prepend="," property="t02codPers" >
        #t02codPers:CHAR#
      </isNotNull>
      <isNotNull prepend="," property="t02codRel" >
        #t02codRel:CHAR#
      </isNotNull>
      <isNotNull prepend="," property="t02apPate" >
        #t02apPate:CHAR#
      </isNotNull>
      <isNotNull prepend="," property="t02apMate" >
        #t02apMate:CHAR#
      </isNotNull>
      <isNotNull prepend="," property="t02nombres" >
        #t02nombres:CHAR#
      </isNotNull>
      <isNotNull prepend="," property="t02codUorg" >
        #t02codUorg:CHAR#
      </isNotNull>
      <isNotNull prepend="," property="t02codUorgl" >
        #t02codUorgl:CHAR#
      </isNotNull>
      <isNotNull prepend="," property="t02codCate" >
        #t02codCate:CHAR#
      </isNotNull>
      <isNotNull prepend="," property="t02codCatel" >
        #t02codCatel:CHAR#
      </isNotNull>
      <isNotNull prepend="," property="t02codCarg" >
        #t02codCarg:CHAR#
      </isNotNull>
      <isNotNull prepend="," property="t02fIngsun" >
        #t02fIngsun:DATE#
      </isNotNull>
      <isNotNull prepend="," property="t02fCese" >
        #t02fCese:DATE#
      </isNotNull>
      <isNotNull prepend="," property="t02codRegl" >
        #t02codRegl:CHAR#
      </isNotNull>
      <isNotNull prepend="," property="t02fNacim" >
        #t02fNacim:DATE#
      </isNotNull>
      <isNotNull prepend="," property="t02codUbip" >
        #t02codUbip:CHAR#
      </isNotNull>
      <isNotNull prepend="," property="t02urban" >
        #t02urban:CHAR#
      </isNotNull>
      <isNotNull prepend="," property="t02direccion" >
        #t02direccion:CHAR#
      </isNotNull>
      <isNotNull prepend="," property="t02refer" >
        #t02refer:CHAR#
      </isNotNull>
      <isNotNull prepend="," property="t02libElec" >
        #t02libElec:CHAR#
      </isNotNull>
      <isNotNull prepend="," property="t02codTurn" >
        #t02codTurn:CHAR#
      </isNotNull>
      <isNotNull prepend="," property="t02tipPers" >
        #t02tipPers:CHAR#
      </isNotNull>
      <isNotNull prepend="," property="t02tipPerm" >
        #t02tipPerm:CHAR#
      </isNotNull>
      <isNotNull prepend="," property="t02ctrlAsis" >
        #t02ctrlAsis:CHAR#
      </isNotNull>
      <isNotNull prepend="," property="t02codStat" >
        #t02codStat:CHAR#
      </isNotNull>
      <isNotNull prepend="," property="t02suelBas" >
        #t02suelBas:DECIMAL#
      </isNotNull>
      <isNotNull prepend="," property="t02codAnte" >
        #t02codAnte:CHAR#
      </isNotNull>
      <isNotNull prepend="," property="t02indAduana" >
        #t02indAduana:CHAR#
      </isNotNull>
      <isNotNull prepend="," property="t02fIngAp" >
        #t02fIngAp:DATE#
      </isNotNull>
      <isNotNull prepend="," property="t02fIngDg" >
        #t02fIngDg:DATE#
      </isNotNull>
      <isNotNull prepend="," property="t02fFallec" >
        #t02fFallec:DATE#
      </isNotNull>
      <isNotNull prepend="," property="t02fGraba" >
        #t02fGraba:TIMESTAMP#
      </isNotNull>
      <isNotNull prepend="," property="t02codUser" >
        #t02codUser:CHAR#
      </isNotNull>
      )
    </dynamic>
  </insert>
  
  <select id="countByExample" parameterClass="pe.gob.sunat.recurso2.humano.decljurada.model.PersonaExample" resultClass="java.lang.Integer" >
    select count(*) from t02perdp
    <include refid="t02perdp.Example_Where_Clause" />
  </select>
  
  <update id="updateByExampleSelective" >
    update t02perdp
    <dynamic prepend="set" >
      <isNotNull prepend="," property="record.t02codPers" >
        t02cod_pers = #record.t02codPers:CHAR#
      </isNotNull>
      <isNotNull prepend="," property="record.t02codRel" >
        t02cod_rel = #record.t02codRel:CHAR#
      </isNotNull>
      <isNotNull prepend="," property="record.t02apPate" >
        t02ap_pate = #record.t02apPate:CHAR#
      </isNotNull>
      <isNotNull prepend="," property="record.t02apMate" >
        t02ap_mate = #record.t02apMate:CHAR#
      </isNotNull>
      <isNotNull prepend="," property="record.t02nombres" >
        t02nombres = #record.t02nombres:CHAR#
      </isNotNull>
      <isNotNull prepend="," property="record.t02codUorg" >
        t02cod_uorg = #record.t02codUorg:CHAR#
      </isNotNull>
      <isNotNull prepend="," property="record.t02codUorgl" >
        t02cod_uorgl = #record.t02codUorgl:CHAR#
      </isNotNull>
      <isNotNull prepend="," property="record.t02codCate" >
        t02cod_cate = #record.t02codCate:CHAR#
      </isNotNull>
      <isNotNull prepend="," property="record.t02codCatel" >
        t02cod_catel = #record.t02codCatel:CHAR#
      </isNotNull>
      <isNotNull prepend="," property="record.t02codCarg" >
        t02cod_carg = #record.t02codCarg:CHAR#
      </isNotNull>
      <isNotNull prepend="," property="record.t02fIngsun" >
        t02f_ingsun = #record.t02fIngsun:DATE#
      </isNotNull>
      <isNotNull prepend="," property="record.t02fCese" >
        t02f_cese = #record.t02fCese:DATE#
      </isNotNull>
      <isNotNull prepend="," property="record.t02codRegl" >
        t02cod_regl = #record.t02codRegl:CHAR#
      </isNotNull>
      <isNotNull prepend="," property="record.t02fNacim" >
        t02f_nacim = #record.t02fNacim:DATE#
      </isNotNull>
      <isNotNull prepend="," property="record.t02codUbip" >
        t02cod_ubip = #record.t02codUbip:CHAR#
      </isNotNull>
      <isNotNull prepend="," property="record.t02urban" >
        t02urban = #record.t02urban:CHAR#
      </isNotNull>
      <isNotNull prepend="," property="record.t02direccion" >
        t02direccion = #record.t02direccion:CHAR#
      </isNotNull>
      <isNotNull prepend="," property="record.t02refer" >
        t02refer = #record.t02refer:CHAR#
      </isNotNull>
      <isNotNull prepend="," property="record.t02libElec" >
        t02lib_elec = #record.t02libElec:CHAR#
      </isNotNull>
      <isNotNull prepend="," property="record.t02codTurn" >
        t02cod_turn = #record.t02codTurn:CHAR#
      </isNotNull>
      <isNotNull prepend="," property="record.t02tipPers" >
        t02tip_pers = #record.t02tipPers:CHAR#
      </isNotNull>
      <isNotNull prepend="," property="record.t02tipPerm" >
        t02tip_perm = #record.t02tipPerm:CHAR#
      </isNotNull>
      <isNotNull prepend="," property="record.t02ctrlAsis" >
        t02ctrl_asis = #record.t02ctrlAsis:CHAR#
      </isNotNull>
      <isNotNull prepend="," property="record.t02codStat" >
        t02cod_stat = #record.t02codStat:CHAR#
      </isNotNull>
      <isNotNull prepend="," property="record.t02suelBas" >
        t02suel_bas = #record.t02suelBas:DECIMAL#
      </isNotNull>
      <isNotNull prepend="," property="record.t02codAnte" >
        t02cod_ante = #record.t02codAnte:CHAR#
      </isNotNull>
      <isNotNull prepend="," property="record.t02indAduana" >
        t02ind_aduana = #record.t02indAduana:CHAR#
      </isNotNull>
      <isNotNull prepend="," property="record.t02fIngAp" >
        t02f_ing_ap = #record.t02fIngAp:DATE#
      </isNotNull>
      <isNotNull prepend="," property="record.t02fIngDg" >
        t02f_ing_dg = #record.t02fIngDg:DATE#
      </isNotNull>
      <isNotNull prepend="," property="record.t02fFallec" >
        t02f_fallec = #record.t02fFallec:DATE#
      </isNotNull>
      <isNotNull prepend="," property="record.t02fGraba" >
        t02f_graba = #record.t02fGraba:TIMESTAMP#
      </isNotNull>
      <isNotNull prepend="," property="record.t02codUser" >
        t02cod_user = #record.t02codUser:CHAR#
      </isNotNull>
    </dynamic>
    <isParameterPresent >
      <include refid="t02perdp.Example_Where_Clause" />
    </isParameterPresent>
  </update>
  
  <update id="updateByExample" >
    update t02perdp
    set t02cod_pers = #record.t02codPers:CHAR#,
      t02cod_rel = #record.t02codRel:CHAR#,
      t02ap_pate = #record.t02apPate:CHAR#,
      t02ap_mate = #record.t02apMate:CHAR#,
      t02nombres = #record.t02nombres:CHAR#,
      t02cod_uorg = #record.t02codUorg:CHAR#,
      t02cod_uorgl = #record.t02codUorgl:CHAR#,
      t02cod_cate = #record.t02codCate:CHAR#,
      t02cod_catel = #record.t02codCatel:CHAR#,
      t02cod_carg = #record.t02codCarg:CHAR#,
      t02f_ingsun = #record.t02fIngsun:DATE#,
      t02f_cese = #record.t02fCese:DATE#,
      t02cod_regl = #record.t02codRegl:CHAR#,
      t02f_nacim = #record.t02fNacim:DATE#,
      t02cod_ubip = #record.t02codUbip:CHAR#,
      t02urban = #record.t02urban:CHAR#,
      t02direccion = #record.t02direccion:CHAR#,
      t02refer = #record.t02refer:CHAR#,
      t02lib_elec = #record.t02libElec:CHAR#,
      t02cod_turn = #record.t02codTurn:CHAR#,
      t02tip_pers = #record.t02tipPers:CHAR#,
      t02tip_perm = #record.t02tipPerm:CHAR#,
      t02ctrl_asis = #record.t02ctrlAsis:CHAR#,
      t02cod_stat = #record.t02codStat:CHAR#,
      t02suel_bas = #record.t02suelBas:DECIMAL#,
      t02cod_ante = #record.t02codAnte:CHAR#,
      t02ind_aduana = #record.t02indAduana:CHAR#,
      t02f_ing_ap = #record.t02fIngAp:DATE#,
      t02f_ing_dg = #record.t02fIngDg:DATE#,
      t02f_fallec = #record.t02fFallec:DATE#,
      t02f_graba = #record.t02fGraba:TIMESTAMP#,
      t02cod_user = #record.t02codUser:CHAR#
    <isParameterPresent >
      <include refid="t02perdp.Example_Where_Clause" />
    </isParameterPresent>
  </update>
  
  <update id="updateByPrimaryKeySelective" parameterClass="pe.gob.sunat.recurso2.humano.decljurada.model.Persona" >
    update t02perdp
    <dynamic prepend="set" >
      <isNotNull prepend="," property="t02codRel" >
        t02cod_rel = #t02codRel:CHAR#
      </isNotNull>
      <isNotNull prepend="," property="t02apPate" >
        t02ap_pate = #t02apPate:CHAR#
      </isNotNull>
      <isNotNull prepend="," property="t02apMate" >
        t02ap_mate = #t02apMate:CHAR#
      </isNotNull>
      <isNotNull prepend="," property="t02nombres" >
        t02nombres = #t02nombres:CHAR#
      </isNotNull>
      <isNotNull prepend="," property="t02codUorg" >
        t02cod_uorg = #t02codUorg:CHAR#
      </isNotNull>
      <isNotNull prepend="," property="t02codUorgl" >
        t02cod_uorgl = #t02codUorgl:CHAR#
      </isNotNull>
      <isNotNull prepend="," property="t02codCate" >
        t02cod_cate = #t02codCate:CHAR#
      </isNotNull>
      <isNotNull prepend="," property="t02codCatel" >
        t02cod_catel = #t02codCatel:CHAR#
      </isNotNull>
      <isNotNull prepend="," property="t02codCarg" >
        t02cod_carg = #t02codCarg:CHAR#
      </isNotNull>
      <isNotNull prepend="," property="t02fIngsun" >
        t02f_ingsun = #t02fIngsun:DATE#
      </isNotNull>
      <isNotNull prepend="," property="t02fCese" >
        t02f_cese = #t02fCese:DATE#
      </isNotNull>
      <isNotNull prepend="," property="t02codRegl" >
        t02cod_regl = #t02codRegl:CHAR#
      </isNotNull>
      <isNotNull prepend="," property="t02fNacim" >
        t02f_nacim = #t02fNacim:DATE#
      </isNotNull>
      <isNotNull prepend="," property="t02codUbip" >
        t02cod_ubip = #t02codUbip:CHAR#
      </isNotNull>
      <isNotNull prepend="," property="t02urban" >
        t02urban = #t02urban:CHAR#
      </isNotNull>
      <isNotNull prepend="," property="t02direccion" >
        t02direccion = #t02direccion:CHAR#
      </isNotNull>
      <isNotNull prepend="," property="t02refer" >
        t02refer = #t02refer:CHAR#
      </isNotNull>
      <isNotNull prepend="," property="t02libElec" >
        t02lib_elec = #t02libElec:CHAR#
      </isNotNull>
      <isNotNull prepend="," property="t02codTurn" >
        t02cod_turn = #t02codTurn:CHAR#
      </isNotNull>
      <isNotNull prepend="," property="t02tipPers" >
        t02tip_pers = #t02tipPers:CHAR#
      </isNotNull>
      <isNotNull prepend="," property="t02tipPerm" >
        t02tip_perm = #t02tipPerm:CHAR#
      </isNotNull>
      <isNotNull prepend="," property="t02ctrlAsis" >
        t02ctrl_asis = #t02ctrlAsis:CHAR#
      </isNotNull>
      <isNotNull prepend="," property="t02codStat" >
        t02cod_stat = #t02codStat:CHAR#
      </isNotNull>
      <isNotNull prepend="," property="t02suelBas" >
        t02suel_bas = #t02suelBas:DECIMAL#
      </isNotNull>
      <isNotNull prepend="," property="t02codAnte" >
        t02cod_ante = #t02codAnte:CHAR#
      </isNotNull>
      <isNotNull prepend="," property="t02indAduana" >
        t02ind_aduana = #t02indAduana:CHAR#
      </isNotNull>
      <isNotNull prepend="," property="t02fIngAp" >
        t02f_ing_ap = #t02fIngAp:DATE#
      </isNotNull>
      <isNotNull prepend="," property="t02fIngDg" >
        t02f_ing_dg = #t02fIngDg:DATE#
      </isNotNull>
      <isNotNull prepend="," property="t02fFallec" >
        t02f_fallec = #t02fFallec:DATE#
      </isNotNull>
      <isNotNull prepend="," property="t02fGraba" >
        t02f_graba = #t02fGraba:TIMESTAMP#
      </isNotNull>
      <isNotNull prepend="," property="t02codUser" >
        t02cod_user = #t02codUser:CHAR#
      </isNotNull>
    </dynamic>
    where t02cod_pers = #t02codPers:CHAR#
  </update>
  
  <update id="updateByPrimaryKey" parameterClass="pe.gob.sunat.recurso2.humano.decljurada.model.Persona" >
    update t02perdp
    set t02cod_rel = #t02codRel:CHAR#,
      t02ap_pate = #t02apPate:CHAR#,
      t02ap_mate = #t02apMate:CHAR#,
      t02nombres = #t02nombres:CHAR#,
      t02cod_uorg = #t02codUorg:CHAR#,
      t02cod_uorgl = #t02codUorgl:CHAR#,
      t02cod_cate = #t02codCate:CHAR#,
      t02cod_catel = #t02codCatel:CHAR#,
      t02cod_carg = #t02codCarg:CHAR#,
      t02f_ingsun = #t02fIngsun:DATE#,
      t02f_cese = #t02fCese:DATE#,
      t02cod_regl = #t02codRegl:CHAR#,
      t02f_nacim = #t02fNacim:DATE#,
      t02cod_ubip = #t02codUbip:CHAR#,
      t02urban = #t02urban:CHAR#,
      t02direccion = #t02direccion:CHAR#,
      t02refer = #t02refer:CHAR#,
      t02lib_elec = #t02libElec:CHAR#,
      t02cod_turn = #t02codTurn:CHAR#,
      t02tip_pers = #t02tipPers:CHAR#,
      t02tip_perm = #t02tipPerm:CHAR#,
      t02ctrl_asis = #t02ctrlAsis:CHAR#,
      t02cod_stat = #t02codStat:CHAR#,
      t02suel_bas = #t02suelBas:DECIMAL#,
      t02cod_ante = #t02codAnte:CHAR#,
      t02ind_aduana = #t02indAduana:CHAR#,
      t02f_ing_ap = #t02fIngAp:DATE#,
      t02f_ing_dg = #t02fIngDg:DATE#,
      t02f_fallec = #t02fFallec:DATE#,
      t02f_graba = #t02fGraba:TIMESTAMP#,
      t02cod_user = #t02codUser:CHAR#
    where t02cod_pers = #t02codPers:CHAR#
  </update>
  
</sqlMap>