<?xml version="1.0" encoding="UTF-8" ?>
<!DOCTYPE sqlMap PUBLIC "-//ibatis.apache.org//DTD SQL Map 2.0//EN" "http://ibatis.apache.org/dtd/sql-map-2.dtd" >
<sqlMap namespace="t03perds" >
  <resultMap id="BaseResultMap" class="pe.gob.sunat.recurso2.humano.decljurada.model.PersonaDatoSec" >
    <result column="t03cod_pers" property="t03codPers" jdbcType="CHAR" />
    <result column="t03grp_sang" property="t03grpSang" jdbcType="CHAR" />
    <result column="t03sexo" property="t03sexo" jdbcType="CHAR" />
    <result column="t03cod_ubin" property="t03codUbin" jdbcType="CHAR" />
    <result column="t03est_civ" property="t03estCiv" jdbcType="CHAR" />
    <result column="t03pamf" property="t03pamf" jdbcType="CHAR" />
    <result column="t03n_fotoch" property="t03nFotoch" jdbcType="SMALLINT" />
    <result column="t03observa" property="t03observa" jdbcType="VARCHAR" />
    <result column="t03correo" property="t03correo" jdbcType="CHAR" />
    <result column="t03f_graba" property="t03fGraba" jdbcType="TIMESTAMP" />
    <result column="t03cod_user" property="t03codUser" jdbcType="CHAR" />
  </resultMap>
  
  <sql id="Example_Where_Clause" >
    <iterate property="oredCriteria" conjunction="or" prepend="where" removeFirstPrepend="iterate" >
      <isEqual property="oredCriteria[].valid" compareValue="true" >
        (
        <iterate prepend="and" property="oredCriteria[].criteriaWithoutValue" conjunction="and" >
          $oredCriteria[].criteriaWithoutValue[]$
        </iterate>
        <iterate prepend="and" property="oredCriteria[].criteriaWithSingleValue" conjunction="and" >
          $oredCriteria[].criteriaWithSingleValue[].condition$
            #oredCriteria[].criteriaWithSingleValue[].value#
        </iterate>
        <iterate prepend="and" property="oredCriteria[].criteriaWithListValue" conjunction="and" >
          $oredCriteria[].criteriaWithListValue[].condition$
          <iterate property="oredCriteria[].criteriaWithListValue[].values" open="(" close=")" conjunction="," >
            #oredCriteria[].criteriaWithListValue[].values[]#
          </iterate>
        </iterate>
        <iterate prepend="and" property="oredCriteria[].criteriaWithBetweenValue" conjunction="and" >
          $oredCriteria[].criteriaWithBetweenValue[].condition$
          #oredCriteria[].criteriaWithBetweenValue[].values[0]# and
          #oredCriteria[].criteriaWithBetweenValue[].values[1]#
        </iterate>
        )
      </isEqual>
    </iterate>
  </sql>
  
  <select id="selectByExample" resultMap="BaseResultMap" parameterClass="pe.gob.sunat.recurso2.humano.decljurada.model.PersonaDatoSecExample" >
    select t03cod_pers, t03grp_sang, t03sexo, t03cod_ubin, t03est_civ, t03pamf, t03n_fotoch,
      t03observa, t03correo, t03f_graba, t03cod_user
    from t03perds
    <isParameterPresent >
      <include refid="t03perds.Example_Where_Clause" />
      <isNotNull property="orderByClause" >
        order by $orderByClause$
      </isNotNull>
    </isParameterPresent>
  </select>
  
  <delete id="deleteByExample" parameterClass="pe.gob.sunat.recurso2.humano.decljurada.model.PersonaDatoSecExample" >
    delete from t03perds
    <include refid="t03perds.Example_Where_Clause" />
  </delete>
  
  <insert id="insert" parameterClass="pe.gob.sunat.recurso2.humano.decljurada.model.PersonaDatoSec" >
    insert into t03perds (t03cod_pers, t03grp_sang, t03sexo, t03cod_ubin, t03est_civ, t03pamf,
      t03n_fotoch, t03observa, t03correo, t03f_graba, t03cod_user)
    values (#t03codPers:CHAR#, #t03grpSang:CHAR#, #t03sexo:CHAR#, #t03codUbin:CHAR#,
      #t03estCiv:CHAR#, #t03pamf:CHAR#, #t03nFotoch:SMALLINT#, #t03observa:VARCHAR#,
      #t03correo:CHAR#, #t03fGraba:TIMESTAMP#, #t03codUser:CHAR#)
  </insert>
  
  <insert id="insertSelective" parameterClass="pe.gob.sunat.recurso2.humano.decljurada.model.PersonaDatoSec" >
    insert into t03perds
    <dynamic prepend="(" >
      <isNotNull prepend="," property="t03codPers" >
        t03cod_pers
      </isNotNull>
      <isNotNull prepend="," property="t03grpSang" >
        t03grp_sang
      </isNotNull>
      <isNotNull prepend="," property="t03sexo" >
        t03sexo
      </isNotNull>
      <isNotNull prepend="," property="t03codUbin" >
        t03cod_ubin
      </isNotNull>
      <isNotNull prepend="," property="t03estCiv" >
        t03est_civ
      </isNotNull>
      <isNotNull prepend="," property="t03pamf" >
        t03pamf
      </isNotNull>
      <isNotNull prepend="," property="t03nFotoch" >
        t03n_fotoch
      </isNotNull>
      <isNotNull prepend="," property="t03observa" >
        t03observa
      </isNotNull>
      <isNotNull prepend="," property="t03correo" >
        t03correo
      </isNotNull>
      <isNotNull prepend="," property="t03fGraba" >
        t03f_graba
      </isNotNull>
      <isNotNull prepend="," property="t03codUser" >
        t03cod_user
      </isNotNull>
      )
    </dynamic>
    values
    <dynamic prepend="(" >
      <isNotNull prepend="," property="t03codPers" >
        #t03codPers:CHAR#
      </isNotNull>
      <isNotNull prepend="," property="t03grpSang" >
        #t03grpSang:CHAR#
      </isNotNull>
      <isNotNull prepend="," property="t03sexo" >
        #t03sexo:CHAR#
      </isNotNull>
      <isNotNull prepend="," property="t03codUbin" >
        #t03codUbin:CHAR#
      </isNotNull>
      <isNotNull prepend="," property="t03estCiv" >
        #t03estCiv:CHAR#
      </isNotNull>
      <isNotNull prepend="," property="t03pamf" >
        #t03pamf:CHAR#
      </isNotNull>
      <isNotNull prepend="," property="t03nFotoch" >
        #t03nFotoch:SMALLINT#
      </isNotNull>
      <isNotNull prepend="," property="t03observa" >
        #t03observa:VARCHAR#
      </isNotNull>
      <isNotNull prepend="," property="t03correo" >
        #t03correo:CHAR#
      </isNotNull>
      <isNotNull prepend="," property="t03fGraba" >
        #t03fGraba:TIMESTAMP#
      </isNotNull>
      <isNotNull prepend="," property="t03codUser" >
        #t03codUser:CHAR#
      </isNotNull>
      )
    </dynamic>
  </insert>
  
  <select id="countByExample" parameterClass="pe.gob.sunat.recurso2.humano.decljurada.model.PersonaDatoSecExample" resultClass="java.lang.Integer" >
    select count(*) from t03perds
    <include refid="t03perds.Example_Where_Clause" />
  </select>
  
  <update id="updateByExampleSelective" >
    update t03perds
    <dynamic prepend="set" >
      <isNotNull prepend="," property="record.t03codPers" >
        t03cod_pers = #record.t03codPers:CHAR#
      </isNotNull>
      <isNotNull prepend="," property="record.t03grpSang" >
        t03grp_sang = #record.t03grpSang:CHAR#
      </isNotNull>
      <isNotNull prepend="," property="record.t03sexo" >
        t03sexo = #record.t03sexo:CHAR#
      </isNotNull>
      <isNotNull prepend="," property="record.t03codUbin" >
        t03cod_ubin = #record.t03codUbin:CHAR#
      </isNotNull>
      <isNotNull prepend="," property="record.t03estCiv" >
        t03est_civ = #record.t03estCiv:CHAR#
      </isNotNull>
      <isNotNull prepend="," property="record.t03pamf" >
        t03pamf = #record.t03pamf:CHAR#
      </isNotNull>
      <isNotNull prepend="," property="record.t03nFotoch" >
        t03n_fotoch = #record.t03nFotoch:SMALLINT#
      </isNotNull>
      <isNotNull prepend="," property="record.t03observa" >
        t03observa = #record.t03observa:VARCHAR#
      </isNotNull>
      <isNotNull prepend="," property="record.t03correo" >
        t03correo = #record.t03correo:CHAR#
      </isNotNull>
      <isNotNull prepend="," property="record.t03fGraba" >
        t03f_graba = #record.t03fGraba:TIMESTAMP#
      </isNotNull>
      <isNotNull prepend="," property="record.t03codUser" >
        t03cod_user = #record.t03codUser:CHAR#
      </isNotNull>
    </dynamic>
    <isParameterPresent >
      <include refid="t03perds.Example_Where_Clause" />
    </isParameterPresent>
  </update>
  
  <update id="updateByExample" >
    update t03perds
    set t03cod_pers = #record.t03codPers:CHAR#,
      t03grp_sang = #record.t03grpSang:CHAR#,
      t03sexo = #record.t03sexo:CHAR#,
      t03cod_ubin = #record.t03codUbin:CHAR#,
      t03est_civ = #record.t03estCiv:CHAR#,
      t03pamf = #record.t03pamf:CHAR#,
      t03n_fotoch = #record.t03nFotoch:SMALLINT#,
      t03observa = #record.t03observa:VARCHAR#,
      t03correo = #record.t03correo:CHAR#,
      t03f_graba = #record.t03fGraba:TIMESTAMP#,
      t03cod_user = #record.t03codUser:CHAR#
    <isParameterPresent >
      <include refid="t03perds.Example_Where_Clause" />
    </isParameterPresent>
  </update>
  
</sqlMap>