<?xml version="1.0" encoding="UTF-8" ?>
<!DOCTYPE sqlMap PUBLIC "-//ibatis.apache.org//DTD SQL Map 2.0//EN" "http://ibatis.apache.org/dtd/sql-map-2.dtd" >
<sqlMap namespace="t09famil" >
  <resultMap id="BaseResultMap" class="pe.gob.sunat.recurso2.humano.decljurada.model.Familiar" >
    <result column="t09cod_pers" property="t09codPers" jdbcType="CHAR" />
    <result column="t09cod_fami" property="t09codFami" jdbcType="CHAR" />
    <result column="t09correl" property="t09correl" jdbcType="CHAR" />
    <result column="t09ap_pfami" property="t09apPfami" jdbcType="CHAR" />
    <result column="t09ap_mfami" property="t09apMfami" jdbcType="CHAR" />
    <result column="t09nomb_fa" property="t09nombFa" jdbcType="CHAR" />
    <result column="t09cod_dcto" property="t09codDcto" jdbcType="CHAR" />
    <result column="t09nro_dcto" property="t09nroDcto" jdbcType="CHAR" />
    <result column="t09estado" property="t09estado" jdbcType="CHAR" />
    <result column="t09f_nacfa" property="t09fNacfa" jdbcType="DATE" />
    <result column="t09f_matri" property="t09fMatri" jdbcType="DATE" />
    <result column="t09trab_fami" property="t09trabFami" jdbcType="CHAR" />
    <result column="t09telf_fami" property="t09telfFami" jdbcType="CHAR" />
    <result column="t09pamf" property="t09pamf" jdbcType="CHAR" />
    <result column="t09en_sunat" property="t09enSunat" jdbcType="CHAR" />
    <result column="t09cod_persf" property="t09codPersf" jdbcType="CHAR" />
    <result column="t09direccion" property="t09direccion" jdbcType="VARCHAR" />
    <result column="t09refer" property="t09refer" jdbcType="VARCHAR" />
    <result column="t09f_graba" property="t09fGraba" jdbcType="TIMESTAMP" />
    <result column="t09cod_user" property="t09codUser" jdbcType="CHAR" />
    <result column="t09ind_del" property="t09indDel" jdbcType="CHAR" />
  </resultMap>
  
  <sql id="Example_Where_Clause" >
    <iterate property="oredCriteria" conjunction="or" prepend="where" removeFirstPrepend="iterate" >
      <isEqual property="oredCriteria[].valid" compareValue="true" >
        (
        <iterate prepend="and" property="oredCriteria[].criteriaWithoutValue" conjunction="and" >
          $oredCriteria[].criteriaWithoutValue[]$
        </iterate>
        <iterate prepend="and" property="oredCriteria[].criteriaWithSingleValue" conjunction="and" >
          $oredCriteria[].criteriaWithSingleValue[].condition$
            #oredCriteria[].criteriaWithSingleValue[].value#
        </iterate>
        <iterate prepend="and" property="oredCriteria[].criteriaWithListValue" conjunction="and" >
          $oredCriteria[].criteriaWithListValue[].condition$
          <iterate property="oredCriteria[].criteriaWithListValue[].values" open="(" close=")" conjunction="," >
            #oredCriteria[].criteriaWithListValue[].values[]#
          </iterate>
        </iterate>
        <iterate prepend="and" property="oredCriteria[].criteriaWithBetweenValue" conjunction="and" >
          $oredCriteria[].criteriaWithBetweenValue[].condition$
          #oredCriteria[].criteriaWithBetweenValue[].values[0]# and
          #oredCriteria[].criteriaWithBetweenValue[].values[1]#
        </iterate>
        )
      </isEqual>
    </iterate>
  </sql>
  
  <select id="selectByExample" resultMap="BaseResultMap" parameterClass="pe.gob.sunat.recurso2.humano.decljurada.model.FamiliarExample" >
    select t09cod_pers, t09cod_fami, t09correl, t09ap_pfami, t09ap_mfami, t09nomb_fa, t09cod_dcto,
      t09nro_dcto, t09estado, t09f_nacfa, t09f_matri, t09trab_fami, t09telf_fami, t09pamf,
      t09en_sunat, t09cod_persf, t09direccion, t09refer, t09f_graba, t09cod_user, t09ind_del
    from t09famil
    <isParameterPresent >
      <include refid="t09famil.Example_Where_Clause" />
      <isNotNull property="orderByClause" >
        order by $orderByClause$
      </isNotNull>
    </isParameterPresent>
  </select>
  
  <delete id="deleteByExample" parameterClass="pe.gob.sunat.recurso2.humano.decljurada.model.FamiliarExample" >
    delete from t09famil
    <include refid="t09famil.Example_Where_Clause" />
  </delete>
  
  <insert id="insert" parameterClass="pe.gob.sunat.recurso2.humano.decljurada.model.Familiar" >
    insert into t09famil (t09cod_pers, t09cod_fami, t09correl, t09ap_pfami, t09ap_mfami, t09nomb_fa,
      t09cod_dcto, t09nro_dcto, t09estado, t09f_nacfa, t09f_matri, t09trab_fami, t09telf_fami,
      t09pamf, t09en_sunat, t09cod_persf, t09direccion, t09refer, t09f_graba, t09cod_user,
      t09ind_del)
    values (#t09codPers:CHAR#, #t09codFami:CHAR#, #t09correl:CHAR#, #t09apPfami:CHAR#,
      #t09apMfami:CHAR#, #t09nombFa:CHAR#, #t09codDcto:CHAR#, #t09nroDcto:CHAR#, #t09estado:CHAR#,
      #t09fNacfa:DATE#, #t09fMatri:DATE#, #t09trabFami:CHAR#, #t09telfFami:CHAR#, #t09pamf:CHAR#,
      #t09enSunat:CHAR#, #t09codPersf:CHAR#, #t09direccion:VARCHAR#, #t09refer:VARCHAR#,
      #t09fGraba:TIMESTAMP#, #t09codUser:CHAR#, #t09indDel:CHAR#)
  </insert>
  
  <insert id="insertSelective" parameterClass="pe.gob.sunat.recurso2.humano.decljurada.model.Familiar" >
    insert into t09famil
    <dynamic prepend="(" >
      <isNotNull prepend="," property="t09codPers" >
        t09cod_pers
      </isNotNull>
      <isNotNull prepend="," property="t09codFami" >
        t09cod_fami
      </isNotNull>
      <isNotNull prepend="," property="t09correl" >
        t09correl
      </isNotNull>
      <isNotNull prepend="," property="t09apPfami" >
        t09ap_pfami
      </isNotNull>
      <isNotNull prepend="," property="t09apMfami" >
        t09ap_mfami
      </isNotNull>
      <isNotNull prepend="," property="t09nombFa" >
        t09nomb_fa
      </isNotNull>
      <isNotNull prepend="," property="t09codDcto" >
        t09cod_dcto
      </isNotNull>
      <isNotNull prepend="," property="t09nroDcto" >
        t09nro_dcto
      </isNotNull>
      <isNotNull prepend="," property="t09estado" >
        t09estado
      </isNotNull>
      <isNotNull prepend="," property="t09fNacfa" >
        t09f_nacfa
      </isNotNull>
      <isNotNull prepend="," property="t09fMatri" >
        t09f_matri
      </isNotNull>
      <isNotNull prepend="," property="t09trabFami" >
        t09trab_fami
      </isNotNull>
      <isNotNull prepend="," property="t09telfFami" >
        t09telf_fami
      </isNotNull>
      <isNotNull prepend="," property="t09pamf" >
        t09pamf
      </isNotNull>
      <isNotNull prepend="," property="t09enSunat" >
        t09en_sunat
      </isNotNull>
      <isNotNull prepend="," property="t09codPersf" >
        t09cod_persf
      </isNotNull>
      <isNotNull prepend="," property="t09direccion" >
        t09direccion
      </isNotNull>
      <isNotNull prepend="," property="t09refer" >
        t09refer
      </isNotNull>
      <isNotNull prepend="," property="t09fGraba" >
        t09f_graba
      </isNotNull>
      <isNotNull prepend="," property="t09codUser" >
        t09cod_user
      </isNotNull>
      <isNotNull prepend="," property="t09indDel" >
        t09ind_del
      </isNotNull>
      )
    </dynamic>
    values
    <dynamic prepend="(" >
      <isNotNull prepend="," property="t09codPers" >
        #t09codPers:CHAR#
      </isNotNull>
      <isNotNull prepend="," property="t09codFami" >
        #t09codFami:CHAR#
      </isNotNull>
      <isNotNull prepend="," property="t09correl" >
        #t09correl:CHAR#
      </isNotNull>
      <isNotNull prepend="," property="t09apPfami" >
        #t09apPfami:CHAR#
      </isNotNull>
      <isNotNull prepend="," property="t09apMfami" >
        #t09apMfami:CHAR#
      </isNotNull>
      <isNotNull prepend="," property="t09nombFa" >
        #t09nombFa:CHAR#
      </isNotNull>
      <isNotNull prepend="," property="t09codDcto" >
        #t09codDcto:CHAR#
      </isNotNull>
      <isNotNull prepend="," property="t09nroDcto" >
        #t09nroDcto:CHAR#
      </isNotNull>
      <isNotNull prepend="," property="t09estado" >
        #t09estado:CHAR#
      </isNotNull>
      <isNotNull prepend="," property="t09fNacfa" >
        #t09fNacfa:DATE#
      </isNotNull>
      <isNotNull prepend="," property="t09fMatri" >
        #t09fMatri:DATE#
      </isNotNull>
      <isNotNull prepend="," property="t09trabFami" >
        #t09trabFami:CHAR#
      </isNotNull>
      <isNotNull prepend="," property="t09telfFami" >
        #t09telfFami:CHAR#
      </isNotNull>
      <isNotNull prepend="," property="t09pamf" >
        #t09pamf:CHAR#
      </isNotNull>
      <isNotNull prepend="," property="t09enSunat" >
        #t09enSunat:CHAR#
      </isNotNull>
      <isNotNull prepend="," property="t09codPersf" >
        #t09codPersf:CHAR#
      </isNotNull>
      <isNotNull prepend="," property="t09direccion" >
        #t09direccion:VARCHAR#
      </isNotNull>
      <isNotNull prepend="," property="t09refer" >
        #t09refer:VARCHAR#
      </isNotNull>
      <isNotNull prepend="," property="t09fGraba" >
        #t09fGraba:TIMESTAMP#
      </isNotNull>
      <isNotNull prepend="," property="t09codUser" >
        #t09codUser:CHAR#
      </isNotNull>
      <isNotNull prepend="," property="t09indDel" >
        #t09indDel:CHAR#
      </isNotNull>
      )
    </dynamic>
  </insert>
  
  <select id="countByExample" parameterClass="pe.gob.sunat.recurso2.humano.decljurada.model.FamiliarExample" resultClass="java.lang.Integer" >
    select count(*) from t09famil
    <include refid="t09famil.Example_Where_Clause" />
  </select>
  
  <update id="updateByExampleSelective" >
    update t09famil
    <dynamic prepend="set" >
      <isNotNull prepend="," property="record.t09codPers" >
        t09cod_pers = #record.t09codPers:CHAR#
      </isNotNull>
      <isNotNull prepend="," property="record.t09codFami" >
        t09cod_fami = #record.t09codFami:CHAR#
      </isNotNull>
      <isNotNull prepend="," property="record.t09correl" >
        t09correl = #record.t09correl:CHAR#
      </isNotNull>
      <isNotNull prepend="," property="record.t09apPfami" >
        t09ap_pfami = #record.t09apPfami:CHAR#
      </isNotNull>
      <isNotNull prepend="," property="record.t09apMfami" >
        t09ap_mfami = #record.t09apMfami:CHAR#
      </isNotNull>
      <isNotNull prepend="," property="record.t09nombFa" >
        t09nomb_fa = #record.t09nombFa:CHAR#
      </isNotNull>
      <isNotNull prepend="," property="record.t09codDcto" >
        t09cod_dcto = #record.t09codDcto:CHAR#
      </isNotNull>
      <isNotNull prepend="," property="record.t09nroDcto" >
        t09nro_dcto = #record.t09nroDcto:CHAR#
      </isNotNull>
      <isNotNull prepend="," property="record.t09estado" >
        t09estado = #record.t09estado:CHAR#
      </isNotNull>
      <isNotNull prepend="," property="record.t09fNacfa" >
        t09f_nacfa = #record.t09fNacfa:DATE#
      </isNotNull>
      <isNotNull prepend="," property="record.t09fMatri" >
        t09f_matri = #record.t09fMatri:DATE#
      </isNotNull>
      <isNotNull prepend="," property="record.t09trabFami" >
        t09trab_fami = #record.t09trabFami:CHAR#
      </isNotNull>
      <isNotNull prepend="," property="record.t09telfFami" >
        t09telf_fami = #record.t09telfFami:CHAR#
      </isNotNull>
      <isNotNull prepend="," property="record.t09pamf" >
        t09pamf = #record.t09pamf:CHAR#
      </isNotNull>
      <isNotNull prepend="," property="record.t09enSunat" >
        t09en_sunat = #record.t09enSunat:CHAR#
      </isNotNull>
      <isNotNull prepend="," property="record.t09codPersf" >
        t09cod_persf = #record.t09codPersf:CHAR#
      </isNotNull>
      <isNotNull prepend="," property="record.t09direccion" >
        t09direccion = #record.t09direccion:VARCHAR#
      </isNotNull>
      <isNotNull prepend="," property="record.t09refer" >
        t09refer = #record.t09refer:VARCHAR#
      </isNotNull>
      <isNotNull prepend="," property="record.t09fGraba" >
        t09f_graba = #record.t09fGraba:TIMESTAMP#
      </isNotNull>
      <isNotNull prepend="," property="record.t09codUser" >
        t09cod_user = #record.t09codUser:CHAR#
      </isNotNull>
      <isNotNull prepend="," property="record.t09indDel" >
        t09ind_del = #record.t09indDel:CHAR#
      </isNotNull>
    </dynamic>
    <isParameterPresent >
      <include refid="t09famil.Example_Where_Clause" />
    </isParameterPresent>
  </update>
  
  <update id="updateByExample" >
    update t09famil
    set t09cod_pers = #record.t09codPers:CHAR#,
      t09cod_fami = #record.t09codFami:CHAR#,
      t09correl = #record.t09correl:CHAR#,
      t09ap_pfami = #record.t09apPfami:CHAR#,
      t09ap_mfami = #record.t09apMfami:CHAR#,
      t09nomb_fa = #record.t09nombFa:CHAR#,
      t09cod_dcto = #record.t09codDcto:CHAR#,
      t09nro_dcto = #record.t09nroDcto:CHAR#,
      t09estado = #record.t09estado:CHAR#,
      t09f_nacfa = #record.t09fNacfa:DATE#,
      t09f_matri = #record.t09fMatri:DATE#,
      t09trab_fami = #record.t09trabFami:CHAR#,
      t09telf_fami = #record.t09telfFami:CHAR#,
      t09pamf = #record.t09pamf:CHAR#,
      t09en_sunat = #record.t09enSunat:CHAR#,
      t09cod_persf = #record.t09codPersf:CHAR#,
      t09direccion = #record.t09direccion:VARCHAR#,
      t09refer = #record.t09refer:VARCHAR#,
      t09f_graba = #record.t09fGraba:TIMESTAMP#,
      t09cod_user = #record.t09codUser:CHAR#,
      t09ind_del = #record.t09indDel:CHAR#
    <isParameterPresent >
      <include refid="t09famil.Example_Where_Clause" />
    </isParameterPresent>
  </update>
  
</sqlMap>