<?xml version="1.0" encoding="UTF-8" ?>
<!DOCTYPE sqlMap PUBLIC "-//ibatis.apache.org//DTD SQL Map 2.0//EN" "http://ibatis.apache.org/dtd/sql-map-2.dtd" >
<sqlMap namespace="t1595delega" >
  <resultMap id="BaseResultMap" class="pe.gob.sunat.recurso2.humano.decljurada.model.Delegacion" >
    <result column="cod_opcion" property="codOpcion" jdbcType="CHAR" />
    <result column="cod_personal_jefe" property="codPersonalJefe" jdbcType="CHAR" />
    <result column="cunidad_organ" property="cunidadOrgan" jdbcType="CHAR" />
    <result column="cod_personal_deleg" property="codPersonalDeleg" jdbcType="CHAR" />
    <result column="finivig" property="finivig" jdbcType="DATE" />
    <result column="ffinvig" property="ffinvig" jdbcType="DATE" />
    <result column="sestado_activo" property="sestadoActivo" jdbcType="CHAR" />
    <result column="cuser_mod" property="cuserMod" jdbcType="CHAR" />
    <result column="fmod" property="fmod" jdbcType="TIMESTAMP" />
  </resultMap>
  
  <sql id="Example_Where_Clause" >
    <iterate property="oredCriteria" conjunction="or" prepend="where" removeFirstPrepend="iterate" >
      <isEqual property="oredCriteria[].valid" compareValue="true" >
        (
        <iterate prepend="and" property="oredCriteria[].criteriaWithoutValue" conjunction="and" >
          $oredCriteria[].criteriaWithoutValue[]$
        </iterate>
        <iterate prepend="and" property="oredCriteria[].criteriaWithSingleValue" conjunction="and" >
          $oredCriteria[].criteriaWithSingleValue[].condition$
            #oredCriteria[].criteriaWithSingleValue[].value#
        </iterate>
        <iterate prepend="and" property="oredCriteria[].criteriaWithListValue" conjunction="and" >
          $oredCriteria[].criteriaWithListValue[].condition$
          <iterate property="oredCriteria[].criteriaWithListValue[].values" open="(" close=")" conjunction="," >
            #oredCriteria[].criteriaWithListValue[].values[]#
          </iterate>
        </iterate>
        <iterate prepend="and" property="oredCriteria[].criteriaWithBetweenValue" conjunction="and" >
          $oredCriteria[].criteriaWithBetweenValue[].condition$
          #oredCriteria[].criteriaWithBetweenValue[].values[0]# and
          #oredCriteria[].criteriaWithBetweenValue[].values[1]#
        </iterate>
        )
      </isEqual>
    </iterate>
  </sql>
  
  <select id="selectByExample" resultMap="BaseResultMap" parameterClass="pe.gob.sunat.recurso2.humano.decljurada.model.DelegacionExample" >
    select cod_opcion, cod_personal_jefe, cunidad_organ, cod_personal_deleg, finivig, ffinvig,
      sestado_activo, cuser_mod, fmod
    from t1595delega
    <isParameterPresent >
      <include refid="t1595delega.Example_Where_Clause" />
      <isNotNull property="orderByClause" >
        order by $orderByClause$
      </isNotNull>
    </isParameterPresent>
  </select>
  
  <select id="selectByPrimaryKey" resultMap="BaseResultMap" parameterClass="pe.gob.sunat.recurso2.humano.decljurada.model.DelegacionKey" >
    select cod_opcion, cod_personal_jefe, cunidad_organ, cod_personal_deleg, finivig, ffinvig,
      sestado_activo, cuser_mod, fmod
    from t1595delega
    where cod_opcion = #codOpcion:CHAR#
      and cod_personal_jefe = #codPersonalJefe:CHAR#
      and cunidad_organ = #cunidadOrgan:CHAR#
  </select>
  
  <delete id="deleteByPrimaryKey" parameterClass="pe.gob.sunat.recurso2.humano.decljurada.model.DelegacionKey" >
    delete from t1595delega
    where cod_opcion = #codOpcion:CHAR#
      and cod_personal_jefe = #codPersonalJefe:CHAR#
      and cunidad_organ = #cunidadOrgan:CHAR#
  </delete>
  
  <delete id="deleteByExample" parameterClass="pe.gob.sunat.recurso2.humano.decljurada.model.DelegacionExample" >
    delete from t1595delega
    <include refid="t1595delega.Example_Where_Clause" />
  </delete>
  
  <insert id="insert" parameterClass="pe.gob.sunat.recurso2.humano.decljurada.model.Delegacion" >
    insert into t1595delega (cod_opcion, cod_personal_jefe, cunidad_organ, cod_personal_deleg,
      finivig, ffinvig, sestado_activo, cuser_mod, fmod)
    values (#codOpcion:CHAR#, #codPersonalJefe:CHAR#, #cunidadOrgan:CHAR#, #codPersonalDeleg:CHAR#,
      #finivig:DATE#, #ffinvig:DATE#, #sestadoActivo:CHAR#, #cuserMod:CHAR#, #fmod:TIMESTAMP#)
  </insert>
  
  <insert id="insertSelective" parameterClass="pe.gob.sunat.recurso2.humano.decljurada.model.Delegacion" >
    insert into t1595delega
    <dynamic prepend="(" >
      <isNotNull prepend="," property="codOpcion" >
        cod_opcion
      </isNotNull>
      <isNotNull prepend="," property="codPersonalJefe" >
        cod_personal_jefe
      </isNotNull>
      <isNotNull prepend="," property="cunidadOrgan" >
        cunidad_organ
      </isNotNull>
      <isNotNull prepend="," property="codPersonalDeleg" >
        cod_personal_deleg
      </isNotNull>
      <isNotNull prepend="," property="finivig" >
        finivig
      </isNotNull>
      <isNotNull prepend="," property="ffinvig" >
        ffinvig
      </isNotNull>
      <isNotNull prepend="," property="sestadoActivo" >
        sestado_activo
      </isNotNull>
      <isNotNull prepend="," property="cuserMod" >
        cuser_mod
      </isNotNull>
      <isNotNull prepend="," property="fmod" >
        fmod
      </isNotNull>
      )
    </dynamic>
    values
    <dynamic prepend="(" >
      <isNotNull prepend="," property="codOpcion" >
        #codOpcion:CHAR#
      </isNotNull>
      <isNotNull prepend="," property="codPersonalJefe" >
        #codPersonalJefe:CHAR#
      </isNotNull>
      <isNotNull prepend="," property="cunidadOrgan" >
        #cunidadOrgan:CHAR#
      </isNotNull>
      <isNotNull prepend="," property="codPersonalDeleg" >
        #codPersonalDeleg:CHAR#
      </isNotNull>
      <isNotNull prepend="," property="finivig" >
        #finivig:DATE#
      </isNotNull>
      <isNotNull prepend="," property="ffinvig" >
        #ffinvig:DATE#
      </isNotNull>
      <isNotNull prepend="," property="sestadoActivo" >
        #sestadoActivo:CHAR#
      </isNotNull>
      <isNotNull prepend="," property="cuserMod" >
        #cuserMod:CHAR#
      </isNotNull>
      <isNotNull prepend="," property="fmod" >
        #fmod:TIMESTAMP#
      </isNotNull>
      )
    </dynamic>
  </insert>
  
  <select id="countByExample" parameterClass="pe.gob.sunat.recurso2.humano.decljurada.model.DelegacionExample" resultClass="java.lang.Integer" >
    select count(*) from t1595delega
    <include refid="t1595delega.Example_Where_Clause" />
  </select>
  
  <update id="updateByExampleSelective" >
    update t1595delega
    <dynamic prepend="set" >
      <isNotNull prepend="," property="record.codOpcion" >
        cod_opcion = #record.codOpcion:CHAR#
      </isNotNull>
      <isNotNull prepend="," property="record.codPersonalJefe" >
        cod_personal_jefe = #record.codPersonalJefe:CHAR#
      </isNotNull>
      <isNotNull prepend="," property="record.cunidadOrgan" >
        cunidad_organ = #record.cunidadOrgan:CHAR#
      </isNotNull>
      <isNotNull prepend="," property="record.codPersonalDeleg" >
        cod_personal_deleg = #record.codPersonalDeleg:CHAR#
      </isNotNull>
      <isNotNull prepend="," property="record.finivig" >
        finivig = #record.finivig:DATE#
      </isNotNull>
      <isNotNull prepend="," property="record.ffinvig" >
        ffinvig = #record.ffinvig:DATE#
      </isNotNull>
      <isNotNull prepend="," property="record.sestadoActivo" >
        sestado_activo = #record.sestadoActivo:CHAR#
      </isNotNull>
      <isNotNull prepend="," property="record.cuserMod" >
        cuser_mod = #record.cuserMod:CHAR#
      </isNotNull>
      <isNotNull prepend="," property="record.fmod" >
        fmod = #record.fmod:TIMESTAMP#
      </isNotNull>
    </dynamic>
    <isParameterPresent >
      <include refid="t1595delega.Example_Where_Clause" />
    </isParameterPresent>
  </update>
  
  <update id="updateByExample" >
    update t1595delega
    set cod_opcion = #record.codOpcion:CHAR#,
      cod_personal_jefe = #record.codPersonalJefe:CHAR#,
      cunidad_organ = #record.cunidadOrgan:CHAR#,
      cod_personal_deleg = #record.codPersonalDeleg:CHAR#,
      finivig = #record.finivig:DATE#,
      ffinvig = #record.ffinvig:DATE#,
      sestado_activo = #record.sestadoActivo:CHAR#,
      cuser_mod = #record.cuserMod:CHAR#,
      fmod = #record.fmod:TIMESTAMP#
    <isParameterPresent >
      <include refid="t1595delega.Example_Where_Clause" />
    </isParameterPresent>
  </update>
  
  <update id="updateByPrimaryKeySelective" parameterClass="pe.gob.sunat.recurso2.humano.decljurada.model.Delegacion" >
    update t1595delega
    <dynamic prepend="set" >
      <isNotNull prepend="," property="codPersonalDeleg" >
        cod_personal_deleg = #codPersonalDeleg:CHAR#
      </isNotNull>
      <isNotNull prepend="," property="finivig" >
        finivig = #finivig:DATE#
      </isNotNull>
      <isNotNull prepend="," property="ffinvig" >
        ffinvig = #ffinvig:DATE#
      </isNotNull>
      <isNotNull prepend="," property="sestadoActivo" >
        sestado_activo = #sestadoActivo:CHAR#
      </isNotNull>
      <isNotNull prepend="," property="cuserMod" >
        cuser_mod = #cuserMod:CHAR#
      </isNotNull>
      <isNotNull prepend="," property="fmod" >
        fmod = #fmod:TIMESTAMP#
      </isNotNull>
    </dynamic>
    where cod_opcion = #codOpcion:CHAR#
      and cod_personal_jefe = #codPersonalJefe:CHAR#
      and cunidad_organ = #cunidadOrgan:CHAR#
  </update>
  
  <update id="updateByPrimaryKey" parameterClass="pe.gob.sunat.recurso2.humano.decljurada.model.Delegacion" >
    update t1595delega
    set cod_personal_deleg = #codPersonalDeleg:CHAR#,
      finivig = #finivig:DATE#,
      ffinvig = #ffinvig:DATE#,
      sestado_activo = #sestadoActivo:CHAR#,
      cuser_mod = #cuserMod:CHAR#,
      fmod = #fmod:TIMESTAMP#
    where cod_opcion = #codOpcion:CHAR#
      and cod_personal_jefe = #codPersonalJefe:CHAR#
      and cunidad_organ = #cunidadOrgan:CHAR#
  </update>
  
</sqlMap>