<?xml version="1.0" encoding="UTF-8" ?>
<!DOCTYPE sqlMap PUBLIC "-//ibatis.apache.org//DTD SQL Map 2.0//EN" "http://ibatis.apache.org/dtd/sql-map-2.dtd" >
<sqlMap namespace="t28perte" >
  <resultMap id="BaseResultMap" class="pe.gob.sunat.recurso2.humano.decljurada.model.Telefono" >
    <result column="t28cod_pers" property="t28codPers" jdbcType="CHAR" />
    <result column="t28tip_tel" property="t28tipTel" jdbcType="CHAR" />
    <result column="t28num_ddn" property="t28numDdn" jdbcType="VARCHAR" />
    <result column="t28num_tel" property="t28numTel" jdbcType="VARCHAR" />
    <result column="t28num_ane" property="t28numAne" jdbcType="VARCHAR" />
    <result column="t28f_graba" property="t28fGraba" jdbcType="TIMESTAMP" />
    <result column="t28cod_user" property="t28codUser" jdbcType="CHAR" />
  </resultMap>
  
  <sql id="Example_Where_Clause" >
    <iterate property="oredCriteria" conjunction="or" prepend="where" removeFirstPrepend="iterate" >
      <isEqual property="oredCriteria[].valid" compareValue="true" >
        (
        <iterate prepend="and" property="oredCriteria[].criteriaWithoutValue" conjunction="and" >
          $oredCriteria[].criteriaWithoutValue[]$
        </iterate>
        <iterate prepend="and" property="oredCriteria[].criteriaWithSingleValue" conjunction="and" >
          $oredCriteria[].criteriaWithSingleValue[].condition$
            #oredCriteria[].criteriaWithSingleValue[].value#
        </iterate>
        <iterate prepend="and" property="oredCriteria[].criteriaWithListValue" conjunction="and" >
          $oredCriteria[].criteriaWithListValue[].condition$
          <iterate property="oredCriteria[].criteriaWithListValue[].values" open="(" close=")" conjunction="," >
            #oredCriteria[].criteriaWithListValue[].values[]#
          </iterate>
        </iterate>
        <iterate prepend="and" property="oredCriteria[].criteriaWithBetweenValue" conjunction="and" >
          $oredCriteria[].criteriaWithBetweenValue[].condition$
          #oredCriteria[].criteriaWithBetweenValue[].values[0]# and
          #oredCriteria[].criteriaWithBetweenValue[].values[1]#
        </iterate>
        )
      </isEqual>
    </iterate>
  </sql>
  
  <select id="selectByExample" resultMap="BaseResultMap" parameterClass="pe.gob.sunat.recurso2.humano.decljurada.model.TelefonoExample" >
    select t28cod_pers, t28tip_tel, t28num_ddn, t28num_tel, t28num_ane, t28f_graba, t28cod_user
    from t28perte
    <isParameterPresent >
      <include refid="t28perte.Example_Where_Clause" />
      <isNotNull property="orderByClause" >
        order by $orderByClause$
      </isNotNull>
    </isParameterPresent>
  </select>
  
  <delete id="deleteByExample" parameterClass="pe.gob.sunat.recurso2.humano.decljurada.model.TelefonoExample" >
    delete from t28perte
    <include refid="t28perte.Example_Where_Clause" />
  </delete>
  
  <insert id="insert" parameterClass="pe.gob.sunat.recurso2.humano.decljurada.model.Telefono" >
    insert into t28perte (t28cod_pers, t28tip_tel, t28num_ddn, t28num_tel, t28num_ane, t28f_graba,
      t28cod_user)
    values (#t28codPers:CHAR#, #t28tipTel:CHAR#, #t28numDdn:VARCHAR#, #t28numTel:VARCHAR#,
      #t28numAne:VARCHAR#, #t28fGraba:TIMESTAMP#, #t28codUser:CHAR#)
  </insert>
  
  <insert id="insertSelective" parameterClass="pe.gob.sunat.recurso2.humano.decljurada.model.Telefono" >
    insert into t28perte
    <dynamic prepend="(" >
      <isNotNull prepend="," property="t28codPers" >
        t28cod_pers
      </isNotNull>
      <isNotNull prepend="," property="t28tipTel" >
        t28tip_tel
      </isNotNull>
      <isNotNull prepend="," property="t28numDdn" >
        t28num_ddn
      </isNotNull>
      <isNotNull prepend="," property="t28numTel" >
        t28num_tel
      </isNotNull>
      <isNotNull prepend="," property="t28numAne" >
        t28num_ane
      </isNotNull>
      <isNotNull prepend="," property="t28fGraba" >
        t28f_graba
      </isNotNull>
      <isNotNull prepend="," property="t28codUser" >
        t28cod_user
      </isNotNull>
      )
    </dynamic>
    values
    <dynamic prepend="(" >
      <isNotNull prepend="," property="t28codPers" >
        #t28codPers:CHAR#
      </isNotNull>
      <isNotNull prepend="," property="t28tipTel" >
        #t28tipTel:CHAR#
      </isNotNull>
      <isNotNull prepend="," property="t28numDdn" >
        #t28numDdn:VARCHAR#
      </isNotNull>
      <isNotNull prepend="," property="t28numTel" >
        #t28numTel:VARCHAR#
      </isNotNull>
      <isNotNull prepend="," property="t28numAne" >
        #t28numAne:VARCHAR#
      </isNotNull>
      <isNotNull prepend="," property="t28fGraba" >
        #t28fGraba:TIMESTAMP#
      </isNotNull>
      <isNotNull prepend="," property="t28codUser" >
        #t28codUser:CHAR#
      </isNotNull>
      )
    </dynamic>
  </insert>
  
  <select id="countByExample" parameterClass="pe.gob.sunat.recurso2.humano.decljurada.model.TelefonoExample" resultClass="java.lang.Integer" >
    select count(*) from t28perte
    <include refid="t28perte.Example_Where_Clause" />
  </select>
  
  <update id="updateByExampleSelective" >
    update t28perte
    <dynamic prepend="set" >
      <isNotNull prepend="," property="record.t28codPers" >
        t28cod_pers = #record.t28codPers:CHAR#
      </isNotNull>
      <isNotNull prepend="," property="record.t28tipTel" >
        t28tip_tel = #record.t28tipTel:CHAR#
      </isNotNull>
      <isNotNull prepend="," property="record.t28numDdn" >
        t28num_ddn = #record.t28numDdn:VARCHAR#
      </isNotNull>
      <isNotNull prepend="," property="record.t28numTel" >
        t28num_tel = #record.t28numTel:VARCHAR#
      </isNotNull>
      <isNotNull prepend="," property="record.t28numAne" >
        t28num_ane = #record.t28numAne:VARCHAR#
      </isNotNull>
      <isNotNull prepend="," property="record.t28fGraba" >
        t28f_graba = #record.t28fGraba:TIMESTAMP#
      </isNotNull>
      <isNotNull prepend="," property="record.t28codUser" >
        t28cod_user = #record.t28codUser:CHAR#
      </isNotNull>
    </dynamic>
    <isParameterPresent >
      <include refid="t28perte.Example_Where_Clause" />
    </isParameterPresent>
  </update>
  
  <update id="updateByExample" >
    update t28perte
    set t28cod_pers = #record.t28codPers:CHAR#,
      t28tip_tel = #record.t28tipTel:CHAR#,
      t28num_ddn = #record.t28numDdn:VARCHAR#,
      t28num_tel = #record.t28numTel:VARCHAR#,
      t28num_ane = #record.t28numAne:VARCHAR#,
      t28f_graba = #record.t28fGraba:TIMESTAMP#,
      t28cod_user = #record.t28codUser:CHAR#
    <isParameterPresent >
      <include refid="t28perte.Example_Where_Clause" />
    </isParameterPresent>
  </update>
  
</sqlMap>