<?xml version="1.0" encoding="UTF-8" ?>
<!DOCTYPE sqlMap PUBLIC "-//ibatis.apache.org//DTD SQL Map 2.0//EN" "http://ibatis.apache.org/dtd/sql-map-2.dtd" >
<sqlMap namespace="t29perac" >
  <resultMap id="BaseResultMap" class="pe.gob.sunat.recurso2.humano.decljurada.model.Formacion" >
    <result column="t29cod_pers" property="t29codPers" jdbcType="CHAR" />
    <result column="t29cod_grado" property="t29codGrado" jdbcType="CHAR" />
    <result column="t29cod_uni" property="t29codUni" jdbcType="CHAR" />
    <result column="t29cod_esp" property="t29codEsp" jdbcType="CHAR" />
    <result column="t29num_cole" property="t29numCole" jdbcType="CHAR" />
    <result column="t29fin_grado" property="t29finGrado" jdbcType="CHAR" />
    <result column="t29sustento" property="t29sustento" jdbcType="CHAR" />
    <result column="t29observa" property="t29observa" jdbcType="CHAR" />
    <result column="t29des_grado" property="t29desGrado" jdbcType="CHAR" />
    <result column="titu_verif" property="tituVerif" jdbcType="CHAR" />
    <result column="t29f_graba" property="t29fGraba" jdbcType="TIMESTAMP" />
    <result column="t29cod_user" property="t29codUser" jdbcType="CHAR" />
    <result column="num_horas" property="numHoras" jdbcType="DECIMAL" />
    <result column="ind_origen" property="indOrigen" jdbcType="CHAR" />
    <result column="fec_presenta" property="fecPresenta" jdbcType="TIMESTAMP" />
  </resultMap>
  
  <sql id="Example_Where_Clause" >
    <iterate property="oredCriteria" conjunction="or" prepend="where" removeFirstPrepend="iterate" >
      <isEqual property="oredCriteria[].valid" compareValue="true" >
        (
        <iterate prepend="and" property="oredCriteria[].criteriaWithoutValue" conjunction="and" >
          $oredCriteria[].criteriaWithoutValue[]$
        </iterate>
        <iterate prepend="and" property="oredCriteria[].criteriaWithSingleValue" conjunction="and" >
          $oredCriteria[].criteriaWithSingleValue[].condition$
            #oredCriteria[].criteriaWithSingleValue[].value#
        </iterate>
        <iterate prepend="and" property="oredCriteria[].criteriaWithListValue" conjunction="and" >
          $oredCriteria[].criteriaWithListValue[].condition$
          <iterate property="oredCriteria[].criteriaWithListValue[].values" open="(" close=")" conjunction="," >
            #oredCriteria[].criteriaWithListValue[].values[]#
          </iterate>
        </iterate>
        <iterate prepend="and" property="oredCriteria[].criteriaWithBetweenValue" conjunction="and" >
          $oredCriteria[].criteriaWithBetweenValue[].condition$
          #oredCriteria[].criteriaWithBetweenValue[].values[0]# and
          #oredCriteria[].criteriaWithBetweenValue[].values[1]#
        </iterate>
        )
      </isEqual>
    </iterate>
  </sql>
  
  <select id="selectByExample" resultMap="BaseResultMap" parameterClass="pe.gob.sunat.recurso2.humano.decljurada.model.FormacionExample" >
    select t29cod_pers, t29cod_grado, t29cod_uni, t29cod_esp, t29num_cole, t29fin_grado,
      t29sustento, t29observa, t29des_grado, titu_verif, t29f_graba, t29cod_user, num_horas,
      ind_origen, fec_presenta
    from t29perac
    <isParameterPresent >
      <include refid="t29perac.Example_Where_Clause" />
      <isNotNull property="orderByClause" >
        order by $orderByClause$
      </isNotNull>
    </isParameterPresent>
  </select>
  
  <delete id="deleteByExample" parameterClass="pe.gob.sunat.recurso2.humano.decljurada.model.FormacionExample" >
    delete from t29perac
    <include refid="t29perac.Example_Where_Clause" />
  </delete>
  
  <insert id="insert" parameterClass="pe.gob.sunat.recurso2.humano.decljurada.model.Formacion" >
    insert into t29perac (t29cod_pers, t29cod_grado, t29cod_uni, t29cod_esp, t29num_cole,
      t29fin_grado, t29sustento, t29observa, t29des_grado, titu_verif, t29f_graba, t29cod_user,
      num_horas, ind_origen, fec_presenta)
    values (#t29codPers:CHAR#, #t29codGrado:CHAR#, #t29codUni:CHAR#, #t29codEsp:CHAR#,
      #t29numCole:CHAR#, #t29finGrado:CHAR#, #t29sustento:CHAR#, #t29observa:CHAR#,
      #t29desGrado:CHAR#, #tituVerif:CHAR#, #t29fGraba:TIMESTAMP#, #t29codUser:CHAR#,
      #numHoras:DECIMAL#, #indOrigen:CHAR#, #fecPresenta:TIMESTAMP#)
  </insert>
  
  <insert id="insertSelective" parameterClass="pe.gob.sunat.recurso2.humano.decljurada.model.Formacion" >
    insert into t29perac
    <dynamic prepend="(" >
      <isNotNull prepend="," property="t29codPers" >
        t29cod_pers
      </isNotNull>
      <isNotNull prepend="," property="t29codGrado" >
        t29cod_grado
      </isNotNull>
      <isNotNull prepend="," property="t29codUni" >
        t29cod_uni
      </isNotNull>
      <isNotNull prepend="," property="t29codEsp" >
        t29cod_esp
      </isNotNull>
      <isNotNull prepend="," property="t29numCole" >
        t29num_cole
      </isNotNull>
      <isNotNull prepend="," property="t29finGrado" >
        t29fin_grado
      </isNotNull>
      <isNotNull prepend="," property="t29sustento" >
        t29sustento
      </isNotNull>
      <isNotNull prepend="," property="t29observa" >
        t29observa
      </isNotNull>
      <isNotNull prepend="," property="t29desGrado" >
        t29des_grado
      </isNotNull>
      <isNotNull prepend="," property="tituVerif" >
        titu_verif
      </isNotNull>
      <isNotNull prepend="," property="t29fGraba" >
        t29f_graba
      </isNotNull>
      <isNotNull prepend="," property="t29codUser" >
        t29cod_user
      </isNotNull>
      <isNotNull prepend="," property="numHoras" >
        num_horas
      </isNotNull>
      <isNotNull prepend="," property="indOrigen" >
        ind_origen
      </isNotNull>
      <isNotNull prepend="," property="fecPresenta" >
        fec_presenta
      </isNotNull>
      )
    </dynamic>
    values
    <dynamic prepend="(" >
      <isNotNull prepend="," property="t29codPers" >
        #t29codPers:CHAR#
      </isNotNull>
      <isNotNull prepend="," property="t29codGrado" >
        #t29codGrado:CHAR#
      </isNotNull>
      <isNotNull prepend="," property="t29codUni" >
        #t29codUni:CHAR#
      </isNotNull>
      <isNotNull prepend="," property="t29codEsp" >
        #t29codEsp:CHAR#
      </isNotNull>
      <isNotNull prepend="," property="t29numCole" >
        #t29numCole:CHAR#
      </isNotNull>
      <isNotNull prepend="," property="t29finGrado" >
        #t29finGrado:CHAR#
      </isNotNull>
      <isNotNull prepend="," property="t29sustento" >
        #t29sustento:CHAR#
      </isNotNull>
      <isNotNull prepend="," property="t29observa" >
        #t29observa:CHAR#
      </isNotNull>
      <isNotNull prepend="," property="t29desGrado" >
        #t29desGrado:CHAR#
      </isNotNull>
      <isNotNull prepend="," property="tituVerif" >
        #tituVerif:CHAR#
      </isNotNull>
      <isNotNull prepend="," property="t29fGraba" >
        #t29fGraba:TIMESTAMP#
      </isNotNull>
      <isNotNull prepend="," property="t29codUser" >
        #t29codUser:CHAR#
      </isNotNull>
      <isNotNull prepend="," property="numHoras" >
        #numHoras:DECIMAL#
      </isNotNull>
      <isNotNull prepend="," property="indOrigen" >
        #indOrigen:CHAR#
      </isNotNull>
      <isNotNull prepend="," property="fecPresenta" >
        #fecPresenta:TIMESTAMP#
      </isNotNull>
      )
    </dynamic>
  </insert>
  
  <select id="countByExample" parameterClass="pe.gob.sunat.recurso2.humano.decljurada.model.FormacionExample" resultClass="java.lang.Integer" >
    select count(*) from t29perac
    <include refid="t29perac.Example_Where_Clause" />
  </select>
  
  <update id="updateByExampleSelective" >
    update t29perac
    <dynamic prepend="set" >
      <isNotNull prepend="," property="record.t29codPers" >
        t29cod_pers = #record.t29codPers:CHAR#
      </isNotNull>
      <isNotNull prepend="," property="record.t29codGrado" >
        t29cod_grado = #record.t29codGrado:CHAR#
      </isNotNull>
      <isNotNull prepend="," property="record.t29codUni" >
        t29cod_uni = #record.t29codUni:CHAR#
      </isNotNull>
      <isNotNull prepend="," property="record.t29codEsp" >
        t29cod_esp = #record.t29codEsp:CHAR#
      </isNotNull>
      <isNotNull prepend="," property="record.t29numCole" >
        t29num_cole = #record.t29numCole:CHAR#
      </isNotNull>
      <isNotNull prepend="," property="record.t29finGrado" >
        t29fin_grado = #record.t29finGrado:CHAR#
      </isNotNull>
      <isNotNull prepend="," property="record.t29sustento" >
        t29sustento = #record.t29sustento:CHAR#
      </isNotNull>
      <isNotNull prepend="," property="record.t29observa" >
        t29observa = #record.t29observa:CHAR#
      </isNotNull>
      <isNotNull prepend="," property="record.t29desGrado" >
        t29des_grado = #record.t29desGrado:CHAR#
      </isNotNull>
      <isNotNull prepend="," property="record.tituVerif" >
        titu_verif = #record.tituVerif:CHAR#
      </isNotNull>
      <isNotNull prepend="," property="record.t29fGraba" >
        t29f_graba = #record.t29fGraba:TIMESTAMP#
      </isNotNull>
      <isNotNull prepend="," property="record.t29codUser" >
        t29cod_user = #record.t29codUser:CHAR#
      </isNotNull>
      <isNotNull prepend="," property="record.numHoras" >
        num_horas = #record.numHoras:DECIMAL#
      </isNotNull>
      <isNotNull prepend="," property="record.indOrigen" >
        ind_origen = #record.indOrigen:CHAR#
      </isNotNull>
      <isNotNull prepend="," property="record.fecPresenta" >
        fec_presenta = #record.fecPresenta:TIMESTAMP#
      </isNotNull>
    </dynamic>
    <isParameterPresent >
      <include refid="t29perac.Example_Where_Clause" />
    </isParameterPresent>
  </update>
  
  <update id="updateByExample" >
    update t29perac
    set t29cod_pers = #record.t29codPers:CHAR#,
      t29cod_grado = #record.t29codGrado:CHAR#,
      t29cod_uni = #record.t29codUni:CHAR#,
      t29cod_esp = #record.t29codEsp:CHAR#,
      t29num_cole = #record.t29numCole:CHAR#,
      t29fin_grado = #record.t29finGrado:CHAR#,
      t29sustento = #record.t29sustento:CHAR#,
      t29observa = #record.t29observa:CHAR#,
      t29des_grado = #record.t29desGrado:CHAR#,
      titu_verif = #record.tituVerif:CHAR#,
      t29f_graba = #record.t29fGraba:TIMESTAMP#,
      t29cod_user = #record.t29codUser:CHAR#,
      num_horas = #record.numHoras:DECIMAL#,
      ind_origen = #record.indOrigen:CHAR#,
      fec_presenta = #record.fecPresenta:TIMESTAMP#
    <isParameterPresent >
      <include refid="t29perac.Example_Where_Clause" />
    </isParameterPresent>
  </update>
  
</sqlMap>