<?xml version="1.0" encoding="UTF-8" ?>
<!DOCTYPE sqlMap PUBLIC "-//ibatis.apache.org//DTD SQL Map 2.0//EN" "http://ibatis.apache.org/dtd/sql-map-2.dtd" >
<sqlMap namespace="t4879ddjjtemp" >
  <resultMap id="BaseResultMap" class="pe.gob.sunat.recurso2.humano.decljurada.model.Temporal" >
    <result column="ann_ddjj" property="annDdjj" jdbcType="CHAR" />
    <result column="ann_ddjj_ant" property="annDdjjAnt" jdbcType="CHAR" />
    <result column="num_ddjj" property="numDdjj" jdbcType="INTEGER" />
    <result column="num_ddjj_ant" property="numDdjjAnt" jdbcType="INTEGER" />
    <result column="cod_usucrea" property="codUsucrea" jdbcType="VARCHAR" />
    <result column="fec_creacion" property="fecCreacion" jdbcType="TIMESTAMP" />
    <result column="cod_usumodif" property="codUsumodif" jdbcType="VARCHAR" />
    <result column="fec_modif" property="fecModif" jdbcType="TIMESTAMP" />
  </resultMap>
  
  <sql id="Example_Where_Clause" >
    <iterate property="oredCriteria" conjunction="or" prepend="where" removeFirstPrepend="iterate" >
      <isEqual property="oredCriteria[].valid" compareValue="true" >
        (
        <iterate prepend="and" property="oredCriteria[].criteriaWithoutValue" conjunction="and" >
          $oredCriteria[].criteriaWithoutValue[]$
        </iterate>
        <iterate prepend="and" property="oredCriteria[].criteriaWithSingleValue" conjunction="and" >
          $oredCriteria[].criteriaWithSingleValue[].condition$
            #oredCriteria[].criteriaWithSingleValue[].value#
        </iterate>
        <iterate prepend="and" property="oredCriteria[].criteriaWithListValue" conjunction="and" >
          $oredCriteria[].criteriaWithListValue[].condition$
          <iterate property="oredCriteria[].criteriaWithListValue[].values" open="(" close=")" conjunction="," >
            #oredCriteria[].criteriaWithListValue[].values[]#
          </iterate>
        </iterate>
        <iterate prepend="and" property="oredCriteria[].criteriaWithBetweenValue" conjunction="and" >
          $oredCriteria[].criteriaWithBetweenValue[].condition$
          #oredCriteria[].criteriaWithBetweenValue[].values[0]# and
          #oredCriteria[].criteriaWithBetweenValue[].values[1]#
        </iterate>
        )
      </isEqual>
    </iterate>
  </sql>
  
  <select id="selectByExample" resultMap="BaseResultMap" parameterClass="pe.gob.sunat.recurso2.humano.decljurada.model.TemporalExample" >
    select ann_ddjj, ann_ddjj_ant, num_ddjj, num_ddjj_ant, cod_usucrea, fec_creacion, cod_usumodif,
      fec_modif
    from t4879ddjjtemp
    <isParameterPresent >
      <include refid="t4879ddjjtemp.Example_Where_Clause" />
      <isNotNull property="orderByClause" >
        order by $orderByClause$
      </isNotNull>
    </isParameterPresent>
  </select>
  
  <select id="selectByPrimaryKey" resultMap="BaseResultMap" parameterClass="pe.gob.sunat.recurso2.humano.decljurada.model.TemporalKey" >
    select ann_ddjj, ann_ddjj_ant, num_ddjj, num_ddjj_ant, cod_usucrea, fec_creacion, cod_usumodif,
      fec_modif
    from t4879ddjjtemp
    where ann_ddjj = #annDdjj:CHAR#
      and ann_ddjj_ant = #annDdjjAnt:CHAR#
      and num_ddjj = #numDdjj:INTEGER#
  </select>
  
  <delete id="deleteByPrimaryKey" parameterClass="pe.gob.sunat.recurso2.humano.decljurada.model.TemporalKey" >
    delete from t4879ddjjtemp
    where ann_ddjj = #annDdjj:CHAR#
      and ann_ddjj_ant = #annDdjjAnt:CHAR#
      and num_ddjj = #numDdjj:INTEGER#
  </delete>
  
  <delete id="deleteByExample" parameterClass="pe.gob.sunat.recurso2.humano.decljurada.model.TemporalExample" >
    delete from t4879ddjjtemp
    <include refid="t4879ddjjtemp.Example_Where_Clause" />
  </delete>
  
  <insert id="insert" parameterClass="pe.gob.sunat.recurso2.humano.decljurada.model.Temporal" >
    insert into t4879ddjjtemp (ann_ddjj, ann_ddjj_ant, num_ddjj, num_ddjj_ant, cod_usucrea,
      fec_creacion, cod_usumodif, fec_modif)
    values (#annDdjj:CHAR#, #annDdjjAnt:CHAR#, #numDdjj:INTEGER#, #numDdjjAnt:INTEGER#,
      #codUsucrea:VARCHAR#, #fecCreacion:TIMESTAMP#, #codUsumodif:VARCHAR#, #fecModif:TIMESTAMP#)
  </insert>
  
  <insert id="insertSelective" parameterClass="pe.gob.sunat.recurso2.humano.decljurada.model.Temporal" >
    insert into t4879ddjjtemp
    <dynamic prepend="(" >
      <isNotNull prepend="," property="annDdjj" >
        ann_ddjj
      </isNotNull>
      <isNotNull prepend="," property="annDdjjAnt" >
        ann_ddjj_ant
      </isNotNull>
      <isNotNull prepend="," property="numDdjj" >
        num_ddjj
      </isNotNull>
      <isNotNull prepend="," property="numDdjjAnt" >
        num_ddjj_ant
      </isNotNull>
      <isNotNull prepend="," property="codUsucrea" >
        cod_usucrea
      </isNotNull>
      <isNotNull prepend="," property="fecCreacion" >
        fec_creacion
      </isNotNull>
      <isNotNull prepend="," property="codUsumodif" >
        cod_usumodif
      </isNotNull>
      <isNotNull prepend="," property="fecModif" >
        fec_modif
      </isNotNull>
      )
    </dynamic>
    values
    <dynamic prepend="(" >
      <isNotNull prepend="," property="annDdjj" >
        #annDdjj:CHAR#
      </isNotNull>
      <isNotNull prepend="," property="annDdjjAnt" >
        #annDdjjAnt:CHAR#
      </isNotNull>
      <isNotNull prepend="," property="numDdjj" >
        #numDdjj:INTEGER#
      </isNotNull>
      <isNotNull prepend="," property="numDdjjAnt" >
        #numDdjjAnt:INTEGER#
      </isNotNull>
      <isNotNull prepend="," property="codUsucrea" >
        #codUsucrea:VARCHAR#
      </isNotNull>
      <isNotNull prepend="," property="fecCreacion" >
        #fecCreacion:TIMESTAMP#
      </isNotNull>
      <isNotNull prepend="," property="codUsumodif" >
        #codUsumodif:VARCHAR#
      </isNotNull>
      <isNotNull prepend="," property="fecModif" >
        #fecModif:TIMESTAMP#
      </isNotNull>
      )
    </dynamic>
  </insert>
  
  <select id="countByExample" parameterClass="pe.gob.sunat.recurso2.humano.decljurada.model.TemporalExample" resultClass="java.lang.Integer" >
    select count(*) from t4879ddjjtemp
    <include refid="t4879ddjjtemp.Example_Where_Clause" />
  </select>
  
  <update id="updateByExampleSelective" >
    update t4879ddjjtemp
    <dynamic prepend="set" >
      <isNotNull prepend="," property="record.annDdjj" >
        ann_ddjj = #record.annDdjj:CHAR#
      </isNotNull>
      <isNotNull prepend="," property="record.annDdjjAnt" >
        ann_ddjj_ant = #record.annDdjjAnt:CHAR#
      </isNotNull>
      <isNotNull prepend="," property="record.numDdjj" >
        num_ddjj = #record.numDdjj:INTEGER#
      </isNotNull>
      <isNotNull prepend="," property="record.numDdjjAnt" >
        num_ddjj_ant = #record.numDdjjAnt:INTEGER#
      </isNotNull>
      <isNotNull prepend="," property="record.codUsucrea" >
        cod_usucrea = #record.codUsucrea:VARCHAR#
      </isNotNull>
      <isNotNull prepend="," property="record.fecCreacion" >
        fec_creacion = #record.fecCreacion:TIMESTAMP#
      </isNotNull>
      <isNotNull prepend="," property="record.codUsumodif" >
        cod_usumodif = #record.codUsumodif:VARCHAR#
      </isNotNull>
      <isNotNull prepend="," property="record.fecModif" >
        fec_modif = #record.fecModif:TIMESTAMP#
      </isNotNull>
    </dynamic>
    <isParameterPresent >
      <include refid="t4879ddjjtemp.Example_Where_Clause" />
    </isParameterPresent>
  </update>
  
  <update id="updateByExample" >
    update t4879ddjjtemp
    set ann_ddjj = #record.annDdjj:CHAR#,
      ann_ddjj_ant = #record.annDdjjAnt:CHAR#,
      num_ddjj = #record.numDdjj:INTEGER#,
      num_ddjj_ant = #record.numDdjjAnt:INTEGER#,
      cod_usucrea = #record.codUsucrea:VARCHAR#,
      fec_creacion = #record.fecCreacion:TIMESTAMP#,
      cod_usumodif = #record.codUsumodif:VARCHAR#,
      fec_modif = #record.fecModif:TIMESTAMP#
    <isParameterPresent >
      <include refid="t4879ddjjtemp.Example_Where_Clause" />
    </isParameterPresent>
  </update>
  
  <update id="updateByPrimaryKeySelective" parameterClass="pe.gob.sunat.recurso2.humano.decljurada.model.Temporal" >
    update t4879ddjjtemp
    <dynamic prepend="set" >
      <isNotNull prepend="," property="numDdjjAnt" >
        num_ddjj_ant = #numDdjjAnt:INTEGER#
      </isNotNull>
      <isNotNull prepend="," property="codUsucrea" >
        cod_usucrea = #codUsucrea:VARCHAR#
      </isNotNull>
      <isNotNull prepend="," property="fecCreacion" >
        fec_creacion = #fecCreacion:TIMESTAMP#
      </isNotNull>
      <isNotNull prepend="," property="codUsumodif" >
        cod_usumodif = #codUsumodif:VARCHAR#
      </isNotNull>
      <isNotNull prepend="," property="fecModif" >
        fec_modif = #fecModif:TIMESTAMP#
      </isNotNull>
    </dynamic>
    where ann_ddjj = #annDdjj:CHAR#
      and ann_ddjj_ant = #annDdjjAnt:CHAR#
      and num_ddjj = #numDdjj:INTEGER#
  </update>
  
  <update id="updateByPrimaryKey" parameterClass="pe.gob.sunat.recurso2.humano.decljurada.model.Temporal" >
    update t4879ddjjtemp
    set num_ddjj_ant = #numDdjjAnt:INTEGER#,
      cod_usucrea = #codUsucrea:VARCHAR#,
      fec_creacion = #fecCreacion:TIMESTAMP#,
      cod_usumodif = #codUsumodif:VARCHAR#,
      fec_modif = #fecModif:TIMESTAMP#
    where ann_ddjj = #annDdjj:CHAR#
      and ann_ddjj_ant = #annDdjjAnt:CHAR#
      and num_ddjj = #numDdjj:INTEGER#
  </update>
  
</sqlMap>