<?xml version="1.0" encoding="UTF-8" ?>
<!DOCTYPE sqlMap PUBLIC "-//ibatis.apache.org//DTD SQL Map 2.0//EN" "http://ibatis.apache.org/dtd/sql-map-2.dtd" >
<sqlMap namespace="t4877ddjjarchivo" >
  <resultMap id="BaseResultMap" class="pe.gob.sunat.recurso2.humano.decljurada.model.Archivo" >
    <result column="ann_ddjj" property="annDdjj" jdbcType="CHAR" />
    <result column="cod_tip" property="codTip" jdbcType="CHAR" />
    <result column="ind_correl" property="indCorrel" jdbcType="SMALLINT" />
    <result column="num_ddjj" property="numDdjj" jdbcType="INTEGER" />
    <result column="cod_usucrea" property="codUsucrea" jdbcType="VARCHAR" />
    <result column="fec_creacion" property="fecCreacion" jdbcType="TIMESTAMP" />
    <result column="cod_usumodif" property="codUsumodif" jdbcType="VARCHAR" />
    <result column="fec_modif" property="fecModif" jdbcType="TIMESTAMP" />
    <result column="des_nombre" property="desNombre" jdbcType="VARCHAR" />
    <result column="des_comentario" property="desComentario" jdbcType="VARCHAR" />
  </resultMap>
  
  <resultMap id="ResultMapWithBLOBs" class="pe.gob.sunat.recurso2.humano.decljurada.model.Archivo" extends="t4877ddjjarchivo.BaseResultMap" >
    <result column="arc_ddjj" property="arcDdjj" jdbcType="LONGVARBINARY" />
  </resultMap>
  
  <sql id="Example_Where_Clause" >
    <iterate property="oredCriteria" conjunction="or" prepend="where" removeFirstPrepend="iterate" >
      <isEqual property="oredCriteria[].valid" compareValue="true" >
        (
        <iterate prepend="and" property="oredCriteria[].criteriaWithoutValue" conjunction="and" >
          $oredCriteria[].criteriaWithoutValue[]$
        </iterate>
        <iterate prepend="and" property="oredCriteria[].criteriaWithSingleValue" conjunction="and" >
          $oredCriteria[].criteriaWithSingleValue[].condition$
            #oredCriteria[].criteriaWithSingleValue[].value#
        </iterate>
        <iterate prepend="and" property="oredCriteria[].criteriaWithListValue" conjunction="and" >
          $oredCriteria[].criteriaWithListValue[].condition$
          <iterate property="oredCriteria[].criteriaWithListValue[].values" open="(" close=")" conjunction="," >
            #oredCriteria[].criteriaWithListValue[].values[]#
          </iterate>
        </iterate>
        <iterate prepend="and" property="oredCriteria[].criteriaWithBetweenValue" conjunction="and" >
          $oredCriteria[].criteriaWithBetweenValue[].condition$
          #oredCriteria[].criteriaWithBetweenValue[].values[0]# and
          #oredCriteria[].criteriaWithBetweenValue[].values[1]#
        </iterate>
        )
      </isEqual>
    </iterate>
  </sql>
  
  <select id="selectByExampleWithBLOBs" resultMap="ResultMapWithBLOBs" parameterClass="pe.gob.sunat.recurso2.humano.decljurada.model.ArchivoExample" >
    select ann_ddjj, cod_tip, ind_correl, num_ddjj, cod_usucrea, fec_creacion, cod_usumodif,
      fec_modif, des_nombre, des_comentario, arc_ddjj
    from t4877ddjjarchivo
    <isParameterPresent >
      <include refid="t4877ddjjarchivo.Example_Where_Clause" />
      <isNotNull property="orderByClause" >
        order by $orderByClause$
      </isNotNull>
    </isParameterPresent>
  </select>
  
  <select id="selectByExample" resultMap="BaseResultMap" parameterClass="pe.gob.sunat.recurso2.humano.decljurada.model.ArchivoExample" >
    select ann_ddjj, cod_tip, ind_correl, num_ddjj, cod_usucrea, fec_creacion, cod_usumodif,
      fec_modif, des_nombre, des_comentario
    from t4877ddjjarchivo
    <isParameterPresent >
      <include refid="t4877ddjjarchivo.Example_Where_Clause" />
      <isNotNull property="orderByClause" >
        order by $orderByClause$
      </isNotNull>
    </isParameterPresent>
  </select>
  
  <select id="selectByPrimaryKey" resultMap="ResultMapWithBLOBs" parameterClass="pe.gob.sunat.recurso2.humano.decljurada.model.ArchivoKey" >
    select ann_ddjj, cod_tip, ind_correl, num_ddjj, cod_usucrea, fec_creacion, cod_usumodif,
      fec_modif, des_nombre, des_comentario, arc_ddjj
    from t4877ddjjarchivo
    where ann_ddjj = #annDdjj:CHAR#
      and cod_tip = #codTip:CHAR#
      and ind_correl = #indCorrel:SMALLINT#
      and num_ddjj = #numDdjj:INTEGER#
  </select>
  
  <delete id="deleteByPrimaryKey" parameterClass="pe.gob.sunat.recurso2.humano.decljurada.model.ArchivoKey" >
    delete from t4877ddjjarchivo
    where ann_ddjj = #annDdjj:CHAR#
      and cod_tip = #codTip:CHAR#
      and ind_correl = #indCorrel:SMALLINT#
      and num_ddjj = #numDdjj:INTEGER#
  </delete>
  
  <delete id="deleteByExample" parameterClass="pe.gob.sunat.recurso2.humano.decljurada.model.ArchivoExample" >
    delete from t4877ddjjarchivo
    <include refid="t4877ddjjarchivo.Example_Where_Clause" />
  </delete>
  
  <insert id="insert" parameterClass="pe.gob.sunat.recurso2.humano.decljurada.model.Archivo" >
    insert into t4877ddjjarchivo (ann_ddjj, cod_tip, ind_correl, num_ddjj, cod_usucrea,
      fec_creacion, cod_usumodif, fec_modif, des_nombre, des_comentario, arc_ddjj)
    values (#annDdjj:CHAR#, #codTip:CHAR#, #indCorrel:SMALLINT#, #numDdjj:INTEGER#,
      #codUsucrea:VARCHAR#, #fecCreacion:TIMESTAMP#, #codUsumodif:VARCHAR#, #fecModif:TIMESTAMP#,
      #desNombre:VARCHAR#, #desComentario:VARCHAR#, #arcDdjj:LONGVARBINARY#)
  </insert>
  
  <insert id="insertSelective" parameterClass="pe.gob.sunat.recurso2.humano.decljurada.model.Archivo" >
    insert into t4877ddjjarchivo
    <dynamic prepend="(" >
      <isNotNull prepend="," property="annDdjj" >
        ann_ddjj
      </isNotNull>
      <isNotNull prepend="," property="codTip" >
        cod_tip
      </isNotNull>
      <isNotNull prepend="," property="indCorrel" >
        ind_correl
      </isNotNull>
      <isNotNull prepend="," property="numDdjj" >
        num_ddjj
      </isNotNull>
      <isNotNull prepend="," property="codUsucrea" >
        cod_usucrea
      </isNotNull>
      <isNotNull prepend="," property="fecCreacion" >
        fec_creacion
      </isNotNull>
      <isNotNull prepend="," property="codUsumodif" >
        cod_usumodif
      </isNotNull>
      <isNotNull prepend="," property="fecModif" >
        fec_modif
      </isNotNull>
      <isNotNull prepend="," property="desNombre" >
        des_nombre
      </isNotNull>
      <isNotNull prepend="," property="desComentario" >
        des_comentario
      </isNotNull>
      <isNotNull prepend="," property="arcDdjj" >
        arc_ddjj
      </isNotNull>
      )
    </dynamic>
    values
    <dynamic prepend="(" >
      <isNotNull prepend="," property="annDdjj" >
        #annDdjj:CHAR#
      </isNotNull>
      <isNotNull prepend="," property="codTip" >
        #codTip:CHAR#
      </isNotNull>
      <isNotNull prepend="," property="indCorrel" >
        #indCorrel:SMALLINT#
      </isNotNull>
      <isNotNull prepend="," property="numDdjj" >
        #numDdjj:INTEGER#
      </isNotNull>
      <isNotNull prepend="," property="codUsucrea" >
        #codUsucrea:VARCHAR#
      </isNotNull>
      <isNotNull prepend="," property="fecCreacion" >
        #fecCreacion:TIMESTAMP#
      </isNotNull>
      <isNotNull prepend="," property="codUsumodif" >
        #codUsumodif:VARCHAR#
      </isNotNull>
      <isNotNull prepend="," property="fecModif" >
        #fecModif:TIMESTAMP#
      </isNotNull>
      <isNotNull prepend="," property="desNombre" >
        #desNombre:VARCHAR#
      </isNotNull>
      <isNotNull prepend="," property="desComentario" >
        #desComentario:VARCHAR#
      </isNotNull>
      <isNotNull prepend="," property="arcDdjj" >
        #arcDdjj:LONGVARBINARY#
      </isNotNull>
      )
    </dynamic>
  </insert>
  
  <select id="countByExample" parameterClass="pe.gob.sunat.recurso2.humano.decljurada.model.ArchivoExample" resultClass="java.lang.Integer" >
    select count(*) from t4877ddjjarchivo
    <include refid="t4877ddjjarchivo.Example_Where_Clause" />
  </select>
  
  <update id="updateByExampleSelective" >
    update t4877ddjjarchivo
    <dynamic prepend="set" >
      <isNotNull prepend="," property="record.annDdjj" >
        ann_ddjj = #record.annDdjj:CHAR#
      </isNotNull>
      <isNotNull prepend="," property="record.codTip" >
        cod_tip = #record.codTip:CHAR#
      </isNotNull>
      <isNotNull prepend="," property="record.indCorrel" >
        ind_correl = #record.indCorrel:SMALLINT#
      </isNotNull>
      <isNotNull prepend="," property="record.numDdjj" >
        num_ddjj = #record.numDdjj:INTEGER#
      </isNotNull>
      <isNotNull prepend="," property="record.codUsucrea" >
        cod_usucrea = #record.codUsucrea:VARCHAR#
      </isNotNull>
      <isNotNull prepend="," property="record.fecCreacion" >
        fec_creacion = #record.fecCreacion:TIMESTAMP#
      </isNotNull>
      <isNotNull prepend="," property="record.codUsumodif" >
        cod_usumodif = #record.codUsumodif:VARCHAR#
      </isNotNull>
      <isNotNull prepend="," property="record.fecModif" >
        fec_modif = #record.fecModif:TIMESTAMP#
      </isNotNull>
      <isNotNull prepend="," property="record.desNombre" >
        des_nombre = #record.desNombre:VARCHAR#
      </isNotNull>
      <isNotNull prepend="," property="record.desComentario" >
        des_comentario = #record.desComentario:VARCHAR#
      </isNotNull>
      <isNotNull prepend="," property="record.arcDdjj" >
        arc_ddjj = #record.arcDdjj:LONGVARBINARY#
      </isNotNull>
    </dynamic>
    <isParameterPresent >
      <include refid="t4877ddjjarchivo.Example_Where_Clause" />
    </isParameterPresent>
  </update>
  
  <update id="updateByExampleWithBLOBs" >
    update t4877ddjjarchivo
    set ann_ddjj = #record.annDdjj:CHAR#,
      cod_tip = #record.codTip:CHAR#,
      ind_correl = #record.indCorrel:SMALLINT#,
      num_ddjj = #record.numDdjj:INTEGER#,
      cod_usucrea = #record.codUsucrea:VARCHAR#,
      fec_creacion = #record.fecCreacion:TIMESTAMP#,
      cod_usumodif = #record.codUsumodif:VARCHAR#,
      fec_modif = #record.fecModif:TIMESTAMP#,
      des_nombre = #record.desNombre:VARCHAR#,
      des_comentario = #record.desComentario:VARCHAR#,
      arc_ddjj = #record.arcDdjj:LONGVARBINARY#
    <isParameterPresent >
      <include refid="t4877ddjjarchivo.Example_Where_Clause" />
    </isParameterPresent>
  </update>
  
  <update id="updateByExample" >
    update t4877ddjjarchivo
    set ann_ddjj = #record.annDdjj:CHAR#,
      cod_tip = #record.codTip:CHAR#,
      ind_correl = #record.indCorrel:SMALLINT#,
      num_ddjj = #record.numDdjj:INTEGER#,
      cod_usucrea = #record.codUsucrea:VARCHAR#,
      fec_creacion = #record.fecCreacion:TIMESTAMP#,
      cod_usumodif = #record.codUsumodif:VARCHAR#,
      fec_modif = #record.fecModif:TIMESTAMP#,
      des_nombre = #record.desNombre:VARCHAR#,
      des_comentario = #record.desComentario:VARCHAR#
    <isParameterPresent >
      <include refid="t4877ddjjarchivo.Example_Where_Clause" />
    </isParameterPresent>
  </update>
  
  <update id="updateByPrimaryKeySelective" parameterClass="pe.gob.sunat.recurso2.humano.decljurada.model.Archivo" >
    update t4877ddjjarchivo
    <dynamic prepend="set" >
      <isNotNull prepend="," property="codUsucrea" >
        cod_usucrea = #codUsucrea:VARCHAR#
      </isNotNull>
      <isNotNull prepend="," property="fecCreacion" >
        fec_creacion = #fecCreacion:TIMESTAMP#
      </isNotNull>
      <isNotNull prepend="," property="codUsumodif" >
        cod_usumodif = #codUsumodif:VARCHAR#
      </isNotNull>
      <isNotNull prepend="," property="fecModif" >
        fec_modif = #fecModif:TIMESTAMP#
      </isNotNull>
      <isNotNull prepend="," property="desNombre" >
        des_nombre = #desNombre:VARCHAR#
      </isNotNull>
      <isNotNull prepend="," property="desComentario" >
        des_comentario = #desComentario:VARCHAR#
      </isNotNull>
      <isNotNull prepend="," property="arcDdjj" >
        arc_ddjj = #arcDdjj:LONGVARBINARY#
      </isNotNull>
    </dynamic>
    where ann_ddjj = #annDdjj:CHAR#
      and cod_tip = #codTip:CHAR#
      and ind_correl = #indCorrel:SMALLINT#
      and num_ddjj = #numDdjj:INTEGER#
  </update>
  
  <update id="updateByPrimaryKeyWithBLOBs" parameterClass="pe.gob.sunat.recurso2.humano.decljurada.model.Archivo" >
    update t4877ddjjarchivo
    set cod_usucrea = #codUsucrea:VARCHAR#,
      fec_creacion = #fecCreacion:TIMESTAMP#,
      cod_usumodif = #codUsumodif:VARCHAR#,
      fec_modif = #fecModif:TIMESTAMP#,
      des_nombre = #desNombre:VARCHAR#,
      des_comentario = #desComentario:VARCHAR#,
      arc_ddjj = #arcDdjj:LONGVARBINARY#
    where ann_ddjj = #annDdjj:CHAR#
      and cod_tip = #codTip:CHAR#
      and ind_correl = #indCorrel:SMALLINT#
      and num_ddjj = #numDdjj:INTEGER#
  </update>
  
  <update id="updateByPrimaryKey" parameterClass="pe.gob.sunat.recurso2.humano.decljurada.model.Archivo" >
    update t4877ddjjarchivo
    set cod_usucrea = #codUsucrea:VARCHAR#,
      fec_creacion = #fecCreacion:TIMESTAMP#,
      cod_usumodif = #codUsumodif:VARCHAR#,
      fec_modif = #fecModif:TIMESTAMP#,
      des_nombre = #desNombre:VARCHAR#,
      des_comentario = #desComentario:VARCHAR#
    where ann_ddjj = #annDdjj:CHAR#
      and cod_tip = #codTip:CHAR#
      and ind_correl = #indCorrel:SMALLINT#
      and num_ddjj = #numDdjj:INTEGER#
  </update>
  
</sqlMap>