<?xml version="1.0" encoding="UTF-8" ?>
<!DOCTYPE sqlMap PUBLIC "-//ibatis.apache.org//DTD SQL Map 2.0//EN" "http://ibatis.apache.org/dtd/sql-map-2.dtd" >
<sqlMap namespace="t4878ddjjsegui" >
  <resultMap id="BaseResultMap" class="pe.gob.sunat.recurso2.humano.decljurada.model.Seguimiento" >
    <result column="ann_ddjj" property="annDdjj" jdbcType="CHAR" />
    <result column="cod_personal" property="codPersonal" jdbcType="VARCHAR" />
    <result column="num_ddjj" property="numDdjj" jdbcType="INTEGER" />
    <result column="num_seguim" property="numSeguim" jdbcType="CHAR" />
    <result column="cod_uorgan" property="codUorgan" jdbcType="VARCHAR" />
    <result column="fec_recep" property="fecRecep" jdbcType="TIMESTAMP" />
    <result column="fec_deriv" property="fecDeriv" jdbcType="TIMESTAMP" />
    <result column="ind_accionid" property="indAccionid" jdbcType="CHAR" />
    <result column="ind_estadoid" property="indEstadoid" jdbcType="CHAR" />
    <result column="cod_userorig" property="codUserorig" jdbcType="VARCHAR" />
    <result column="cod_userdest" property="codUserdest" jdbcType="VARCHAR" />
    <result column="obs_seg" property="obsSeg" jdbcType="VARCHAR" />
    <result column="fec_creacion" property="fecCreacion" jdbcType="TIMESTAMP" />
    <result column="cod_usucrea" property="codUsucrea" jdbcType="CHAR" />
    <result column="fec_modif" property="fecModif" jdbcType="TIMESTAMP" />
    <result column="cod_usumodif" property="codUsumodif" jdbcType="VARCHAR" />
    <result column="tip_ddjj" property="tipDdjj" jdbcType="CHAR" />
    <result column="ind_ult_seg" property="indUltSeg" jdbcType="CHAR" />
  </resultMap>
  
  <sql id="Example_Where_Clause" >
    <iterate property="oredCriteria" conjunction="or" prepend="where" removeFirstPrepend="iterate" >
      <isEqual property="oredCriteria[].valid" compareValue="true" >
        (
        <iterate prepend="and" property="oredCriteria[].criteriaWithoutValue" conjunction="and" >
          $oredCriteria[].criteriaWithoutValue[]$
        </iterate>
        <iterate prepend="and" property="oredCriteria[].criteriaWithSingleValue" conjunction="and" >
          $oredCriteria[].criteriaWithSingleValue[].condition$
            #oredCriteria[].criteriaWithSingleValue[].value#
        </iterate>
        <iterate prepend="and" property="oredCriteria[].criteriaWithListValue" conjunction="and" >
          $oredCriteria[].criteriaWithListValue[].condition$
          <iterate property="oredCriteria[].criteriaWithListValue[].values" open="(" close=")" conjunction="," >
            #oredCriteria[].criteriaWithListValue[].values[]#
          </iterate>
        </iterate>
        <iterate prepend="and" property="oredCriteria[].criteriaWithBetweenValue" conjunction="and" >
          $oredCriteria[].criteriaWithBetweenValue[].condition$
          #oredCriteria[].criteriaWithBetweenValue[].values[0]# and
          #oredCriteria[].criteriaWithBetweenValue[].values[1]#
        </iterate>
        )
      </isEqual>
    </iterate>
  </sql>
  
  <select id="selectByExample" resultMap="BaseResultMap" parameterClass="pe.gob.sunat.recurso2.humano.decljurada.model.SeguimientoExample" >
    select ann_ddjj, cod_personal, num_ddjj, num_seguim, cod_uorgan, fec_recep, fec_deriv,
      ind_accionid, ind_estadoid, cod_userorig, cod_userdest, obs_seg, fec_creacion, cod_usucrea,
      fec_modif, cod_usumodif, tip_ddjj, ind_ult_seg
    from t4878ddjjsegui
    <isParameterPresent >
      <include refid="t4878ddjjsegui.Example_Where_Clause" />
      <isNotNull property="orderByClause" >
        order by $orderByClause$
      </isNotNull>
    </isParameterPresent>
  </select>
  
  <select id="selectByPrimaryKey" resultMap="BaseResultMap" parameterClass="pe.gob.sunat.recurso2.humano.decljurada.model.SeguimientoKey" >
    select ann_ddjj, cod_personal, num_ddjj, num_seguim, cod_uorgan, fec_recep, fec_deriv,
      ind_accionid, ind_estadoid, cod_userorig, cod_userdest, obs_seg, fec_creacion, cod_usucrea,
      fec_modif, cod_usumodif, tip_ddjj, ind_ult_seg
    from t4878ddjjsegui
    where ann_ddjj = #annDdjj:CHAR#
      and cod_personal = #codPersonal:VARCHAR#
      and num_ddjj = #numDdjj:INTEGER#
      and num_seguim = #numSeguim:CHAR#
  </select>
  
  <delete id="deleteByPrimaryKey" parameterClass="pe.gob.sunat.recurso2.humano.decljurada.model.SeguimientoKey" >
    delete from t4878ddjjsegui
    where ann_ddjj = #annDdjj:CHAR#
      and cod_personal = #codPersonal:VARCHAR#
      and num_ddjj = #numDdjj:INTEGER#
      and num_seguim = #numSeguim:CHAR#
  </delete>
  
  <delete id="deleteByExample" parameterClass="pe.gob.sunat.recurso2.humano.decljurada.model.SeguimientoExample" >
    delete from t4878ddjjsegui
    <include refid="t4878ddjjsegui.Example_Where_Clause" />
  </delete>
  
  <insert id="insert" parameterClass="pe.gob.sunat.recurso2.humano.decljurada.model.Seguimiento" >
    insert into t4878ddjjsegui (ann_ddjj, cod_personal, num_ddjj, num_seguim, cod_uorgan, fec_recep,
      fec_deriv, ind_accionid, ind_estadoid, cod_userorig, cod_userdest, obs_seg, fec_creacion,
      cod_usucrea, fec_modif, cod_usumodif, tip_ddjj, ind_ult_seg)
    values (#annDdjj:CHAR#, #codPersonal:VARCHAR#, #numDdjj:INTEGER#, #numSeguim:CHAR#,
      #codUorgan:VARCHAR#, #fecRecep:TIMESTAMP#, #fecDeriv:TIMESTAMP#, #indAccionid:CHAR#,
      #indEstadoid:CHAR#, #codUserorig:VARCHAR#, #codUserdest:VARCHAR#, #obsSeg:VARCHAR#,
      #fecCreacion:TIMESTAMP#, #codUsucrea:CHAR#, #fecModif:TIMESTAMP#, #codUsumodif:VARCHAR#,
      #tipDdjj:CHAR#, #indUltSeg:CHAR#)
  </insert>
  
  <insert id="insertSelective" parameterClass="pe.gob.sunat.recurso2.humano.decljurada.model.Seguimiento" >
    insert into t4878ddjjsegui
    <dynamic prepend="(" >
      <isNotNull prepend="," property="annDdjj" >
        ann_ddjj
      </isNotNull>
      <isNotNull prepend="," property="codPersonal" >
        cod_personal
      </isNotNull>
      <isNotNull prepend="," property="numDdjj" >
        num_ddjj
      </isNotNull>
      <isNotNull prepend="," property="numSeguim" >
        num_seguim
      </isNotNull>
      <isNotNull prepend="," property="codUorgan" >
        cod_uorgan
      </isNotNull>
      <isNotNull prepend="," property="fecRecep" >
        fec_recep
      </isNotNull>
      <isNotNull prepend="," property="fecDeriv" >
        fec_deriv
      </isNotNull>
      <isNotNull prepend="," property="indAccionid" >
        ind_accionid
      </isNotNull>
      <isNotNull prepend="," property="indEstadoid" >
        ind_estadoid
      </isNotNull>
      <isNotNull prepend="," property="codUserorig" >
        cod_userorig
      </isNotNull>
      <isNotNull prepend="," property="codUserdest" >
        cod_userdest
      </isNotNull>
      <isNotNull prepend="," property="obsSeg" >
        obs_seg
      </isNotNull>
      <isNotNull prepend="," property="fecCreacion" >
        fec_creacion
      </isNotNull>
      <isNotNull prepend="," property="codUsucrea" >
        cod_usucrea
      </isNotNull>
      <isNotNull prepend="," property="fecModif" >
        fec_modif
      </isNotNull>
      <isNotNull prepend="," property="codUsumodif" >
        cod_usumodif
      </isNotNull>
      <isNotNull prepend="," property="tipDdjj" >
        tip_ddjj
      </isNotNull>
      <isNotNull prepend="," property="indUltSeg" >
        ind_ult_seg
      </isNotNull>
      )
    </dynamic>
    values
    <dynamic prepend="(" >
      <isNotNull prepend="," property="annDdjj" >
        #annDdjj:CHAR#
      </isNotNull>
      <isNotNull prepend="," property="codPersonal" >
        #codPersonal:VARCHAR#
      </isNotNull>
      <isNotNull prepend="," property="numDdjj" >
        #numDdjj:INTEGER#
      </isNotNull>
      <isNotNull prepend="," property="numSeguim" >
        #numSeguim:CHAR#
      </isNotNull>
      <isNotNull prepend="," property="codUorgan" >
        #codUorgan:VARCHAR#
      </isNotNull>
      <isNotNull prepend="," property="fecRecep" >
        #fecRecep:TIMESTAMP#
      </isNotNull>
      <isNotNull prepend="," property="fecDeriv" >
        #fecDeriv:TIMESTAMP#
      </isNotNull>
      <isNotNull prepend="," property="indAccionid" >
        #indAccionid:CHAR#
      </isNotNull>
      <isNotNull prepend="," property="indEstadoid" >
        #indEstadoid:CHAR#
      </isNotNull>
      <isNotNull prepend="," property="codUserorig" >
        #codUserorig:VARCHAR#
      </isNotNull>
      <isNotNull prepend="," property="codUserdest" >
        #codUserdest:VARCHAR#
      </isNotNull>
      <isNotNull prepend="," property="obsSeg" >
        #obsSeg:VARCHAR#
      </isNotNull>
      <isNotNull prepend="," property="fecCreacion" >
        #fecCreacion:TIMESTAMP#
      </isNotNull>
      <isNotNull prepend="," property="codUsucrea" >
        #codUsucrea:CHAR#
      </isNotNull>
      <isNotNull prepend="," property="fecModif" >
        #fecModif:TIMESTAMP#
      </isNotNull>
      <isNotNull prepend="," property="codUsumodif" >
        #codUsumodif:VARCHAR#
      </isNotNull>
      <isNotNull prepend="," property="tipDdjj" >
        #tipDdjj:CHAR#
      </isNotNull>
      <isNotNull prepend="," property="indUltSeg" >
        #indUltSeg:CHAR#
      </isNotNull>
      )
    </dynamic>
  </insert>
  
  <select id="countByExample" parameterClass="pe.gob.sunat.recurso2.humano.decljurada.model.SeguimientoExample" resultClass="java.lang.Integer" >
    select count(*) from t4878ddjjsegui
    <include refid="t4878ddjjsegui.Example_Where_Clause" />
  </select>
  
  <update id="updateByExampleSelective" >
    update t4878ddjjsegui
    <dynamic prepend="set" >
      <isNotNull prepend="," property="record.annDdjj" >
        ann_ddjj = #record.annDdjj:CHAR#
      </isNotNull>
      <isNotNull prepend="," property="record.codPersonal" >
        cod_personal = #record.codPersonal:VARCHAR#
      </isNotNull>
      <isNotNull prepend="," property="record.numDdjj" >
        num_ddjj = #record.numDdjj:INTEGER#
      </isNotNull>
      <isNotNull prepend="," property="record.numSeguim" >
        num_seguim = #record.numSeguim:CHAR#
      </isNotNull>
      <isNotNull prepend="," property="record.codUorgan" >
        cod_uorgan = #record.codUorgan:VARCHAR#
      </isNotNull>
      <isNotNull prepend="," property="record.fecRecep" >
        fec_recep = #record.fecRecep:TIMESTAMP#
      </isNotNull>
      <isNotNull prepend="," property="record.fecDeriv" >
        fec_deriv = #record.fecDeriv:TIMESTAMP#
      </isNotNull>
      <isNotNull prepend="," property="record.indAccionid" >
        ind_accionid = #record.indAccionid:CHAR#
      </isNotNull>
      <isNotNull prepend="," property="record.indEstadoid" >
        ind_estadoid = #record.indEstadoid:CHAR#
      </isNotNull>
      <isNotNull prepend="," property="record.codUserorig" >
        cod_userorig = #record.codUserorig:VARCHAR#
      </isNotNull>
      <isNotNull prepend="," property="record.codUserdest" >
        cod_userdest = #record.codUserdest:VARCHAR#
      </isNotNull>
      <isNotNull prepend="," property="record.obsSeg" >
        obs_seg = #record.obsSeg:VARCHAR#
      </isNotNull>
      <isNotNull prepend="," property="record.fecCreacion" >
        fec_creacion = #record.fecCreacion:TIMESTAMP#
      </isNotNull>
      <isNotNull prepend="," property="record.codUsucrea" >
        cod_usucrea = #record.codUsucrea:CHAR#
      </isNotNull>
      <isNotNull prepend="," property="record.fecModif" >
        fec_modif = #record.fecModif:TIMESTAMP#
      </isNotNull>
      <isNotNull prepend="," property="record.codUsumodif" >
        cod_usumodif = #record.codUsumodif:VARCHAR#
      </isNotNull>
      <isNotNull prepend="," property="record.tipDdjj" >
        tip_ddjj = #record.tipDdjj:CHAR#
      </isNotNull>
      <isNotNull prepend="," property="record.indUltSeg" >
        ind_ult_seg = #record.indUltSeg:CHAR#
      </isNotNull>
    </dynamic>
    <isParameterPresent >
      <include refid="t4878ddjjsegui.Example_Where_Clause" />
    </isParameterPresent>
  </update>
  
  <update id="updateByExample" >
    update t4878ddjjsegui
    set ann_ddjj = #record.annDdjj:CHAR#,
      cod_personal = #record.codPersonal:VARCHAR#,
      num_ddjj = #record.numDdjj:INTEGER#,
      num_seguim = #record.numSeguim:CHAR#,
      cod_uorgan = #record.codUorgan:VARCHAR#,
      fec_recep = #record.fecRecep:TIMESTAMP#,
      fec_deriv = #record.fecDeriv:TIMESTAMP#,
      ind_accionid = #record.indAccionid:CHAR#,
      ind_estadoid = #record.indEstadoid:CHAR#,
      cod_userorig = #record.codUserorig:VARCHAR#,
      cod_userdest = #record.codUserdest:VARCHAR#,
      obs_seg = #record.obsSeg:VARCHAR#,
      fec_creacion = #record.fecCreacion:TIMESTAMP#,
      cod_usucrea = #record.codUsucrea:CHAR#,
      fec_modif = #record.fecModif:TIMESTAMP#,
      cod_usumodif = #record.codUsumodif:VARCHAR#,
      tip_ddjj = #record.tipDdjj:CHAR#,
      ind_ult_seg = #record.indUltSeg:CHAR#
    <isParameterPresent >
      <include refid="t4878ddjjsegui.Example_Where_Clause" />
    </isParameterPresent>
  </update>
  
  <update id="updateByPrimaryKeySelective" parameterClass="pe.gob.sunat.recurso2.humano.decljurada.model.Seguimiento" >
    update t4878ddjjsegui
    <dynamic prepend="set" >
      <isNotNull prepend="," property="codUorgan" >
        cod_uorgan = #codUorgan:VARCHAR#
      </isNotNull>
      <isNotNull prepend="," property="fecRecep" >
        fec_recep = #fecRecep:TIMESTAMP#
      </isNotNull>
      <isNotNull prepend="," property="fecDeriv" >
        fec_deriv = #fecDeriv:TIMESTAMP#
      </isNotNull>
      <isNotNull prepend="," property="indAccionid" >
        ind_accionid = #indAccionid:CHAR#
      </isNotNull>
      <isNotNull prepend="," property="indEstadoid" >
        ind_estadoid = #indEstadoid:CHAR#
      </isNotNull>
      <isNotNull prepend="," property="codUserorig" >
        cod_userorig = #codUserorig:VARCHAR#
      </isNotNull>
      <isNotNull prepend="," property="codUserdest" >
        cod_userdest = #codUserdest:VARCHAR#
      </isNotNull>
      <isNotNull prepend="," property="obsSeg" >
        obs_seg = #obsSeg:VARCHAR#
      </isNotNull>
      <isNotNull prepend="," property="fecCreacion" >
        fec_creacion = #fecCreacion:TIMESTAMP#
      </isNotNull>
      <isNotNull prepend="," property="codUsucrea" >
        cod_usucrea = #codUsucrea:CHAR#
      </isNotNull>
      <isNotNull prepend="," property="fecModif" >
        fec_modif = #fecModif:TIMESTAMP#
      </isNotNull>
      <isNotNull prepend="," property="codUsumodif" >
        cod_usumodif = #codUsumodif:VARCHAR#
      </isNotNull>
      <isNotNull prepend="," property="tipDdjj" >
        tip_ddjj = #tipDdjj:CHAR#
      </isNotNull>
      <isNotNull prepend="," property="indUltSeg" >
        ind_ult_seg = #indUltSeg:CHAR#
      </isNotNull>
    </dynamic>
    where ann_ddjj = #annDdjj:CHAR#
      and cod_personal = #codPersonal:VARCHAR#
      and num_ddjj = #numDdjj:INTEGER#
      and num_seguim = #numSeguim:CHAR#
  </update>
  
  <update id="updateByPrimaryKey" parameterClass="pe.gob.sunat.recurso2.humano.decljurada.model.Seguimiento" >
    update t4878ddjjsegui
    set cod_uorgan = #codUorgan:VARCHAR#,
      fec_recep = #fecRecep:TIMESTAMP#,
      fec_deriv = #fecDeriv:TIMESTAMP#,
      ind_accionid = #indAccionid:CHAR#,
      ind_estadoid = #indEstadoid:CHAR#,
      cod_userorig = #codUserorig:VARCHAR#,
      cod_userdest = #codUserdest:VARCHAR#,
      obs_seg = #obsSeg:VARCHAR#,
      fec_creacion = #fecCreacion:TIMESTAMP#,
      cod_usucrea = #codUsucrea:CHAR#,
      fec_modif = #fecModif:TIMESTAMP#,
      cod_usumodif = #codUsumodif:VARCHAR#,
      tip_ddjj = #tipDdjj:CHAR#,
      ind_ult_seg = #indUltSeg:CHAR#
    where ann_ddjj = #annDdjj:CHAR#
      and cod_personal = #codPersonal:VARCHAR#
      and num_ddjj = #numDdjj:INTEGER#
      and num_seguim = #numSeguim:CHAR#
  </update>
  
  <select id="selectByExampleFirst" resultMap="BaseResultMap" parameterClass="pe.gob.sunat.recurso2.humano.decljurada.model.SeguimientoExample" >
    select first 1 ann_ddjj, cod_personal, num_ddjj, num_seguim, cod_uorgan, fec_recep, fec_deriv,
      ind_accionid, ind_estadoid, cod_userorig, cod_userdest, obs_seg, fec_creacion, cod_usucrea,
      fec_modif, cod_usumodif, tip_ddjj, ind_ult_seg
    from t4878ddjjsegui
    <isParameterPresent >
      <include refid="t4878ddjjsegui.Example_Where_Clause" />
      <isNotNull property="orderByClause" >
        order by $orderByClause$
      </isNotNull>
    </isParameterPresent>
  </select>
  
  <select id="listarSeguimientos" resultMap="BaseResultMap" parameterClass="HashMap" >
	select s.ann_ddjj, s.cod_personal, s.num_ddjj, s.num_seguim, s.cod_uorgan, s.fec_recep, s.fec_deriv,
	s.ind_accionid, s.ind_estadoid, s.cod_userorig, s.cod_userdest, s.obs_seg, s0.fec_creacion, s.cod_usucrea,
	s.fec_modif, s.cod_usumodif, s.tip_ddjj, s.ind_ult_seg 
	from 
		t4878ddjjsegui s, 
		(select 
		ann_ddjj,
		num_ddjj,
		cod_personal,
		max (num_seguim) num_seguim 
		 from 
		t4878ddjjsegui 
		where 
		cod_personal = #codPersonal# 
		group by ann_ddjj, num_ddjj, cod_personal) tmp,
        t4878ddjjsegui s0 
	where
		s.ann_ddjj = tmp.ann_ddjj
		and s.num_ddjj = tmp.num_ddjj
		and s.cod_personal = tmp.cod_personal
		and s.num_seguim = tmp.num_seguim
        and s0.ann_ddjj = s.ann_ddjj
		and s0.num_ddjj = s.num_ddjj
		and s0.cod_personal = s.cod_personal
		and s0.num_seguim = '0'
		<isNotNull prepend="and" property="tipDdjj" >
        	s0.tip_ddjj = #tipDdjj#
        </isNotNull>
        <isNotNull prepend="and" property="fecCreacionIni" >
        	s0.fec_creacion between #fecCreacionIni# and #fecCreacionFin#
        </isNotNull>
	order by
		s.ann_ddjj desc, 
		s.num_ddjj desc 
  </select>
  
</sqlMap>