<?xml version="1.0" encoding="UTF-8" ?>
<!DOCTYPE sqlMap PUBLIC "-//ibatis.apache.org//DTD SQL Map 2.0//EN" "http://ibatis.apache.org/dtd/sql-map-2.dtd" >
<sqlMap namespace="t4882archtregistro" >
  <resultMap id="BaseResultMap" class="pe.gob.sunat.recurso2.humano.decljurada.model.ArchivoRtps" >
    <result column="fec_proceso" property="fecProceso" jdbcType="TIMESTAMP" />
    <result column="ind_arch_trab" property="indArchTrab" jdbcType="CHAR" />
    <result column="ind_arch_derhab" property="indArchDerhab" jdbcType="CHAR" />
    <result column="ind_exito_proc" property="indExitoProc" jdbcType="CHAR" />
    <result column="fec_creacion" property="fecCreacion" jdbcType="TIMESTAMP" />
    <result column="cod_usucrea" property="codUsucrea" jdbcType="VARCHAR" />
    <result column="fec_modif" property="fecModif" jdbcType="TIMESTAMP" />
    <result column="cod_usumodif" property="codUsumodif" jdbcType="VARCHAR" />
    <result column="ind_arch_trab_alta" property="indArchTrabAlta" jdbcType="CHAR" />
    <result column="ind_arch_trab_baja" property="indArchTrabBaja" jdbcType="CHAR" />
    <result column="ind_arch_trab_mod" property="indArchTrabMod" jdbcType="CHAR" />
    <result column="ind_arch_derhab_alta" property="indArchDerhabAlta" jdbcType="CHAR" />
    <result column="ind_arch_derhab_baja" property="indArchDerhabBaja" jdbcType="CHAR" />
  </resultMap>
  
  <resultMap id="ResultMapWithBLOBs" class="pe.gob.sunat.recurso2.humano.decljurada.model.ArchivoRtpsWithBLOBs" extends="t4882archtregistro.BaseResultMap" >
    <result column="arc_trab" property="arcTrab" jdbcType="LONGVARBINARY" />
    <result column="arc_derhab" property="arcDerhab" jdbcType="LONGVARBINARY" />
    <result column="arc_trab_alta" property="arcTrabAlta" jdbcType="LONGVARBINARY" />
    <result column="arc_trab_baja" property="arcTrabBaja" jdbcType="LONGVARBINARY" />
    <result column="arc_trab_mod" property="arcTrabMod" jdbcType="LONGVARBINARY" />
    <result column="arc_derhab_alta" property="arcDerhabAlta" jdbcType="LONGVARBINARY" />
    <result column="arc_derhab_baja" property="arcDerhabBaja" jdbcType="LONGVARBINARY" />
  </resultMap>
  
  <sql id="Example_Where_Clause" >
    <iterate property="oredCriteria" conjunction="or" prepend="where" removeFirstPrepend="iterate" >
      <isEqual property="oredCriteria[].valid" compareValue="true" >
        (
        <iterate prepend="and" property="oredCriteria[].criteriaWithoutValue" conjunction="and" >
          $oredCriteria[].criteriaWithoutValue[]$
        </iterate>
        <iterate prepend="and" property="oredCriteria[].criteriaWithSingleValue" conjunction="and" >
          $oredCriteria[].criteriaWithSingleValue[].condition$
            #oredCriteria[].criteriaWithSingleValue[].value#
        </iterate>
        <iterate prepend="and" property="oredCriteria[].criteriaWithListValue" conjunction="and" >
          $oredCriteria[].criteriaWithListValue[].condition$
          <iterate property="oredCriteria[].criteriaWithListValue[].values" open="(" close=")" conjunction="," >
            #oredCriteria[].criteriaWithListValue[].values[]#
          </iterate>
        </iterate>
        <iterate prepend="and" property="oredCriteria[].criteriaWithBetweenValue" conjunction="and" >
          $oredCriteria[].criteriaWithBetweenValue[].condition$
          #oredCriteria[].criteriaWithBetweenValue[].values[0]# and
          #oredCriteria[].criteriaWithBetweenValue[].values[1]#
        </iterate>
        )
      </isEqual>
    </iterate>
  </sql>
  
  <select id="selectByExampleWithBLOBs" resultMap="ResultMapWithBLOBs" parameterClass="pe.gob.sunat.recurso2.humano.decljurada.model.ArchivoRtpsExample" >
    select fec_proceso, ind_arch_trab, ind_arch_derhab, ind_exito_proc, fec_creacion, cod_usucrea,
      fec_modif, cod_usumodif, ind_arch_trab_alta, ind_arch_trab_baja, ind_arch_trab_mod,
      ind_arch_derhab_alta, ind_arch_derhab_baja, arc_trab, arc_derhab, arc_trab_alta,
      arc_trab_baja, arc_trab_mod, arc_derhab_alta, arc_derhab_baja
    from t4882archtregistro
    <isParameterPresent >
      <include refid="t4882archtregistro.Example_Where_Clause" />
      <isNotNull property="orderByClause" >
        order by $orderByClause$
      </isNotNull>
    </isParameterPresent>
  </select>
  
  <select id="selectByExample" resultMap="BaseResultMap" parameterClass="pe.gob.sunat.recurso2.humano.decljurada.model.ArchivoRtpsExample" >
    select fec_proceso, ind_arch_trab, ind_arch_derhab, ind_exito_proc, fec_creacion, cod_usucrea,
      fec_modif, cod_usumodif, ind_arch_trab_alta, ind_arch_trab_baja, ind_arch_trab_mod,
      ind_arch_derhab_alta, ind_arch_derhab_baja
    from t4882archtregistro
    <isParameterPresent >
      <include refid="t4882archtregistro.Example_Where_Clause" />
      <isNotNull property="orderByClause" >
        order by $orderByClause$
      </isNotNull>
    </isParameterPresent>
  </select>
  
  <select id="selectByPrimaryKey" resultMap="ResultMapWithBLOBs" parameterClass="pe.gob.sunat.recurso2.humano.decljurada.model.ArchivoRtps" >
    select fec_proceso, ind_arch_trab, ind_arch_derhab, ind_exito_proc, fec_creacion, cod_usucrea,
      fec_modif, cod_usumodif, ind_arch_trab_alta, ind_arch_trab_baja, ind_arch_trab_mod,
      ind_arch_derhab_alta, ind_arch_derhab_baja, arc_trab, arc_derhab, arc_trab_alta,
      arc_trab_baja, arc_trab_mod, arc_derhab_alta, arc_derhab_baja
    from t4882archtregistro
    where fec_proceso = #fecProceso:TIMESTAMP#
  </select>
  
  <delete id="deleteByPrimaryKey" parameterClass="pe.gob.sunat.recurso2.humano.decljurada.model.ArchivoRtps" >
    delete from t4882archtregistro
    where fec_proceso = #fecProceso:TIMESTAMP#
  </delete>
  
  <delete id="deleteByExample" parameterClass="pe.gob.sunat.recurso2.humano.decljurada.model.ArchivoRtpsExample" >
    delete from t4882archtregistro
    <include refid="t4882archtregistro.Example_Where_Clause" />
  </delete>
  
  <insert id="insert" parameterClass="pe.gob.sunat.recurso2.humano.decljurada.model.ArchivoRtpsWithBLOBs" >
    insert into t4882archtregistro (fec_proceso, ind_arch_trab, ind_arch_derhab, ind_exito_proc,
      fec_creacion, cod_usucrea, fec_modif, cod_usumodif, ind_arch_trab_alta, ind_arch_trab_baja,
      ind_arch_trab_mod, ind_arch_derhab_alta, ind_arch_derhab_baja, arc_trab, arc_derhab,
      arc_trab_alta, arc_trab_baja, arc_trab_mod, arc_derhab_alta, arc_derhab_baja)
    values (#fecProceso:TIMESTAMP#, #indArchTrab:CHAR#, #indArchDerhab:CHAR#, #indExitoProc:CHAR#,
      #fecCreacion:TIMESTAMP#, #codUsucrea:VARCHAR#, #fecModif:TIMESTAMP#, #codUsumodif:VARCHAR#,
      #indArchTrabAlta:CHAR#, #indArchTrabBaja:CHAR#, #indArchTrabMod:CHAR#,
      #indArchDerhabAlta:CHAR#, #indArchDerhabBaja:CHAR#, #arcTrab:LONGVARBINARY#,
      #arcDerhab:LONGVARBINARY#, #arcTrabAlta:LONGVARBINARY#, #arcTrabBaja:LONGVARBINARY#,
      #arcTrabMod:LONGVARBINARY#, #arcDerhabAlta:LONGVARBINARY#, #arcDerhabBaja:LONGVARBINARY#)
  </insert>
  
  <insert id="insertSelective" parameterClass="pe.gob.sunat.recurso2.humano.decljurada.model.ArchivoRtpsWithBLOBs" >
    insert into t4882archtregistro
    <dynamic prepend="(" >
      <isNotNull prepend="," property="fecProceso" >
        fec_proceso
      </isNotNull>
      <isNotNull prepend="," property="indArchTrab" >
        ind_arch_trab
      </isNotNull>
      <isNotNull prepend="," property="indArchDerhab" >
        ind_arch_derhab
      </isNotNull>
      <isNotNull prepend="," property="indExitoProc" >
        ind_exito_proc
      </isNotNull>
      <isNotNull prepend="," property="fecCreacion" >
        fec_creacion
      </isNotNull>
      <isNotNull prepend="," property="codUsucrea" >
        cod_usucrea
      </isNotNull>
      <isNotNull prepend="," property="fecModif" >
        fec_modif
      </isNotNull>
      <isNotNull prepend="," property="codUsumodif" >
        cod_usumodif
      </isNotNull>
      <isNotNull prepend="," property="indArchTrabAlta" >
        ind_arch_trab_alta
      </isNotNull>
      <isNotNull prepend="," property="indArchTrabBaja" >
        ind_arch_trab_baja
      </isNotNull>
      <isNotNull prepend="," property="indArchTrabMod" >
        ind_arch_trab_mod
      </isNotNull>
      <isNotNull prepend="," property="indArchDerhabAlta" >
        ind_arch_derhab_alta
      </isNotNull>
      <isNotNull prepend="," property="indArchDerhabBaja" >
        ind_arch_derhab_baja
      </isNotNull>
      <isNotNull prepend="," property="arcTrab" >
        arc_trab
      </isNotNull>
      <isNotNull prepend="," property="arcDerhab" >
        arc_derhab
      </isNotNull>
      <isNotNull prepend="," property="arcTrabAlta" >
        arc_trab_alta
      </isNotNull>
      <isNotNull prepend="," property="arcTrabBaja" >
        arc_trab_baja
      </isNotNull>
      <isNotNull prepend="," property="arcTrabMod" >
        arc_trab_mod
      </isNotNull>
      <isNotNull prepend="," property="arcDerhabAlta" >
        arc_derhab_alta
      </isNotNull>
      <isNotNull prepend="," property="arcDerhabBaja" >
        arc_derhab_baja
      </isNotNull>
      )
    </dynamic>
    values
    <dynamic prepend="(" >
      <isNotNull prepend="," property="fecProceso" >
        #fecProceso:TIMESTAMP#
      </isNotNull>
      <isNotNull prepend="," property="indArchTrab" >
        #indArchTrab:CHAR#
      </isNotNull>
      <isNotNull prepend="," property="indArchDerhab" >
        #indArchDerhab:CHAR#
      </isNotNull>
      <isNotNull prepend="," property="indExitoProc" >
        #indExitoProc:CHAR#
      </isNotNull>
      <isNotNull prepend="," property="fecCreacion" >
        #fecCreacion:TIMESTAMP#
      </isNotNull>
      <isNotNull prepend="," property="codUsucrea" >
        #codUsucrea:VARCHAR#
      </isNotNull>
      <isNotNull prepend="," property="fecModif" >
        #fecModif:TIMESTAMP#
      </isNotNull>
      <isNotNull prepend="," property="codUsumodif" >
        #codUsumodif:VARCHAR#
      </isNotNull>
      <isNotNull prepend="," property="indArchTrabAlta" >
        #indArchTrabAlta:CHAR#
      </isNotNull>
      <isNotNull prepend="," property="indArchTrabBaja" >
        #indArchTrabBaja:CHAR#
      </isNotNull>
      <isNotNull prepend="," property="indArchTrabMod" >
        #indArchTrabMod:CHAR#
      </isNotNull>
      <isNotNull prepend="," property="indArchDerhabAlta" >
        #indArchDerhabAlta:CHAR#
      </isNotNull>
      <isNotNull prepend="," property="indArchDerhabBaja" >
        #indArchDerhabBaja:CHAR#
      </isNotNull>
      <isNotNull prepend="," property="arcTrab" >
        #arcTrab:LONGVARBINARY#
      </isNotNull>
      <isNotNull prepend="," property="arcDerhab" >
        #arcDerhab:LONGVARBINARY#
      </isNotNull>
      <isNotNull prepend="," property="arcTrabAlta" >
        #arcTrabAlta:LONGVARBINARY#
      </isNotNull>
      <isNotNull prepend="," property="arcTrabBaja" >
        #arcTrabBaja:LONGVARBINARY#
      </isNotNull>
      <isNotNull prepend="," property="arcTrabMod" >
        #arcTrabMod:LONGVARBINARY#
      </isNotNull>
      <isNotNull prepend="," property="arcDerhabAlta" >
        #arcDerhabAlta:LONGVARBINARY#
      </isNotNull>
      <isNotNull prepend="," property="arcDerhabBaja" >
        #arcDerhabBaja:LONGVARBINARY#
      </isNotNull>
      )
    </dynamic>
  </insert>
  
  <select id="countByExample" parameterClass="pe.gob.sunat.recurso2.humano.decljurada.model.ArchivoRtpsExample" resultClass="java.lang.Integer" >
    select count(*) from t4882archtregistro
    <include refid="t4882archtregistro.Example_Where_Clause" />
  </select>
  
  <update id="updateByExampleSelective" >
    update t4882archtregistro
    <dynamic prepend="set" >
      <isNotNull prepend="," property="record.fecProceso" >
        fec_proceso = #record.fecProceso:TIMESTAMP#
      </isNotNull>
      <isNotNull prepend="," property="record.indArchTrab" >
        ind_arch_trab = #record.indArchTrab:CHAR#
      </isNotNull>
      <isNotNull prepend="," property="record.indArchDerhab" >
        ind_arch_derhab = #record.indArchDerhab:CHAR#
      </isNotNull>
      <isNotNull prepend="," property="record.indExitoProc" >
        ind_exito_proc = #record.indExitoProc:CHAR#
      </isNotNull>
      <isNotNull prepend="," property="record.fecCreacion" >
        fec_creacion = #record.fecCreacion:TIMESTAMP#
      </isNotNull>
      <isNotNull prepend="," property="record.codUsucrea" >
        cod_usucrea = #record.codUsucrea:VARCHAR#
      </isNotNull>
      <isNotNull prepend="," property="record.fecModif" >
        fec_modif = #record.fecModif:TIMESTAMP#
      </isNotNull>
      <isNotNull prepend="," property="record.codUsumodif" >
        cod_usumodif = #record.codUsumodif:VARCHAR#
      </isNotNull>
      <isNotNull prepend="," property="record.indArchTrabAlta" >
        ind_arch_trab_alta = #record.indArchTrabAlta:CHAR#
      </isNotNull>
      <isNotNull prepend="," property="record.indArchTrabBaja" >
        ind_arch_trab_baja = #record.indArchTrabBaja:CHAR#
      </isNotNull>
      <isNotNull prepend="," property="record.indArchTrabMod" >
        ind_arch_trab_mod = #record.indArchTrabMod:CHAR#
      </isNotNull>
      <isNotNull prepend="," property="record.indArchDerhabAlta" >
        ind_arch_derhab_alta = #record.indArchDerhabAlta:CHAR#
      </isNotNull>
      <isNotNull prepend="," property="record.indArchDerhabBaja" >
        ind_arch_derhab_baja = #record.indArchDerhabBaja:CHAR#
      </isNotNull>
      <isNotNull prepend="," property="record.arcTrab" >
        arc_trab = #record.arcTrab:LONGVARBINARY#
      </isNotNull>
      <isNotNull prepend="," property="record.arcDerhab" >
        arc_derhab = #record.arcDerhab:LONGVARBINARY#
      </isNotNull>
      <isNotNull prepend="," property="record.arcTrabAlta" >
        arc_trab_alta = #record.arcTrabAlta:LONGVARBINARY#
      </isNotNull>
      <isNotNull prepend="," property="record.arcTrabBaja" >
        arc_trab_baja = #record.arcTrabBaja:LONGVARBINARY#
      </isNotNull>
      <isNotNull prepend="," property="record.arcTrabMod" >
        arc_trab_mod = #record.arcTrabMod:LONGVARBINARY#
      </isNotNull>
      <isNotNull prepend="," property="record.arcDerhabAlta" >
        arc_derhab_alta = #record.arcDerhabAlta:LONGVARBINARY#
      </isNotNull>
      <isNotNull prepend="," property="record.arcDerhabBaja" >
        arc_derhab_baja = #record.arcDerhabBaja:LONGVARBINARY#
      </isNotNull>
    </dynamic>
    <isParameterPresent >
      <include refid="t4882archtregistro.Example_Where_Clause" />
    </isParameterPresent>
  </update>
  
  <update id="updateByExampleWithBLOBs" >
    update t4882archtregistro
    set fec_proceso = #record.fecProceso:TIMESTAMP#,
      ind_arch_trab = #record.indArchTrab:CHAR#,
      ind_arch_derhab = #record.indArchDerhab:CHAR#,
      ind_exito_proc = #record.indExitoProc:CHAR#,
      fec_creacion = #record.fecCreacion:TIMESTAMP#,
      cod_usucrea = #record.codUsucrea:VARCHAR#,
      fec_modif = #record.fecModif:TIMESTAMP#,
      cod_usumodif = #record.codUsumodif:VARCHAR#,
      ind_arch_trab_alta = #record.indArchTrabAlta:CHAR#,
      ind_arch_trab_baja = #record.indArchTrabBaja:CHAR#,
      ind_arch_trab_mod = #record.indArchTrabMod:CHAR#,
      ind_arch_derhab_alta = #record.indArchDerhabAlta:CHAR#,
      ind_arch_derhab_baja = #record.indArchDerhabBaja:CHAR#,
      arc_trab = #record.arcTrab:LONGVARBINARY#,
      arc_derhab = #record.arcDerhab:LONGVARBINARY#,
      arc_trab_alta = #record.arcTrabAlta:LONGVARBINARY#,
      arc_trab_baja = #record.arcTrabBaja:LONGVARBINARY#,
      arc_trab_mod = #record.arcTrabMod:LONGVARBINARY#,
      arc_derhab_alta = #record.arcDerhabAlta:LONGVARBINARY#,
      arc_derhab_baja = #record.arcDerhabBaja:LONGVARBINARY#
    <isParameterPresent >
      <include refid="t4882archtregistro.Example_Where_Clause" />
    </isParameterPresent>
  </update>
  
  <update id="updateByExample" >
    update t4882archtregistro
    set fec_proceso = #record.fecProceso:TIMESTAMP#,
      ind_arch_trab = #record.indArchTrab:CHAR#,
      ind_arch_derhab = #record.indArchDerhab:CHAR#,
      ind_exito_proc = #record.indExitoProc:CHAR#,
      fec_creacion = #record.fecCreacion:TIMESTAMP#,
      cod_usucrea = #record.codUsucrea:VARCHAR#,
      fec_modif = #record.fecModif:TIMESTAMP#,
      cod_usumodif = #record.codUsumodif:VARCHAR#,
      ind_arch_trab_alta = #record.indArchTrabAlta:CHAR#,
      ind_arch_trab_baja = #record.indArchTrabBaja:CHAR#,
      ind_arch_trab_mod = #record.indArchTrabMod:CHAR#,
      ind_arch_derhab_alta = #record.indArchDerhabAlta:CHAR#,
      ind_arch_derhab_baja = #record.indArchDerhabBaja:CHAR#
    <isParameterPresent >
      <include refid="t4882archtregistro.Example_Where_Clause" />
    </isParameterPresent>
  </update>
  
  <update id="updateByPrimaryKeySelective" parameterClass="pe.gob.sunat.recurso2.humano.decljurada.model.ArchivoRtpsWithBLOBs" >
    update t4882archtregistro
    <dynamic prepend="set" >
      <isNotNull prepend="," property="indArchTrab" >
        ind_arch_trab = #indArchTrab:CHAR#
      </isNotNull>
      <isNotNull prepend="," property="indArchDerhab" >
        ind_arch_derhab = #indArchDerhab:CHAR#
      </isNotNull>
      <isNotNull prepend="," property="indExitoProc" >
        ind_exito_proc = #indExitoProc:CHAR#
      </isNotNull>
      <isNotNull prepend="," property="fecCreacion" >
        fec_creacion = #fecCreacion:TIMESTAMP#
      </isNotNull>
      <isNotNull prepend="," property="codUsucrea" >
        cod_usucrea = #codUsucrea:VARCHAR#
      </isNotNull>
      <isNotNull prepend="," property="fecModif" >
        fec_modif = #fecModif:TIMESTAMP#
      </isNotNull>
      <isNotNull prepend="," property="codUsumodif" >
        cod_usumodif = #codUsumodif:VARCHAR#
      </isNotNull>
      <isNotNull prepend="," property="indArchTrabAlta" >
        ind_arch_trab_alta = #indArchTrabAlta:CHAR#
      </isNotNull>
      <isNotNull prepend="," property="indArchTrabBaja" >
        ind_arch_trab_baja = #indArchTrabBaja:CHAR#
      </isNotNull>
      <isNotNull prepend="," property="indArchTrabMod" >
        ind_arch_trab_mod = #indArchTrabMod:CHAR#
      </isNotNull>
      <isNotNull prepend="," property="indArchDerhabAlta" >
        ind_arch_derhab_alta = #indArchDerhabAlta:CHAR#
      </isNotNull>
      <isNotNull prepend="," property="indArchDerhabBaja" >
        ind_arch_derhab_baja = #indArchDerhabBaja:CHAR#
      </isNotNull>
      <isNotNull prepend="," property="arcTrab" >
        arc_trab = #arcTrab:LONGVARBINARY#
      </isNotNull>
      <isNotNull prepend="," property="arcDerhab" >
        arc_derhab = #arcDerhab:LONGVARBINARY#
      </isNotNull>
      <isNotNull prepend="," property="arcTrabAlta" >
        arc_trab_alta = #arcTrabAlta:LONGVARBINARY#
      </isNotNull>
      <isNotNull prepend="," property="arcTrabBaja" >
        arc_trab_baja = #arcTrabBaja:LONGVARBINARY#
      </isNotNull>
      <isNotNull prepend="," property="arcTrabMod" >
        arc_trab_mod = #arcTrabMod:LONGVARBINARY#
      </isNotNull>
      <isNotNull prepend="," property="arcDerhabAlta" >
        arc_derhab_alta = #arcDerhabAlta:LONGVARBINARY#
      </isNotNull>
      <isNotNull prepend="," property="arcDerhabBaja" >
        arc_derhab_baja = #arcDerhabBaja:LONGVARBINARY#
      </isNotNull>
    </dynamic>
    where fec_proceso = #fecProceso:TIMESTAMP#
  </update>
  
  <update id="updateByPrimaryKeyWithBLOBs" parameterClass="pe.gob.sunat.recurso2.humano.decljurada.model.ArchivoRtpsWithBLOBs" >
    update t4882archtregistro
    set ind_arch_trab = #indArchTrab:CHAR#,
      ind_arch_derhab = #indArchDerhab:CHAR#,
      ind_exito_proc = #indExitoProc:CHAR#,
      fec_creacion = #fecCreacion:TIMESTAMP#,
      cod_usucrea = #codUsucrea:VARCHAR#,
      fec_modif = #fecModif:TIMESTAMP#,
      cod_usumodif = #codUsumodif:VARCHAR#,
      ind_arch_trab_alta = #indArchTrabAlta:CHAR#,
      ind_arch_trab_baja = #indArchTrabBaja:CHAR#,
      ind_arch_trab_mod = #indArchTrabMod:CHAR#,
      ind_arch_derhab_alta = #indArchDerhabAlta:CHAR#,
      ind_arch_derhab_baja = #indArchDerhabBaja:CHAR#,
      arc_trab = #arcTrab:LONGVARBINARY#,
      arc_derhab = #arcDerhab:LONGVARBINARY#,
      arc_trab_alta = #arcTrabAlta:LONGVARBINARY#,
      arc_trab_baja = #arcTrabBaja:LONGVARBINARY#,
      arc_trab_mod = #arcTrabMod:LONGVARBINARY#,
      arc_derhab_alta = #arcDerhabAlta:LONGVARBINARY#,
      arc_derhab_baja = #arcDerhabBaja:LONGVARBINARY#
    where fec_proceso = #fecProceso:TIMESTAMP#
  </update>
  
  <update id="updateByPrimaryKey" parameterClass="pe.gob.sunat.recurso2.humano.decljurada.model.ArchivoRtps" >
    update t4882archtregistro
    set ind_arch_trab = #indArchTrab:CHAR#,
      ind_arch_derhab = #indArchDerhab:CHAR#,
      ind_exito_proc = #indExitoProc:CHAR#,
      fec_creacion = #fecCreacion:TIMESTAMP#,
      cod_usucrea = #codUsucrea:VARCHAR#,
      fec_modif = #fecModif:TIMESTAMP#,
      cod_usumodif = #codUsumodif:VARCHAR#,
      ind_arch_trab_alta = #indArchTrabAlta:CHAR#,
      ind_arch_trab_baja = #indArchTrabBaja:CHAR#,
      ind_arch_trab_mod = #indArchTrabMod:CHAR#,
      ind_arch_derhab_alta = #indArchDerhabAlta:CHAR#,
      ind_arch_derhab_baja = #indArchDerhabBaja:CHAR#
    where fec_proceso = #fecProceso:TIMESTAMP#
  </update>
  
</sqlMap>