<?xml version="1.0" encoding="UTF-8" ?>
<!DOCTYPE sqlMap PUBLIC "-//ibatis.apache.org//DTD SQL Map 2.0//EN" "http://ibatis.apache.org/dtd/sql-map-2.dtd" >
<sqlMap namespace="t4880derechohab" >
  <resultMap id="BaseResultMap" class="pe.gob.sunat.recurso2.humano.decljurada.model.DeclaraDerechohab" >
    <result column="ann_ddjj" property="annDdjj" jdbcType="CHAR" />
    <result column="ind_estado" property="indEstado" jdbcType="CHAR" />
    <result column="num_ddjj" property="numDdjj" jdbcType="INTEGER" />
    <result column="cod_personal" property="codPersonal" jdbcType="VARCHAR" />
    <result column="cod_uorgan" property="codUorgan" jdbcType="VARCHAR" />
    <result column="cod_docum" property="codDocum" jdbcType="CHAR" />
    <result column="num_docum" property="numDocum" jdbcType="VARCHAR" />
    <result column="cod_docum_der" property="codDocumDer" jdbcType="CHAR" />
    <result column="num_docum_der" property="numDocumDer" jdbcType="VARCHAR" />
    <result column="cod_pais_emi_doc" property="codPaisEmiDoc" jdbcType="CHAR" />
    <result column="fec_nacimiento_der" property="fecNacimientoDer" jdbcType="DATE" />
    <result column="ape_pat_der" property="apePatDer" jdbcType="VARCHAR" />
    <result column="ape_mat_der" property="apeMatDer" jdbcType="VARCHAR" />
    <result column="nom_der" property="nomDer" jdbcType="VARCHAR" />
    <result column="ind_sexo_der" property="indSexoDer" jdbcType="CHAR" />
    <result column="cod_vin_fam" property="codVinFam" jdbcType="CHAR" />
    <result column="cod_doc_acre_vin" property="codDocAcreVin" jdbcType="CHAR" />
    <result column="num_doc_acre_vin" property="numDocAcreVin" jdbcType="VARCHAR" />
    <result column="num_mes_concep" property="numMesConcep" jdbcType="CHAR" />
    <result column="ind_situ_fam" property="indSituFam" jdbcType="CHAR" />
    <result column="fec_baja" property="fecBaja" jdbcType="DATE" />
    <result column="cod_baja" property="codBaja" jdbcType="CHAR" />
    <result column="num_doc_baja" property="numDocBaja" jdbcType="VARCHAR" />
    <result column="ind_trab_sunat" property="indTrabSunat" jdbcType="CHAR" />
    <result column="num_registro" property="numRegistro" jdbcType="VARCHAR" />
    <result column="cod_via_dir1" property="codViaDir1" jdbcType="CHAR" />
    <result column="nom_via_dir1" property="nomViaDir1" jdbcType="VARCHAR" />
    <result column="num_via_dir1" property="numViaDir1" jdbcType="VARCHAR" />
    <result column="num_depa_dir1" property="numDepaDir1" jdbcType="VARCHAR" />
    <result column="num_interior_dir1" property="numInteriorDir1" jdbcType="VARCHAR" />
    <result column="num_manz_dir1" property="numManzDir1" jdbcType="VARCHAR" />
    <result column="num_lote_dir1" property="numLoteDir1" jdbcType="VARCHAR" />
    <result column="num_kilom_dir1" property="numKilomDir1" jdbcType="VARCHAR" />
    <result column="num_block_dir1" property="numBlockDir1" jdbcType="VARCHAR" />
    <result column="num_etapa_dir1" property="numEtapaDir1" jdbcType="VARCHAR" />
    <result column="cod_zona_dir1" property="codZonaDir1" jdbcType="CHAR" />
    <result column="nom_zona_dir1" property="nomZonaDir1" jdbcType="VARCHAR" />
    <result column="des_refer_dir1" property="desReferDir1" jdbcType="VARCHAR" />
    <result column="cod_ubigeo_dir1" property="codUbigeoDir1" jdbcType="CHAR" />
    <result column="cod_via_dir2" property="codViaDir2" jdbcType="CHAR" />
    <result column="nom_via_dir2" property="nomViaDir2" jdbcType="VARCHAR" />
    <result column="num_via_dir2" property="numViaDir2" jdbcType="VARCHAR" />
    <result column="num_depa_dir2" property="numDepaDir2" jdbcType="VARCHAR" />
    <result column="num_interior_dir2" property="numInteriorDir2" jdbcType="VARCHAR" />
    <result column="num_manz_dir2" property="numManzDir2" jdbcType="VARCHAR" />
    <result column="num_lote_dir2" property="numLoteDir2" jdbcType="VARCHAR" />
    <result column="num_kilom_dir2" property="numKilomDir2" jdbcType="VARCHAR" />
    <result column="num_block_dir2" property="numBlockDir2" jdbcType="VARCHAR" />
    <result column="num_etapa_dir2" property="numEtapaDir2" jdbcType="VARCHAR" />
    <result column="cod_zona_dir2" property="codZonaDir2" jdbcType="CHAR" />
    <result column="nom_zona_dir2" property="nomZonaDir2" jdbcType="VARCHAR" />
    <result column="des_refer_dir2" property="desReferDir2" jdbcType="VARCHAR" />
    <result column="ind_cent_asis" property="indCentAsis" jdbcType="CHAR" />
    <result column="cod_ubigeo_dir2" property="codUbigeoDir2" jdbcType="CHAR" />
    <result column="ind_del" property="indDel" jdbcType="CHAR" />
    <result column="cod_usucrea" property="codUsucrea" jdbcType="VARCHAR" />
    <result column="fec_creacion" property="fecCreacion" jdbcType="TIMESTAMP" />
    <result column="cod_usumodif" property="codUsumodif" jdbcType="VARCHAR" />
    <result column="fec_modif" property="fecModif" jdbcType="TIMESTAMP" />
    <result column="cod_telef_lar_dis" property="codTelefLarDis" jdbcType="CHAR" />
    <result column="num_telef" property="numTelef" jdbcType="VARCHAR" />
    <result column="cod_cel_lar_dis" property="codCelLarDis" jdbcType="CHAR" />
    <result column="num_celular" property="numCelular" jdbcType="VARCHAR" />
    <result column="des_correo" property="desCorreo" jdbcType="VARCHAR" />
    <result column="des_domici_dir1" property="desDomiciDir1" jdbcType="VARCHAR" />
    <result column="des_ubigeo_dir1" property="desUbigeoDir1" jdbcType="VARCHAR" />
    <result column="ind_reniec" property="indReniec" jdbcType="CHAR" />
    <result column="fec_inivinc" property="fecInivinc" jdbcType="DATE" />
    <result column="ind_subsid_sepe" property="indSubsidSepe" jdbcType="CHAR" />
  <result column="ind_discapacidad" property="indDiscapacidad" jdbcType="CHAR" />
    <result column="ind_estudiante" property="indEstudiante" jdbcType="CHAR" />
  </resultMap>
  
  <sql id="Example_Where_Clause" >
    <iterate property="oredCriteria" conjunction="or" prepend="where" removeFirstPrepend="iterate" >
      <isEqual property="oredCriteria[].valid" compareValue="true" >
        (
        <iterate prepend="and" property="oredCriteria[].criteriaWithoutValue" conjunction="and" >
          $oredCriteria[].criteriaWithoutValue[]$
        </iterate>
        <iterate prepend="and" property="oredCriteria[].criteriaWithSingleValue" conjunction="and" >
          $oredCriteria[].criteriaWithSingleValue[].condition$
            #oredCriteria[].criteriaWithSingleValue[].value#
        </iterate>
        <iterate prepend="and" property="oredCriteria[].criteriaWithListValue" conjunction="and" >
          $oredCriteria[].criteriaWithListValue[].condition$
          <iterate property="oredCriteria[].criteriaWithListValue[].values" open="(" close=")" conjunction="," >
            #oredCriteria[].criteriaWithListValue[].values[]#
          </iterate>
        </iterate>
        <iterate prepend="and" property="oredCriteria[].criteriaWithBetweenValue" conjunction="and" >
          $oredCriteria[].criteriaWithBetweenValue[].condition$
          #oredCriteria[].criteriaWithBetweenValue[].values[0]# and
          #oredCriteria[].criteriaWithBetweenValue[].values[1]#
        </iterate>
        )
      </isEqual>
    </iterate>
  </sql>
  
  <select id="selectByExample" resultMap="BaseResultMap" parameterClass="pe.gob.sunat.recurso2.humano.decljurada.model.DeclaraDerechohabExample" >
    select ann_ddjj, ind_estado, num_ddjj, cod_personal, cod_uorgan, cod_docum, num_docum,
      cod_docum_der, num_docum_der, cod_pais_emi_doc, fec_nacimiento_der, ape_pat_der, ape_mat_der,
      nom_der, ind_sexo_der, cod_vin_fam, cod_doc_acre_vin, num_doc_acre_vin, num_mes_concep,
      ind_situ_fam, fec_baja, cod_baja, num_doc_baja, ind_trab_sunat, num_registro, cod_via_dir1,
      nom_via_dir1, num_via_dir1, num_depa_dir1, num_interior_dir1, num_manz_dir1, num_lote_dir1,
      num_kilom_dir1, num_block_dir1, num_etapa_dir1, cod_zona_dir1, nom_zona_dir1, des_refer_dir1,
      cod_ubigeo_dir1, cod_via_dir2, nom_via_dir2, num_via_dir2, num_depa_dir2, num_interior_dir2,
      num_manz_dir2, num_lote_dir2, num_kilom_dir2, num_block_dir2, num_etapa_dir2, cod_zona_dir2,
      nom_zona_dir2, des_refer_dir2, ind_cent_asis, cod_ubigeo_dir2, ind_del, cod_usucrea,
      fec_creacion, cod_usumodif, fec_modif, cod_telef_lar_dis, num_telef, cod_cel_lar_dis,
      num_celular, des_correo, des_domici_dir1, des_ubigeo_dir1, ind_reniec, fec_inivinc,
      ind_subsid_sepe, ind_discapacidad, ind_estudiante
    from t4880derechohab
    <isParameterPresent >
      <include refid="t4880derechohab.Example_Where_Clause" />
      <isNotNull property="orderByClause" >
        order by $orderByClause$
      </isNotNull>
    </isParameterPresent>
  </select>
  
  <select id="selectByPrimaryKey" resultMap="BaseResultMap" parameterClass="pe.gob.sunat.recurso2.humano.decljurada.model.DeclaraDerechohabKey" >
    select ann_ddjj, ind_estado, num_ddjj, cod_personal, cod_uorgan, cod_docum, num_docum,
      cod_docum_der, num_docum_der, cod_pais_emi_doc, fec_nacimiento_der, ape_pat_der, ape_mat_der,
      nom_der, ind_sexo_der, cod_vin_fam, cod_doc_acre_vin, num_doc_acre_vin, num_mes_concep,
      ind_situ_fam, fec_baja, cod_baja, num_doc_baja, ind_trab_sunat, num_registro, cod_via_dir1,
      nom_via_dir1, num_via_dir1, num_depa_dir1, num_interior_dir1, num_manz_dir1, num_lote_dir1,
      num_kilom_dir1, num_block_dir1, num_etapa_dir1, cod_zona_dir1, nom_zona_dir1, des_refer_dir1,
      cod_ubigeo_dir1, cod_via_dir2, nom_via_dir2, num_via_dir2, num_depa_dir2, num_interior_dir2,
      num_manz_dir2, num_lote_dir2, num_kilom_dir2, num_block_dir2, num_etapa_dir2, cod_zona_dir2,
      nom_zona_dir2, des_refer_dir2, ind_cent_asis, cod_ubigeo_dir2, ind_del, cod_usucrea,
      fec_creacion, cod_usumodif, fec_modif, cod_telef_lar_dis, num_telef, cod_cel_lar_dis,
      num_celular, des_correo, des_domici_dir1, des_ubigeo_dir1, ind_reniec, fec_inivinc,
      ind_subsid_sepe, ind_discapacidad, ind_estudiante
    from t4880derechohab
    where ann_ddjj = #annDdjj:CHAR#
      and ind_estado = #indEstado:CHAR#
      and num_ddjj = #numDdjj:INTEGER#
  </select>
  
  <delete id="deleteByPrimaryKey" parameterClass="pe.gob.sunat.recurso2.humano.decljurada.model.DeclaraDerechohabKey" >
    delete from t4880derechohab
    where ann_ddjj = #annDdjj:CHAR#
      and ind_estado = #indEstado:CHAR#
      and num_ddjj = #numDdjj:INTEGER#
  </delete>
  
  <delete id="deleteByExample" parameterClass="pe.gob.sunat.recurso2.humano.decljurada.model.DeclaraDerechohabExample" >
    delete from t4880derechohab
    <include refid="t4880derechohab.Example_Where_Clause" />
  </delete>
  
  <insert id="insert" parameterClass="pe.gob.sunat.recurso2.humano.decljurada.model.DeclaraDerechohab" >
    insert into t4880derechohab (ann_ddjj, ind_estado, num_ddjj, cod_personal, cod_uorgan,
      cod_docum, num_docum, cod_docum_der, num_docum_der, cod_pais_emi_doc, fec_nacimiento_der,
      ape_pat_der, ape_mat_der, nom_der, ind_sexo_der, cod_vin_fam, cod_doc_acre_vin,
      num_doc_acre_vin, num_mes_concep, ind_situ_fam, fec_baja, cod_baja, num_doc_baja,
      ind_trab_sunat, num_registro, cod_via_dir1, nom_via_dir1, num_via_dir1, num_depa_dir1,
      num_interior_dir1, num_manz_dir1, num_lote_dir1, num_kilom_dir1, num_block_dir1,
      num_etapa_dir1, cod_zona_dir1, nom_zona_dir1, des_refer_dir1, cod_ubigeo_dir1, cod_via_dir2,
      nom_via_dir2, num_via_dir2, num_depa_dir2, num_interior_dir2, num_manz_dir2, num_lote_dir2,
      num_kilom_dir2, num_block_dir2, num_etapa_dir2, cod_zona_dir2, nom_zona_dir2, des_refer_dir2,
      ind_cent_asis, cod_ubigeo_dir2, ind_del, cod_usucrea, fec_creacion, cod_usumodif, fec_modif,
      cod_telef_lar_dis, num_telef, cod_cel_lar_dis, num_celular, des_correo, des_domici_dir1,
      des_ubigeo_dir1, ind_reniec, fec_inivinc, ind_subsid_sepe, ind_discapacidad, ind_estudiante)
    values (#annDdjj:CHAR#, #indEstado:CHAR#, #numDdjj:INTEGER#, #codPersonal:VARCHAR#,
      #codUorgan:VARCHAR#, #codDocum:CHAR#, #numDocum:VARCHAR#, #codDocumDer:CHAR#,
      #numDocumDer:VARCHAR#, #codPaisEmiDoc:CHAR#, #fecNacimientoDer:DATE#, #apePatDer:VARCHAR#,
      #apeMatDer:VARCHAR#, #nomDer:VARCHAR#, #indSexoDer:CHAR#, #codVinFam:CHAR#,
      #codDocAcreVin:CHAR#, #numDocAcreVin:VARCHAR#, #numMesConcep:CHAR#, #indSituFam:CHAR#,
      #fecBaja:DATE#, #codBaja:CHAR#, #numDocBaja:VARCHAR#, #indTrabSunat:CHAR#,
      #numRegistro:VARCHAR#, #codViaDir1:CHAR#, #nomViaDir1:VARCHAR#, #numViaDir1:VARCHAR#,
      #numDepaDir1:VARCHAR#, #numInteriorDir1:VARCHAR#, #numManzDir1:VARCHAR#,
      #numLoteDir1:VARCHAR#, #numKilomDir1:VARCHAR#, #numBlockDir1:VARCHAR#, #numEtapaDir1:VARCHAR#,
      #codZonaDir1:CHAR#, #nomZonaDir1:VARCHAR#, #desReferDir1:VARCHAR#, #codUbigeoDir1:CHAR#,
      #codViaDir2:CHAR#, #nomViaDir2:VARCHAR#, #numViaDir2:VARCHAR#, #numDepaDir2:VARCHAR#,
      #numInteriorDir2:VARCHAR#, #numManzDir2:VARCHAR#, #numLoteDir2:VARCHAR#,
      #numKilomDir2:VARCHAR#, #numBlockDir2:VARCHAR#, #numEtapaDir2:VARCHAR#, #codZonaDir2:CHAR#,
      #nomZonaDir2:VARCHAR#, #desReferDir2:VARCHAR#, #indCentAsis:CHAR#, #codUbigeoDir2:CHAR#,
      #indDel:CHAR#, #codUsucrea:VARCHAR#, #fecCreacion:TIMESTAMP#, #codUsumodif:VARCHAR#,
      #fecModif:TIMESTAMP#, #codTelefLarDis:CHAR#, #numTelef:VARCHAR#, #codCelLarDis:CHAR#,
      #numCelular:VARCHAR#, #desCorreo:VARCHAR#, #desDomiciDir1:VARCHAR#, #desUbigeoDir1:VARCHAR#,
      #indReniec:CHAR#, #fecInivinc:DATE#, #indSubsidSepe:CHAR#, #indDiscapacidad:CHAR#,
      #indEstudiante:CHAR#)
  </insert>
  
  <insert id="insertSelective" parameterClass="pe.gob.sunat.recurso2.humano.decljurada.model.DeclaraDerechohab" >
    insert into t4880derechohab
    <dynamic prepend="(" >
      <isNotNull prepend="," property="annDdjj" >
        ann_ddjj
      </isNotNull>
      <isNotNull prepend="," property="indEstado" >
        ind_estado
      </isNotNull>
      <isNotNull prepend="," property="numDdjj" >
        num_ddjj
      </isNotNull>
      <isNotNull prepend="," property="codPersonal" >
        cod_personal
      </isNotNull>
      <isNotNull prepend="," property="codUorgan" >
        cod_uorgan
      </isNotNull>
      <isNotNull prepend="," property="codDocum" >
        cod_docum
      </isNotNull>
      <isNotNull prepend="," property="numDocum" >
        num_docum
      </isNotNull>
      <isNotNull prepend="," property="codDocumDer" >
        cod_docum_der
      </isNotNull>
      <isNotNull prepend="," property="numDocumDer" >
        num_docum_der
      </isNotNull>
      <isNotNull prepend="," property="codPaisEmiDoc" >
        cod_pais_emi_doc
      </isNotNull>
      <isNotNull prepend="," property="fecNacimientoDer" >
        fec_nacimiento_der
      </isNotNull>
      <isNotNull prepend="," property="apePatDer" >
        ape_pat_der
      </isNotNull>
      <isNotNull prepend="," property="apeMatDer" >
        ape_mat_der
      </isNotNull>
      <isNotNull prepend="," property="nomDer" >
        nom_der
      </isNotNull>
      <isNotNull prepend="," property="indSexoDer" >
        ind_sexo_der
      </isNotNull>
      <isNotNull prepend="," property="codVinFam" >
        cod_vin_fam
      </isNotNull>
      <isNotNull prepend="," property="codDocAcreVin" >
        cod_doc_acre_vin
      </isNotNull>
      <isNotNull prepend="," property="numDocAcreVin" >
        num_doc_acre_vin
      </isNotNull>
      <isNotNull prepend="," property="numMesConcep" >
        num_mes_concep
      </isNotNull>
      <isNotNull prepend="," property="indSituFam" >
        ind_situ_fam
      </isNotNull>
      <isNotNull prepend="," property="fecBaja" >
        fec_baja
      </isNotNull>
      <isNotNull prepend="," property="codBaja" >
        cod_baja
      </isNotNull>
      <isNotNull prepend="," property="numDocBaja" >
        num_doc_baja
      </isNotNull>
      <isNotNull prepend="," property="indTrabSunat" >
        ind_trab_sunat
      </isNotNull>
      <isNotNull prepend="," property="numRegistro" >
        num_registro
      </isNotNull>
      <isNotNull prepend="," property="codViaDir1" >
        cod_via_dir1
      </isNotNull>
      <isNotNull prepend="," property="nomViaDir1" >
        nom_via_dir1
      </isNotNull>
      <isNotNull prepend="," property="numViaDir1" >
        num_via_dir1
      </isNotNull>
      <isNotNull prepend="," property="numDepaDir1" >
        num_depa_dir1
      </isNotNull>
      <isNotNull prepend="," property="numInteriorDir1" >
        num_interior_dir1
      </isNotNull>
      <isNotNull prepend="," property="numManzDir1" >
        num_manz_dir1
      </isNotNull>
      <isNotNull prepend="," property="numLoteDir1" >
        num_lote_dir1
      </isNotNull>
      <isNotNull prepend="," property="numKilomDir1" >
        num_kilom_dir1
      </isNotNull>
      <isNotNull prepend="," property="numBlockDir1" >
        num_block_dir1
      </isNotNull>
      <isNotNull prepend="," property="numEtapaDir1" >
        num_etapa_dir1
      </isNotNull>
      <isNotNull prepend="," property="codZonaDir1" >
        cod_zona_dir1
      </isNotNull>
      <isNotNull prepend="," property="nomZonaDir1" >
        nom_zona_dir1
      </isNotNull>
      <isNotNull prepend="," property="desReferDir1" >
        des_refer_dir1
      </isNotNull>
      <isNotNull prepend="," property="codUbigeoDir1" >
        cod_ubigeo_dir1
      </isNotNull>
      <isNotNull prepend="," property="codViaDir2" >
        cod_via_dir2
      </isNotNull>
      <isNotNull prepend="," property="nomViaDir2" >
        nom_via_dir2
      </isNotNull>
      <isNotNull prepend="," property="numViaDir2" >
        num_via_dir2
      </isNotNull>
      <isNotNull prepend="," property="numDepaDir2" >
        num_depa_dir2
      </isNotNull>
      <isNotNull prepend="," property="numInteriorDir2" >
        num_interior_dir2
      </isNotNull>
      <isNotNull prepend="," property="numManzDir2" >
        num_manz_dir2
      </isNotNull>
      <isNotNull prepend="," property="numLoteDir2" >
        num_lote_dir2
      </isNotNull>
      <isNotNull prepend="," property="numKilomDir2" >
        num_kilom_dir2
      </isNotNull>
      <isNotNull prepend="," property="numBlockDir2" >
        num_block_dir2
      </isNotNull>
      <isNotNull prepend="," property="numEtapaDir2" >
        num_etapa_dir2
      </isNotNull>
      <isNotNull prepend="," property="codZonaDir2" >
        cod_zona_dir2
      </isNotNull>
      <isNotNull prepend="," property="nomZonaDir2" >
        nom_zona_dir2
      </isNotNull>
      <isNotNull prepend="," property="desReferDir2" >
        des_refer_dir2
      </isNotNull>
      <isNotNull prepend="," property="indCentAsis" >
        ind_cent_asis
      </isNotNull>
      <isNotNull prepend="," property="codUbigeoDir2" >
        cod_ubigeo_dir2
      </isNotNull>
      <isNotNull prepend="," property="indDel" >
        ind_del
      </isNotNull>
      <isNotNull prepend="," property="codUsucrea" >
        cod_usucrea
      </isNotNull>
      <isNotNull prepend="," property="fecCreacion" >
        fec_creacion
      </isNotNull>
      <isNotNull prepend="," property="codUsumodif" >
        cod_usumodif
      </isNotNull>
      <isNotNull prepend="," property="fecModif" >
        fec_modif
      </isNotNull>
      <isNotNull prepend="," property="codTelefLarDis" >
        cod_telef_lar_dis
      </isNotNull>
      <isNotNull prepend="," property="numTelef" >
        num_telef
      </isNotNull>
      <isNotNull prepend="," property="codCelLarDis" >
        cod_cel_lar_dis
      </isNotNull>
      <isNotNull prepend="," property="numCelular" >
        num_celular
      </isNotNull>
      <isNotNull prepend="," property="desCorreo" >
        des_correo
      </isNotNull>
      <isNotNull prepend="," property="desDomiciDir1" >
        des_domici_dir1
      </isNotNull>
      <isNotNull prepend="," property="desUbigeoDir1" >
        des_ubigeo_dir1
      </isNotNull>
      <isNotNull prepend="," property="indReniec" >
        ind_reniec
      </isNotNull>
      <isNotNull prepend="," property="fecInivinc" >
        fec_inivinc
      </isNotNull>
      <isNotNull prepend="," property="indSubsidSepe" >
        ind_subsid_sepe
      </isNotNull>
      <isNotNull prepend="," property="indDiscapacidad" >
        ind_discapacidad
      </isNotNull>
      <isNotNull prepend="," property="indEstudiante" >
        ind_estudiante
      </isNotNull>
      )
    </dynamic>
    values
    <dynamic prepend="(" >
      <isNotNull prepend="," property="annDdjj" >
        #annDdjj:CHAR#
      </isNotNull>
      <isNotNull prepend="," property="indEstado" >
        #indEstado:CHAR#
      </isNotNull>
      <isNotNull prepend="," property="numDdjj" >
        #numDdjj:INTEGER#
      </isNotNull>
      <isNotNull prepend="," property="codPersonal" >
        #codPersonal:VARCHAR#
      </isNotNull>
      <isNotNull prepend="," property="codUorgan" >
        #codUorgan:VARCHAR#
      </isNotNull>
      <isNotNull prepend="," property="codDocum" >
        #codDocum:CHAR#
      </isNotNull>
      <isNotNull prepend="," property="numDocum" >
        #numDocum:VARCHAR#
      </isNotNull>
      <isNotNull prepend="," property="codDocumDer" >
        #codDocumDer:CHAR#
      </isNotNull>
      <isNotNull prepend="," property="numDocumDer" >
        #numDocumDer:VARCHAR#
      </isNotNull>
      <isNotNull prepend="," property="codPaisEmiDoc" >
        #codPaisEmiDoc:CHAR#
      </isNotNull>
      <isNotNull prepend="," property="fecNacimientoDer" >
        #fecNacimientoDer:DATE#
      </isNotNull>
      <isNotNull prepend="," property="apePatDer" >
        #apePatDer:VARCHAR#
      </isNotNull>
      <isNotNull prepend="," property="apeMatDer" >
        #apeMatDer:VARCHAR#
      </isNotNull>
      <isNotNull prepend="," property="nomDer" >
        #nomDer:VARCHAR#
      </isNotNull>
      <isNotNull prepend="," property="indSexoDer" >
        #indSexoDer:CHAR#
      </isNotNull>
      <isNotNull prepend="," property="codVinFam" >
        #codVinFam:CHAR#
      </isNotNull>
      <isNotNull prepend="," property="codDocAcreVin" >
        #codDocAcreVin:CHAR#
      </isNotNull>
      <isNotNull prepend="," property="numDocAcreVin" >
        #numDocAcreVin:VARCHAR#
      </isNotNull>
      <isNotNull prepend="," property="numMesConcep" >
        #numMesConcep:CHAR#
      </isNotNull>
      <isNotNull prepend="," property="indSituFam" >
        #indSituFam:CHAR#
      </isNotNull>
      <isNotNull prepend="," property="fecBaja" >
        #fecBaja:DATE#
      </isNotNull>
      <isNotNull prepend="," property="codBaja" >
        #codBaja:CHAR#
      </isNotNull>
      <isNotNull prepend="," property="numDocBaja" >
        #numDocBaja:VARCHAR#
      </isNotNull>
      <isNotNull prepend="," property="indTrabSunat" >
        #indTrabSunat:CHAR#
      </isNotNull>
      <isNotNull prepend="," property="numRegistro" >
        #numRegistro:VARCHAR#
      </isNotNull>
      <isNotNull prepend="," property="codViaDir1" >
        #codViaDir1:CHAR#
      </isNotNull>
      <isNotNull prepend="," property="nomViaDir1" >
        #nomViaDir1:VARCHAR#
      </isNotNull>
      <isNotNull prepend="," property="numViaDir1" >
        #numViaDir1:VARCHAR#
      </isNotNull>
      <isNotNull prepend="," property="numDepaDir1" >
        #numDepaDir1:VARCHAR#
      </isNotNull>
      <isNotNull prepend="," property="numInteriorDir1" >
        #numInteriorDir1:VARCHAR#
      </isNotNull>
      <isNotNull prepend="," property="numManzDir1" >
        #numManzDir1:VARCHAR#
      </isNotNull>
      <isNotNull prepend="," property="numLoteDir1" >
        #numLoteDir1:VARCHAR#
      </isNotNull>
      <isNotNull prepend="," property="numKilomDir1" >
        #numKilomDir1:VARCHAR#
      </isNotNull>
      <isNotNull prepend="," property="numBlockDir1" >
        #numBlockDir1:VARCHAR#
      </isNotNull>
      <isNotNull prepend="," property="numEtapaDir1" >
        #numEtapaDir1:VARCHAR#
      </isNotNull>
      <isNotNull prepend="," property="codZonaDir1" >
        #codZonaDir1:CHAR#
      </isNotNull>
      <isNotNull prepend="," property="nomZonaDir1" >
        #nomZonaDir1:VARCHAR#
      </isNotNull>
      <isNotNull prepend="," property="desReferDir1" >
        #desReferDir1:VARCHAR#
      </isNotNull>
      <isNotNull prepend="," property="codUbigeoDir1" >
        #codUbigeoDir1:CHAR#
      </isNotNull>
      <isNotNull prepend="," property="codViaDir2" >
        #codViaDir2:CHAR#
      </isNotNull>
      <isNotNull prepend="," property="nomViaDir2" >
        #nomViaDir2:VARCHAR#
      </isNotNull>
      <isNotNull prepend="," property="numViaDir2" >
        #numViaDir2:VARCHAR#
      </isNotNull>
      <isNotNull prepend="," property="numDepaDir2" >
        #numDepaDir2:VARCHAR#
      </isNotNull>
      <isNotNull prepend="," property="numInteriorDir2" >
        #numInteriorDir2:VARCHAR#
      </isNotNull>
      <isNotNull prepend="," property="numManzDir2" >
        #numManzDir2:VARCHAR#
      </isNotNull>
      <isNotNull prepend="," property="numLoteDir2" >
        #numLoteDir2:VARCHAR#
      </isNotNull>
      <isNotNull prepend="," property="numKilomDir2" >
        #numKilomDir2:VARCHAR#
      </isNotNull>
      <isNotNull prepend="," property="numBlockDir2" >
        #numBlockDir2:VARCHAR#
      </isNotNull>
      <isNotNull prepend="," property="numEtapaDir2" >
        #numEtapaDir2:VARCHAR#
      </isNotNull>
      <isNotNull prepend="," property="codZonaDir2" >
        #codZonaDir2:CHAR#
      </isNotNull>
      <isNotNull prepend="," property="nomZonaDir2" >
        #nomZonaDir2:VARCHAR#
      </isNotNull>
      <isNotNull prepend="," property="desReferDir2" >
        #desReferDir2:VARCHAR#
      </isNotNull>
      <isNotNull prepend="," property="indCentAsis" >
        #indCentAsis:CHAR#
      </isNotNull>
      <isNotNull prepend="," property="codUbigeoDir2" >
        #codUbigeoDir2:CHAR#
      </isNotNull>
      <isNotNull prepend="," property="indDel" >
        #indDel:CHAR#
      </isNotNull>
      <isNotNull prepend="," property="codUsucrea" >
        #codUsucrea:VARCHAR#
      </isNotNull>
      <isNotNull prepend="," property="fecCreacion" >
        #fecCreacion:TIMESTAMP#
      </isNotNull>
      <isNotNull prepend="," property="codUsumodif" >
        #codUsumodif:VARCHAR#
      </isNotNull>
      <isNotNull prepend="," property="fecModif" >
        #fecModif:TIMESTAMP#
      </isNotNull>
      <isNotNull prepend="," property="codTelefLarDis" >
        #codTelefLarDis:CHAR#
      </isNotNull>
      <isNotNull prepend="," property="numTelef" >
        #numTelef:VARCHAR#
      </isNotNull>
      <isNotNull prepend="," property="codCelLarDis" >
        #codCelLarDis:CHAR#
      </isNotNull>
      <isNotNull prepend="," property="numCelular" >
        #numCelular:VARCHAR#
      </isNotNull>
      <isNotNull prepend="," property="desCorreo" >
        #desCorreo:VARCHAR#
      </isNotNull>
      <isNotNull prepend="," property="desDomiciDir1" >
        #desDomiciDir1:VARCHAR#
      </isNotNull>
      <isNotNull prepend="," property="desUbigeoDir1" >
        #desUbigeoDir1:VARCHAR#
      </isNotNull>
      <isNotNull prepend="," property="indReniec" >
        #indReniec:CHAR#
      </isNotNull>
      <isNotNull prepend="," property="fecInivinc" >
        #fecInivinc:DATE#
      </isNotNull>
      <isNotNull prepend="," property="indSubsidSepe" >
        #indSubsidSepe:CHAR#
      </isNotNull>
      <isNotNull prepend="," property="indDiscapacidad" >
        #indDiscapacidad:CHAR#
      </isNotNull>
      <isNotNull prepend="," property="indEstudiante" >
        #indEstudiante:CHAR#
      </isNotNull>
      )
    </dynamic>
  </insert>
  
  <select id="countByExample" parameterClass="pe.gob.sunat.recurso2.humano.decljurada.model.DeclaraDerechohabExample" resultClass="java.lang.Integer" >
    select count(*) from t4880derechohab
    <include refid="t4880derechohab.Example_Where_Clause" />
  </select>
  
  <update id="updateByExampleSelective" >
    update t4880derechohab
    <dynamic prepend="set" >
      <isNotNull prepend="," property="record.annDdjj" >
        ann_ddjj = #record.annDdjj:CHAR#
      </isNotNull>
      <isNotNull prepend="," property="record.indEstado" >
        ind_estado = #record.indEstado:CHAR#
      </isNotNull>
      <isNotNull prepend="," property="record.numDdjj" >
        num_ddjj = #record.numDdjj:INTEGER#
      </isNotNull>
      <isNotNull prepend="," property="record.codPersonal" >
        cod_personal = #record.codPersonal:VARCHAR#
      </isNotNull>
      <isNotNull prepend="," property="record.codUorgan" >
        cod_uorgan = #record.codUorgan:VARCHAR#
      </isNotNull>
      <isNotNull prepend="," property="record.codDocum" >
        cod_docum = #record.codDocum:CHAR#
      </isNotNull>
      <isNotNull prepend="," property="record.numDocum" >
        num_docum = #record.numDocum:VARCHAR#
      </isNotNull>
      <isNotNull prepend="," property="record.codDocumDer" >
        cod_docum_der = #record.codDocumDer:CHAR#
      </isNotNull>
      <isNotNull prepend="," property="record.numDocumDer" >
        num_docum_der = #record.numDocumDer:VARCHAR#
      </isNotNull>
      <isNotNull prepend="," property="record.codPaisEmiDoc" >
        cod_pais_emi_doc = #record.codPaisEmiDoc:CHAR#
      </isNotNull>
      <isNotNull prepend="," property="record.fecNacimientoDer" >
        fec_nacimiento_der = #record.fecNacimientoDer:DATE#
      </isNotNull>
      <isNotNull prepend="," property="record.apePatDer" >
        ape_pat_der = #record.apePatDer:VARCHAR#
      </isNotNull>
      <isNotNull prepend="," property="record.apeMatDer" >
        ape_mat_der = #record.apeMatDer:VARCHAR#
      </isNotNull>
      <isNotNull prepend="," property="record.nomDer" >
        nom_der = #record.nomDer:VARCHAR#
      </isNotNull>
      <isNotNull prepend="," property="record.indSexoDer" >
        ind_sexo_der = #record.indSexoDer:CHAR#
      </isNotNull>
      <isNotNull prepend="," property="record.codVinFam" >
        cod_vin_fam = #record.codVinFam:CHAR#
      </isNotNull>
      <isNotNull prepend="," property="record.codDocAcreVin" >
        cod_doc_acre_vin = #record.codDocAcreVin:CHAR#
      </isNotNull>
      <isNotNull prepend="," property="record.numDocAcreVin" >
        num_doc_acre_vin = #record.numDocAcreVin:VARCHAR#
      </isNotNull>
      <isNotNull prepend="," property="record.numMesConcep" >
        num_mes_concep = #record.numMesConcep:CHAR#
      </isNotNull>
      <isNotNull prepend="," property="record.indSituFam" >
        ind_situ_fam = #record.indSituFam:CHAR#
      </isNotNull>
      <isNotNull prepend="," property="record.fecBaja" >
        fec_baja = #record.fecBaja:DATE#
      </isNotNull>
      <isNotNull prepend="," property="record.codBaja" >
        cod_baja = #record.codBaja:CHAR#
      </isNotNull>
      <isNotNull prepend="," property="record.numDocBaja" >
        num_doc_baja = #record.numDocBaja:VARCHAR#
      </isNotNull>
      <isNotNull prepend="," property="record.indTrabSunat" >
        ind_trab_sunat = #record.indTrabSunat:CHAR#
      </isNotNull>
      <isNotNull prepend="," property="record.numRegistro" >
        num_registro = #record.numRegistro:VARCHAR#
      </isNotNull>
      <isNotNull prepend="," property="record.codViaDir1" >
        cod_via_dir1 = #record.codViaDir1:CHAR#
      </isNotNull>
      <isNotNull prepend="," property="record.nomViaDir1" >
        nom_via_dir1 = #record.nomViaDir1:VARCHAR#
      </isNotNull>
      <isNotNull prepend="," property="record.numViaDir1" >
        num_via_dir1 = #record.numViaDir1:VARCHAR#
      </isNotNull>
      <isNotNull prepend="," property="record.numDepaDir1" >
        num_depa_dir1 = #record.numDepaDir1:VARCHAR#
      </isNotNull>
      <isNotNull prepend="," property="record.numInteriorDir1" >
        num_interior_dir1 = #record.numInteriorDir1:VARCHAR#
      </isNotNull>
      <isNotNull prepend="," property="record.numManzDir1" >
        num_manz_dir1 = #record.numManzDir1:VARCHAR#
      </isNotNull>
      <isNotNull prepend="," property="record.numLoteDir1" >
        num_lote_dir1 = #record.numLoteDir1:VARCHAR#
      </isNotNull>
      <isNotNull prepend="," property="record.numKilomDir1" >
        num_kilom_dir1 = #record.numKilomDir1:VARCHAR#
      </isNotNull>
      <isNotNull prepend="," property="record.numBlockDir1" >
        num_block_dir1 = #record.numBlockDir1:VARCHAR#
      </isNotNull>
      <isNotNull prepend="," property="record.numEtapaDir1" >
        num_etapa_dir1 = #record.numEtapaDir1:VARCHAR#
      </isNotNull>
      <isNotNull prepend="," property="record.codZonaDir1" >
        cod_zona_dir1 = #record.codZonaDir1:CHAR#
      </isNotNull>
      <isNotNull prepend="," property="record.nomZonaDir1" >
        nom_zona_dir1 = #record.nomZonaDir1:VARCHAR#
      </isNotNull>
      <isNotNull prepend="," property="record.desReferDir1" >
        des_refer_dir1 = #record.desReferDir1:VARCHAR#
      </isNotNull>
      <isNotNull prepend="," property="record.codUbigeoDir1" >
        cod_ubigeo_dir1 = #record.codUbigeoDir1:CHAR#
      </isNotNull>
      <isNotNull prepend="," property="record.codViaDir2" >
        cod_via_dir2 = #record.codViaDir2:CHAR#
      </isNotNull>
      <isNotNull prepend="," property="record.nomViaDir2" >
        nom_via_dir2 = #record.nomViaDir2:VARCHAR#
      </isNotNull>
      <isNotNull prepend="," property="record.numViaDir2" >
        num_via_dir2 = #record.numViaDir2:VARCHAR#
      </isNotNull>
      <isNotNull prepend="," property="record.numDepaDir2" >
        num_depa_dir2 = #record.numDepaDir2:VARCHAR#
      </isNotNull>
      <isNotNull prepend="," property="record.numInteriorDir2" >
        num_interior_dir2 = #record.numInteriorDir2:VARCHAR#
      </isNotNull>
      <isNotNull prepend="," property="record.numManzDir2" >
        num_manz_dir2 = #record.numManzDir2:VARCHAR#
      </isNotNull>
      <isNotNull prepend="," property="record.numLoteDir2" >
        num_lote_dir2 = #record.numLoteDir2:VARCHAR#
      </isNotNull>
      <isNotNull prepend="," property="record.numKilomDir2" >
        num_kilom_dir2 = #record.numKilomDir2:VARCHAR#
      </isNotNull>
      <isNotNull prepend="," property="record.numBlockDir2" >
        num_block_dir2 = #record.numBlockDir2:VARCHAR#
      </isNotNull>
      <isNotNull prepend="," property="record.numEtapaDir2" >
        num_etapa_dir2 = #record.numEtapaDir2:VARCHAR#
      </isNotNull>
      <isNotNull prepend="," property="record.codZonaDir2" >
        cod_zona_dir2 = #record.codZonaDir2:CHAR#
      </isNotNull>
      <isNotNull prepend="," property="record.nomZonaDir2" >
        nom_zona_dir2 = #record.nomZonaDir2:VARCHAR#
      </isNotNull>
      <isNotNull prepend="," property="record.desReferDir2" >
        des_refer_dir2 = #record.desReferDir2:VARCHAR#
      </isNotNull>
      <isNotNull prepend="," property="record.indCentAsis" >
        ind_cent_asis = #record.indCentAsis:CHAR#
      </isNotNull>
      <isNotNull prepend="," property="record.codUbigeoDir2" >
        cod_ubigeo_dir2 = #record.codUbigeoDir2:CHAR#
      </isNotNull>
      <isNotNull prepend="," property="record.indDel" >
        ind_del = #record.indDel:CHAR#
      </isNotNull>
      <isNotNull prepend="," property="record.codUsucrea" >
        cod_usucrea = #record.codUsucrea:VARCHAR#
      </isNotNull>
      <isNotNull prepend="," property="record.fecCreacion" >
        fec_creacion = #record.fecCreacion:TIMESTAMP#
      </isNotNull>
      <isNotNull prepend="," property="record.codUsumodif" >
        cod_usumodif = #record.codUsumodif:VARCHAR#
      </isNotNull>
      <isNotNull prepend="," property="record.fecModif" >
        fec_modif = #record.fecModif:TIMESTAMP#
      </isNotNull>
      <isNotNull prepend="," property="record.codTelefLarDis" >
        cod_telef_lar_dis = #record.codTelefLarDis:CHAR#
      </isNotNull>
      <isNotNull prepend="," property="record.numTelef" >
        num_telef = #record.numTelef:VARCHAR#
      </isNotNull>
      <isNotNull prepend="," property="record.codCelLarDis" >
        cod_cel_lar_dis = #record.codCelLarDis:CHAR#
      </isNotNull>
      <isNotNull prepend="," property="record.numCelular" >
        num_celular = #record.numCelular:VARCHAR#
      </isNotNull>
      <isNotNull prepend="," property="record.desCorreo" >
        des_correo = #record.desCorreo:VARCHAR#
      </isNotNull>
      <isNotNull prepend="," property="record.desDomiciDir1" >
        des_domici_dir1 = #record.desDomiciDir1:VARCHAR#
      </isNotNull>
      <isNotNull prepend="," property="record.desUbigeoDir1" >
        des_ubigeo_dir1 = #record.desUbigeoDir1:VARCHAR#
      </isNotNull>
      <isNotNull prepend="," property="record.indReniec" >
        ind_reniec = #record.indReniec:CHAR#
      </isNotNull>
      <isNotNull prepend="," property="record.fecInivinc" >
        fec_inivinc = #record.fecInivinc:DATE#
      </isNotNull>
      <isNotNull prepend="," property="record.indSubsidSepe" >
        ind_subsid_sepe = #record.indSubsidSepe:CHAR#
      </isNotNull>
    <isNotNull prepend="," property="record.indDiscapacidad" >
        ind_discapacidad = #record.indDiscapacidad:CHAR#
      </isNotNull>
      <isNotNull prepend="," property="record.indEstudiante" >
        ind_estudiante = #record.indEstudiante:CHAR#
      </isNotNull>
    </dynamic>
    <isParameterPresent >
      <include refid="t4880derechohab.Example_Where_Clause" />
    </isParameterPresent>
  </update>
  
  <update id="updateByExample" >
    update t4880derechohab
    set ann_ddjj = #record.annDdjj:CHAR#,
      ind_estado = #record.indEstado:CHAR#,
      num_ddjj = #record.numDdjj:INTEGER#,
      cod_personal = #record.codPersonal:VARCHAR#,
      cod_uorgan = #record.codUorgan:VARCHAR#,
      cod_docum = #record.codDocum:CHAR#,
      num_docum = #record.numDocum:VARCHAR#,
      cod_docum_der = #record.codDocumDer:CHAR#,
      num_docum_der = #record.numDocumDer:VARCHAR#,
      cod_pais_emi_doc = #record.codPaisEmiDoc:CHAR#,
      fec_nacimiento_der = #record.fecNacimientoDer:DATE#,
      ape_pat_der = #record.apePatDer:VARCHAR#,
      ape_mat_der = #record.apeMatDer:VARCHAR#,
      nom_der = #record.nomDer:VARCHAR#,
      ind_sexo_der = #record.indSexoDer:CHAR#,
      cod_vin_fam = #record.codVinFam:CHAR#,
      cod_doc_acre_vin = #record.codDocAcreVin:CHAR#,
      num_doc_acre_vin = #record.numDocAcreVin:VARCHAR#,
      num_mes_concep = #record.numMesConcep:CHAR#,
      ind_situ_fam = #record.indSituFam:CHAR#,
      fec_baja = #record.fecBaja:DATE#,
      cod_baja = #record.codBaja:CHAR#,
      num_doc_baja = #record.numDocBaja:VARCHAR#,
      ind_trab_sunat = #record.indTrabSunat:CHAR#,
      num_registro = #record.numRegistro:VARCHAR#,
      cod_via_dir1 = #record.codViaDir1:CHAR#,
      nom_via_dir1 = #record.nomViaDir1:VARCHAR#,
      num_via_dir1 = #record.numViaDir1:VARCHAR#,
      num_depa_dir1 = #record.numDepaDir1:VARCHAR#,
      num_interior_dir1 = #record.numInteriorDir1:VARCHAR#,
      num_manz_dir1 = #record.numManzDir1:VARCHAR#,
      num_lote_dir1 = #record.numLoteDir1:VARCHAR#,
      num_kilom_dir1 = #record.numKilomDir1:VARCHAR#,
      num_block_dir1 = #record.numBlockDir1:VARCHAR#,
      num_etapa_dir1 = #record.numEtapaDir1:VARCHAR#,
      cod_zona_dir1 = #record.codZonaDir1:CHAR#,
      nom_zona_dir1 = #record.nomZonaDir1:VARCHAR#,
      des_refer_dir1 = #record.desReferDir1:VARCHAR#,
      cod_ubigeo_dir1 = #record.codUbigeoDir1:CHAR#,
      cod_via_dir2 = #record.codViaDir2:CHAR#,
      nom_via_dir2 = #record.nomViaDir2:VARCHAR#,
      num_via_dir2 = #record.numViaDir2:VARCHAR#,
      num_depa_dir2 = #record.numDepaDir2:VARCHAR#,
      num_interior_dir2 = #record.numInteriorDir2:VARCHAR#,
      num_manz_dir2 = #record.numManzDir2:VARCHAR#,
      num_lote_dir2 = #record.numLoteDir2:VARCHAR#,
      num_kilom_dir2 = #record.numKilomDir2:VARCHAR#,
      num_block_dir2 = #record.numBlockDir2:VARCHAR#,
      num_etapa_dir2 = #record.numEtapaDir2:VARCHAR#,
      cod_zona_dir2 = #record.codZonaDir2:CHAR#,
      nom_zona_dir2 = #record.nomZonaDir2:VARCHAR#,
      des_refer_dir2 = #record.desReferDir2:VARCHAR#,
      ind_cent_asis = #record.indCentAsis:CHAR#,
      cod_ubigeo_dir2 = #record.codUbigeoDir2:CHAR#,
      ind_del = #record.indDel:CHAR#,
      cod_usucrea = #record.codUsucrea:VARCHAR#,
      fec_creacion = #record.fecCreacion:TIMESTAMP#,
      cod_usumodif = #record.codUsumodif:VARCHAR#,
      fec_modif = #record.fecModif:TIMESTAMP#,
      cod_telef_lar_dis = #record.codTelefLarDis:CHAR#,
      num_telef = #record.numTelef:VARCHAR#,
      cod_cel_lar_dis = #record.codCelLarDis:CHAR#,
      num_celular = #record.numCelular:VARCHAR#,
      des_correo = #record.desCorreo:VARCHAR#,
      des_domici_dir1 = #record.desDomiciDir1:VARCHAR#,
      des_ubigeo_dir1 = #record.desUbigeoDir1:VARCHAR#,
      ind_reniec = #record.indReniec:CHAR#,
      fec_inivinc = #record.fecInivinc:DATE#,
      ind_subsid_sepe = #record.indSubsidSepe:CHAR#,
      ind_discapacidad = #record.indDiscapacidad:CHAR#,
      ind_estudiante = #record.indEstudiante:CHAR#
    <isParameterPresent >
      <include refid="t4880derechohab.Example_Where_Clause" />
    </isParameterPresent>
  </update>
  
  <update id="updateByPrimaryKeySelective" parameterClass="pe.gob.sunat.recurso2.humano.decljurada.model.DeclaraDerechohab" >
    update t4880derechohab
    <dynamic prepend="set" >
      <isNotNull prepend="," property="codPersonal" >
        cod_personal = #codPersonal:VARCHAR#
      </isNotNull>
      <isNotNull prepend="," property="codUorgan" >
        cod_uorgan = #codUorgan:VARCHAR#
      </isNotNull>
      <isNotNull prepend="," property="codDocum" >
        cod_docum = #codDocum:CHAR#
      </isNotNull>
      <isNotNull prepend="," property="numDocum" >
        num_docum = #numDocum:VARCHAR#
      </isNotNull>
      <isNotNull prepend="," property="codDocumDer" >
        cod_docum_der = #codDocumDer:CHAR#
      </isNotNull>
      <isNotNull prepend="," property="numDocumDer" >
        num_docum_der = #numDocumDer:VARCHAR#
      </isNotNull>
      <isNotNull prepend="," property="codPaisEmiDoc" >
        cod_pais_emi_doc = #codPaisEmiDoc:CHAR#
      </isNotNull>
      <isNotNull prepend="," property="fecNacimientoDer" >
        fec_nacimiento_der = #fecNacimientoDer:DATE#
      </isNotNull>
      <isNotNull prepend="," property="apePatDer" >
        ape_pat_der = #apePatDer:VARCHAR#
      </isNotNull>
      <isNotNull prepend="," property="apeMatDer" >
        ape_mat_der = #apeMatDer:VARCHAR#
      </isNotNull>
      <isNotNull prepend="," property="nomDer" >
        nom_der = #nomDer:VARCHAR#
      </isNotNull>
      <isNotNull prepend="," property="indSexoDer" >
        ind_sexo_der = #indSexoDer:CHAR#
      </isNotNull>
      <isNotNull prepend="," property="codVinFam" >
        cod_vin_fam = #codVinFam:CHAR#
      </isNotNull>
      <isNotNull prepend="," property="codDocAcreVin" >
        cod_doc_acre_vin = #codDocAcreVin:CHAR#
      </isNotNull>
      <isNotNull prepend="," property="numDocAcreVin" >
        num_doc_acre_vin = #numDocAcreVin:VARCHAR#
      </isNotNull>
      <isNotNull prepend="," property="numMesConcep" >
        num_mes_concep = #numMesConcep:CHAR#
      </isNotNull>
      <isNotNull prepend="," property="indSituFam" >
        ind_situ_fam = #indSituFam:CHAR#
      </isNotNull>
      <isNotNull prepend="," property="fecBaja" >
        fec_baja = #fecBaja:DATE#
      </isNotNull>
      <isNotNull prepend="," property="codBaja" >
        cod_baja = #codBaja:CHAR#
      </isNotNull>
      <isNotNull prepend="," property="numDocBaja" >
        num_doc_baja = #numDocBaja:VARCHAR#
      </isNotNull>
      <isNotNull prepend="," property="indTrabSunat" >
        ind_trab_sunat = #indTrabSunat:CHAR#
      </isNotNull>
      <isNotNull prepend="," property="numRegistro" >
        num_registro = #numRegistro:VARCHAR#
      </isNotNull>
      <isNotNull prepend="," property="codViaDir1" >
        cod_via_dir1 = #codViaDir1:CHAR#
      </isNotNull>
      <isNotNull prepend="," property="nomViaDir1" >
        nom_via_dir1 = #nomViaDir1:VARCHAR#
      </isNotNull>
      <isNotNull prepend="," property="numViaDir1" >
        num_via_dir1 = #numViaDir1:VARCHAR#
      </isNotNull>
      <isNotNull prepend="," property="numDepaDir1" >
        num_depa_dir1 = #numDepaDir1:VARCHAR#
      </isNotNull>
      <isNotNull prepend="," property="numInteriorDir1" >
        num_interior_dir1 = #numInteriorDir1:VARCHAR#
      </isNotNull>
      <isNotNull prepend="," property="numManzDir1" >
        num_manz_dir1 = #numManzDir1:VARCHAR#
      </isNotNull>
      <isNotNull prepend="," property="numLoteDir1" >
        num_lote_dir1 = #numLoteDir1:VARCHAR#
      </isNotNull>
      <isNotNull prepend="," property="numKilomDir1" >
        num_kilom_dir1 = #numKilomDir1:VARCHAR#
      </isNotNull>
      <isNotNull prepend="," property="numBlockDir1" >
        num_block_dir1 = #numBlockDir1:VARCHAR#
      </isNotNull>
      <isNotNull prepend="," property="numEtapaDir1" >
        num_etapa_dir1 = #numEtapaDir1:VARCHAR#
      </isNotNull>
      <isNotNull prepend="," property="codZonaDir1" >
        cod_zona_dir1 = #codZonaDir1:CHAR#
      </isNotNull>
      <isNotNull prepend="," property="nomZonaDir1" >
        nom_zona_dir1 = #nomZonaDir1:VARCHAR#
      </isNotNull>
      <isNotNull prepend="," property="desReferDir1" >
        des_refer_dir1 = #desReferDir1:VARCHAR#
      </isNotNull>
      <isNotNull prepend="," property="codUbigeoDir1" >
        cod_ubigeo_dir1 = #codUbigeoDir1:CHAR#
      </isNotNull>
      <isNotNull prepend="," property="codViaDir2" >
        cod_via_dir2 = #codViaDir2:CHAR#
      </isNotNull>
      <isNotNull prepend="," property="nomViaDir2" >
        nom_via_dir2 = #nomViaDir2:VARCHAR#
      </isNotNull>
      <isNotNull prepend="," property="numViaDir2" >
        num_via_dir2 = #numViaDir2:VARCHAR#
      </isNotNull>
      <isNotNull prepend="," property="numDepaDir2" >
        num_depa_dir2 = #numDepaDir2:VARCHAR#
      </isNotNull>
      <isNotNull prepend="," property="numInteriorDir2" >
        num_interior_dir2 = #numInteriorDir2:VARCHAR#
      </isNotNull>
      <isNotNull prepend="," property="numManzDir2" >
        num_manz_dir2 = #numManzDir2:VARCHAR#
      </isNotNull>
      <isNotNull prepend="," property="numLoteDir2" >
        num_lote_dir2 = #numLoteDir2:VARCHAR#
      </isNotNull>
      <isNotNull prepend="," property="numKilomDir2" >
        num_kilom_dir2 = #numKilomDir2:VARCHAR#
      </isNotNull>
      <isNotNull prepend="," property="numBlockDir2" >
        num_block_dir2 = #numBlockDir2:VARCHAR#
      </isNotNull>
      <isNotNull prepend="," property="numEtapaDir2" >
        num_etapa_dir2 = #numEtapaDir2:VARCHAR#
      </isNotNull>
      <isNotNull prepend="," property="codZonaDir2" >
        cod_zona_dir2 = #codZonaDir2:CHAR#
      </isNotNull>
      <isNotNull prepend="," property="nomZonaDir2" >
        nom_zona_dir2 = #nomZonaDir2:VARCHAR#
      </isNotNull>
      <isNotNull prepend="," property="desReferDir2" >
        des_refer_dir2 = #desReferDir2:VARCHAR#
      </isNotNull>
      <isNotNull prepend="," property="indCentAsis" >
        ind_cent_asis = #indCentAsis:CHAR#
      </isNotNull>
      <isNotNull prepend="," property="codUbigeoDir2" >
        cod_ubigeo_dir2 = #codUbigeoDir2:CHAR#
      </isNotNull>
      <isNotNull prepend="," property="indDel" >
        ind_del = #indDel:CHAR#
      </isNotNull>
      <isNotNull prepend="," property="codUsucrea" >
        cod_usucrea = #codUsucrea:VARCHAR#
      </isNotNull>
      <isNotNull prepend="," property="fecCreacion" >
        fec_creacion = #fecCreacion:TIMESTAMP#
      </isNotNull>
      <isNotNull prepend="," property="codUsumodif" >
        cod_usumodif = #codUsumodif:VARCHAR#
      </isNotNull>
      <isNotNull prepend="," property="fecModif" >
        fec_modif = #fecModif:TIMESTAMP#
      </isNotNull>
      <isNotNull prepend="," property="codTelefLarDis" >
        cod_telef_lar_dis = #codTelefLarDis:CHAR#
      </isNotNull>
      <isNotNull prepend="," property="numTelef" >
        num_telef = #numTelef:VARCHAR#
      </isNotNull>
      <isNotNull prepend="," property="codCelLarDis" >
        cod_cel_lar_dis = #codCelLarDis:CHAR#
      </isNotNull>
      <isNotNull prepend="," property="numCelular" >
        num_celular = #numCelular:VARCHAR#
      </isNotNull>
      <isNotNull prepend="," property="desCorreo" >
        des_correo = #desCorreo:VARCHAR#
      </isNotNull>
      <isNotNull prepend="," property="desDomiciDir1" >
        des_domici_dir1 = #desDomiciDir1:VARCHAR#
      </isNotNull>
      <isNotNull prepend="," property="desUbigeoDir1" >
        des_ubigeo_dir1 = #desUbigeoDir1:VARCHAR#
      </isNotNull>
      <isNotNull prepend="," property="indReniec" >
        ind_reniec = #indReniec:CHAR#
      </isNotNull>
      <isNotNull prepend="," property="fecInivinc" >
        fec_inivinc = #fecInivinc:DATE#
      </isNotNull>
      <isNotNull prepend="," property="indSubsidSepe" >
        ind_subsid_sepe = #indSubsidSepe:CHAR#
      </isNotNull>
    <isNotNull prepend="," property="indDiscapacidad" >
        ind_discapacidad = #indDiscapacidad:CHAR#
      </isNotNull>
      <isNotNull prepend="," property="indEstudiante" >
        ind_estudiante = #indEstudiante:CHAR#
      </isNotNull>
    </dynamic>
    where ann_ddjj = #annDdjj:CHAR#
      and ind_estado = #indEstado:CHAR#
      and num_ddjj = #numDdjj:INTEGER#
  </update>
  
  <update id="updateByPrimaryKey" parameterClass="pe.gob.sunat.recurso2.humano.decljurada.model.DeclaraDerechohab" >
    update t4880derechohab
    set cod_personal = #codPersonal:VARCHAR#,
      cod_uorgan = #codUorgan:VARCHAR#,
      cod_docum = #codDocum:CHAR#,
      num_docum = #numDocum:VARCHAR#,
      cod_docum_der = #codDocumDer:CHAR#,
      num_docum_der = #numDocumDer:VARCHAR#,
      cod_pais_emi_doc = #codPaisEmiDoc:CHAR#,
      fec_nacimiento_der = #fecNacimientoDer:DATE#,
      ape_pat_der = #apePatDer:VARCHAR#,
      ape_mat_der = #apeMatDer:VARCHAR#,
      nom_der = #nomDer:VARCHAR#,
      ind_sexo_der = #indSexoDer:CHAR#,
      cod_vin_fam = #codVinFam:CHAR#,
      cod_doc_acre_vin = #codDocAcreVin:CHAR#,
      num_doc_acre_vin = #numDocAcreVin:VARCHAR#,
      num_mes_concep = #numMesConcep:CHAR#,
      ind_situ_fam = #indSituFam:CHAR#,
      fec_baja = #fecBaja:DATE#,
      cod_baja = #codBaja:CHAR#,
      num_doc_baja = #numDocBaja:VARCHAR#,
      ind_trab_sunat = #indTrabSunat:CHAR#,
      num_registro = #numRegistro:VARCHAR#,
      cod_via_dir1 = #codViaDir1:CHAR#,
      nom_via_dir1 = #nomViaDir1:VARCHAR#,
      num_via_dir1 = #numViaDir1:VARCHAR#,
      num_depa_dir1 = #numDepaDir1:VARCHAR#,
      num_interior_dir1 = #numInteriorDir1:VARCHAR#,
      num_manz_dir1 = #numManzDir1:VARCHAR#,
      num_lote_dir1 = #numLoteDir1:VARCHAR#,
      num_kilom_dir1 = #numKilomDir1:VARCHAR#,
      num_block_dir1 = #numBlockDir1:VARCHAR#,
      num_etapa_dir1 = #numEtapaDir1:VARCHAR#,
      cod_zona_dir1 = #codZonaDir1:CHAR#,
      nom_zona_dir1 = #nomZonaDir1:VARCHAR#,
      des_refer_dir1 = #desReferDir1:VARCHAR#,
      cod_ubigeo_dir1 = #codUbigeoDir1:CHAR#,
      cod_via_dir2 = #codViaDir2:CHAR#,
      nom_via_dir2 = #nomViaDir2:VARCHAR#,
      num_via_dir2 = #numViaDir2:VARCHAR#,
      num_depa_dir2 = #numDepaDir2:VARCHAR#,
      num_interior_dir2 = #numInteriorDir2:VARCHAR#,
      num_manz_dir2 = #numManzDir2:VARCHAR#,
      num_lote_dir2 = #numLoteDir2:VARCHAR#,
      num_kilom_dir2 = #numKilomDir2:VARCHAR#,
      num_block_dir2 = #numBlockDir2:VARCHAR#,
      num_etapa_dir2 = #numEtapaDir2:VARCHAR#,
      cod_zona_dir2 = #codZonaDir2:CHAR#,
      nom_zona_dir2 = #nomZonaDir2:VARCHAR#,
      des_refer_dir2 = #desReferDir2:VARCHAR#,
      ind_cent_asis = #indCentAsis:CHAR#,
      cod_ubigeo_dir2 = #codUbigeoDir2:CHAR#,
      ind_del = #indDel:CHAR#,
      cod_usucrea = #codUsucrea:VARCHAR#,
      fec_creacion = #fecCreacion:TIMESTAMP#,
      cod_usumodif = #codUsumodif:VARCHAR#,
      fec_modif = #fecModif:TIMESTAMP#,
      cod_telef_lar_dis = #codTelefLarDis:CHAR#,
      num_telef = #numTelef:VARCHAR#,
      cod_cel_lar_dis = #codCelLarDis:CHAR#,
      num_celular = #numCelular:VARCHAR#,
      des_correo = #desCorreo:VARCHAR#,
      des_domici_dir1 = #desDomiciDir1:VARCHAR#,
      des_ubigeo_dir1 = #desUbigeoDir1:VARCHAR#,
      ind_reniec = #indReniec:CHAR#,
      fec_inivinc = #fecInivinc:DATE#,
      ind_subsid_sepe = #indSubsidSepe:CHAR#,
      ind_discapacidad = #indDiscapacidad:CHAR#,
      ind_estudiante = #indEstudiante:CHAR#
    where ann_ddjj = #annDdjj:CHAR#
      and ind_estado = #indEstado:CHAR#
      and num_ddjj = #numDdjj:INTEGER#
  </update>
  
  <!-- personalizado -->
  
  <select id="listarUltimasDeclaraciones" resultMap="BaseResultMap" parameterClass="pe.gob.sunat.recurso2.humano.decljurada.model.DeclaraDerechohab" >
	select d.ann_ddjj, d.ind_estado, d.num_ddjj, d.cod_personal, d.cod_uorgan, d.cod_docum, d.num_docum,
      d.cod_docum_der, d.num_docum_der, d.cod_pais_emi_doc, d.fec_nacimiento_der, d.ape_pat_der, d.ape_mat_der,
      d.nom_der, d.ind_sexo_der, d.cod_vin_fam, d.cod_doc_acre_vin, d.num_doc_acre_vin, d.num_mes_concep,
      d.ind_situ_fam, d.fec_baja, d.cod_baja, d.num_doc_baja, d.ind_trab_sunat, d.num_registro, d.cod_via_dir1,
      d.nom_via_dir1, d.num_via_dir1, d.num_depa_dir1, d.num_interior_dir1, d.num_manz_dir1, d.num_lote_dir1,
      d.num_kilom_dir1, d.num_block_dir1, d.num_etapa_dir1, d.cod_zona_dir1, d.nom_zona_dir1, d.des_refer_dir1,
      d.cod_ubigeo_dir1, d.cod_via_dir2, d.nom_via_dir2, d.num_via_dir2, d.num_depa_dir2, d.num_interior_dir2,
      d.num_manz_dir2, d.num_lote_dir2, d.num_kilom_dir2, d.num_block_dir2, d.num_etapa_dir2, d.cod_zona_dir2,
      d.nom_zona_dir2, d.des_refer_dir2, d.ind_cent_asis, d.cod_ubigeo_dir2, d.ind_del, d.cod_usucrea,
      d.fec_creacion, d.cod_usumodif, d.fec_modif, d.cod_telef_lar_dis, d.num_telef, d.cod_cel_lar_dis,
      d.num_celular, d.des_correo, d.des_domici_dir1, d.des_ubigeo_dir1, d.ind_reniec, d.fec_inivinc,
      d.ind_subsid_sepe, d.ind_discapacidad, d.ind_estudiante
    from t4880derechohab d
    where 
  		d.cod_personal = #codPersonal# 
	  	and d.ind_estado = 'P' 
	  	and d.ind_del = '0'
  	<isNotNull prepend="and" property="codDocumDer" >
       	d.cod_docum_der = #codDocumDer#
    </isNotNull>
    <isNotNull prepend="and" property="numDocumDer" >
    	d.num_docum_der = #numDocumDer#
    </isNotNull>
  	union 
	select d.ann_ddjj, d.ind_estado, d.num_ddjj, d.cod_personal, d.cod_uorgan, d.cod_docum, d.num_docum,
      d.cod_docum_der, d.num_docum_der, d.cod_pais_emi_doc, d.fec_nacimiento_der, d.ape_pat_der, d.ape_mat_der,
      d.nom_der, d.ind_sexo_der, d.cod_vin_fam, d.cod_doc_acre_vin, d.num_doc_acre_vin, d.num_mes_concep,
      d.ind_situ_fam, d.fec_baja, d.cod_baja, d.num_doc_baja, d.ind_trab_sunat, d.num_registro, d.cod_via_dir1,
      d.nom_via_dir1, d.num_via_dir1, d.num_depa_dir1, d.num_interior_dir1, d.num_manz_dir1, d.num_lote_dir1,
      d.num_kilom_dir1, d.num_block_dir1, d.num_etapa_dir1, d.cod_zona_dir1, d.nom_zona_dir1, d.des_refer_dir1,
      d.cod_ubigeo_dir1, d.cod_via_dir2, d.nom_via_dir2, d.num_via_dir2, d.num_depa_dir2, d.num_interior_dir2,
      d.num_manz_dir2, d.num_lote_dir2, d.num_kilom_dir2, d.num_block_dir2, d.num_etapa_dir2, d.cod_zona_dir2,
      d.nom_zona_dir2, d.des_refer_dir2, d.ind_cent_asis, d.cod_ubigeo_dir2, d.ind_del, d.cod_usucrea,
      d.fec_creacion, d.cod_usumodif, d.fec_modif, d.cod_telef_lar_dis, d.num_telef, d.cod_cel_lar_dis,
      d.num_celular, d.des_correo, d.des_domici_dir1, d.des_ubigeo_dir1, d.ind_reniec, d.fec_inivinc,
      d.ind_subsid_sepe, d.ind_discapacidad, d.ind_estudiante
	from 
	t4880derechohab d, t4878ddjjsegui s
	where 
	d.ann_ddjj = s.ann_ddjj
	and d.num_ddjj = s.num_ddjj
	and d.cod_personal = s.cod_personal
	and d.ind_estado = s.ind_estadoid
	and s.cod_personal = #codPersonal#
	and s.ind_ult_seg = '1'
	and d.ind_del = '0' 
	and d.ind_estado in ('E','A','D','S')
	<isNotNull prepend="and" property="codDocumDer" >
       	d.cod_docum_der = #codDocumDer#
    </isNotNull>
    <isNotNull prepend="and" property="numDocumDer" >
    	d.num_docum_der = #numDocumDer#
    </isNotNull>
    and d.num_docum_der not in (
    	select t.num_docum_der from t4880derechohab t 
    	where t.cod_personal = #codPersonal# and t.ind_estado = 'P' and t.ind_del = '0'
    )
	order by d.num_docum_der asc, d.num_ddjj desc
  </select>
  
</sqlMap>