<?xml version="1.0" encoding="UTF-8" ?>
<!DOCTYPE sqlMap PUBLIC "-//ibatis.apache.org//DTD SQL Map 2.0//EN" "http://ibatis.apache.org/dtd/sql-map-2.dtd" >
<sqlMap namespace="t4881formacad" >
  <resultMap id="BaseResultMap" class="pe.gob.sunat.recurso2.humano.decljurada.model.FormacionRtps" >
    <result column="ann_ddjj" property="annDdjj" jdbcType="CHAR" />
    <result column="num_correl" property="numCorrel" jdbcType="SMALLINT" />
    <result column="num_ddjj" property="numDdjj" jdbcType="INTEGER" />
    <result column="cod_gra_aca" property="codGraAca" jdbcType="CHAR" />
    <result column="cod_inst" property="codInst" jdbcType="CHAR" />
    <result column="cod_espe" property="codEspe" jdbcType="CHAR" />
    <result column="cod_ord_mer" property="codOrdMer" jdbcType="CHAR" />
    <result column="fec_ini" property="fecIni" jdbcType="DATE" />
    <result column="fec_fin" property="fecFin" jdbcType="DATE" />
    <result column="des_nota" property="desNota" jdbcType="VARCHAR" />
    <result column="cod_usucrea" property="codUsucrea" jdbcType="VARCHAR" />
    <result column="fec_creacion" property="fecCreacion" jdbcType="TIMESTAMP" />
    <result column="cod_usumodif" property="codUsumodif" jdbcType="VARCHAR" />
    <result column="fec_modif" property="fecModif" jdbcType="TIMESTAMP" />
  </resultMap>
  
  <sql id="Example_Where_Clause" >
    <iterate property="oredCriteria" conjunction="or" prepend="where" removeFirstPrepend="iterate" >
      <isEqual property="oredCriteria[].valid" compareValue="true" >
        (
        <iterate prepend="and" property="oredCriteria[].criteriaWithoutValue" conjunction="and" >
          $oredCriteria[].criteriaWithoutValue[]$
        </iterate>
        <iterate prepend="and" property="oredCriteria[].criteriaWithSingleValue" conjunction="and" >
          $oredCriteria[].criteriaWithSingleValue[].condition$
            #oredCriteria[].criteriaWithSingleValue[].value#
        </iterate>
        <iterate prepend="and" property="oredCriteria[].criteriaWithListValue" conjunction="and" >
          $oredCriteria[].criteriaWithListValue[].condition$
          <iterate property="oredCriteria[].criteriaWithListValue[].values" open="(" close=")" conjunction="," >
            #oredCriteria[].criteriaWithListValue[].values[]#
          </iterate>
        </iterate>
        <iterate prepend="and" property="oredCriteria[].criteriaWithBetweenValue" conjunction="and" >
          $oredCriteria[].criteriaWithBetweenValue[].condition$
          #oredCriteria[].criteriaWithBetweenValue[].values[0]# and
          #oredCriteria[].criteriaWithBetweenValue[].values[1]#
        </iterate>
        )
      </isEqual>
    </iterate>
  </sql>
  
  <select id="selectByExample" resultMap="BaseResultMap" parameterClass="pe.gob.sunat.recurso2.humano.decljurada.model.FormacionRtpsExample" >
    select ann_ddjj, num_correl, num_ddjj, cod_gra_aca, cod_inst, cod_espe, cod_ord_mer, fec_ini,
      fec_fin, des_nota, cod_usucrea, fec_creacion, cod_usumodif, fec_modif
    from t4881formacad
    <isParameterPresent >
      <include refid="t4881formacad.Example_Where_Clause" />
      <isNotNull property="orderByClause" >
        order by $orderByClause$
      </isNotNull>
    </isParameterPresent>
  </select>
  
  <select id="selectByPrimaryKey" resultMap="BaseResultMap" parameterClass="pe.gob.sunat.recurso2.humano.decljurada.model.FormacionRtpsKey" >
    select ann_ddjj, num_correl, num_ddjj, cod_gra_aca, cod_inst, cod_espe, cod_ord_mer, fec_ini,
      fec_fin, des_nota, cod_usucrea, fec_creacion, cod_usumodif, fec_modif
    from t4881formacad
    where ann_ddjj = #annDdjj:CHAR#
      and num_correl = #numCorrel:SMALLINT#
      and num_ddjj = #numDdjj:INTEGER#
  </select>
  
  <delete id="deleteByPrimaryKey" parameterClass="pe.gob.sunat.recurso2.humano.decljurada.model.FormacionRtpsKey" >
    delete from t4881formacad
    where ann_ddjj = #annDdjj:CHAR#
      and num_correl = #numCorrel:SMALLINT#
      and num_ddjj = #numDdjj:INTEGER#
  </delete>
  
  <delete id="deleteByExample" parameterClass="pe.gob.sunat.recurso2.humano.decljurada.model.FormacionRtpsExample" >
    delete from t4881formacad
    <include refid="t4881formacad.Example_Where_Clause" />
  </delete>
  
  <insert id="insert" parameterClass="pe.gob.sunat.recurso2.humano.decljurada.model.FormacionRtps" >
    insert into t4881formacad (ann_ddjj, num_correl, num_ddjj, cod_gra_aca, cod_inst, cod_espe,
      cod_ord_mer, fec_ini, fec_fin, des_nota, cod_usucrea, fec_creacion, cod_usumodif, fec_modif)
    values (#annDdjj:CHAR#, #numCorrel:SMALLINT#, #numDdjj:INTEGER#, #codGraAca:CHAR#,
      #codInst:CHAR#, #codEspe:CHAR#, #codOrdMer:CHAR#, #fecIni:DATE#, #fecFin:DATE#,
      #desNota:VARCHAR#, #codUsucrea:VARCHAR#, #fecCreacion:TIMESTAMP#, #codUsumodif:VARCHAR#,
      #fecModif:TIMESTAMP#)
  </insert>
  
  <insert id="insertSelective" parameterClass="pe.gob.sunat.recurso2.humano.decljurada.model.FormacionRtps" >
    insert into t4881formacad
    <dynamic prepend="(" >
      <isNotNull prepend="," property="annDdjj" >
        ann_ddjj
      </isNotNull>
      <isNotNull prepend="," property="numCorrel" >
        num_correl
      </isNotNull>
      <isNotNull prepend="," property="numDdjj" >
        num_ddjj
      </isNotNull>
      <isNotNull prepend="," property="codGraAca" >
        cod_gra_aca
      </isNotNull>
      <isNotNull prepend="," property="codInst" >
        cod_inst
      </isNotNull>
      <isNotNull prepend="," property="codEspe" >
        cod_espe
      </isNotNull>
      <isNotNull prepend="," property="codOrdMer" >
        cod_ord_mer
      </isNotNull>
      <isNotNull prepend="," property="fecIni" >
        fec_ini
      </isNotNull>
      <isNotNull prepend="," property="fecFin" >
        fec_fin
      </isNotNull>
      <isNotNull prepend="," property="desNota" >
        des_nota
      </isNotNull>
      <isNotNull prepend="," property="codUsucrea" >
        cod_usucrea
      </isNotNull>
      <isNotNull prepend="," property="fecCreacion" >
        fec_creacion
      </isNotNull>
      <isNotNull prepend="," property="codUsumodif" >
        cod_usumodif
      </isNotNull>
      <isNotNull prepend="," property="fecModif" >
        fec_modif
      </isNotNull>
      )
    </dynamic>
    values
    <dynamic prepend="(" >
      <isNotNull prepend="," property="annDdjj" >
        #annDdjj:CHAR#
      </isNotNull>
      <isNotNull prepend="," property="numCorrel" >
        #numCorrel:SMALLINT#
      </isNotNull>
      <isNotNull prepend="," property="numDdjj" >
        #numDdjj:INTEGER#
      </isNotNull>
      <isNotNull prepend="," property="codGraAca" >
        #codGraAca:CHAR#
      </isNotNull>
      <isNotNull prepend="," property="codInst" >
        #codInst:CHAR#
      </isNotNull>
      <isNotNull prepend="," property="codEspe" >
        #codEspe:CHAR#
      </isNotNull>
      <isNotNull prepend="," property="codOrdMer" >
        #codOrdMer:CHAR#
      </isNotNull>
      <isNotNull prepend="," property="fecIni" >
        #fecIni:DATE#
      </isNotNull>
      <isNotNull prepend="," property="fecFin" >
        #fecFin:DATE#
      </isNotNull>
      <isNotNull prepend="," property="desNota" >
        #desNota:VARCHAR#
      </isNotNull>
      <isNotNull prepend="," property="codUsucrea" >
        #codUsucrea:VARCHAR#
      </isNotNull>
      <isNotNull prepend="," property="fecCreacion" >
        #fecCreacion:TIMESTAMP#
      </isNotNull>
      <isNotNull prepend="," property="codUsumodif" >
        #codUsumodif:VARCHAR#
      </isNotNull>
      <isNotNull prepend="," property="fecModif" >
        #fecModif:TIMESTAMP#
      </isNotNull>
      )
    </dynamic>
  </insert>
  
  <select id="countByExample" parameterClass="pe.gob.sunat.recurso2.humano.decljurada.model.FormacionRtpsExample" resultClass="java.lang.Integer" >
    select count(*) from t4881formacad
    <include refid="t4881formacad.Example_Where_Clause" />
  </select>
  
  <update id="updateByExampleSelective" >
    update t4881formacad
    <dynamic prepend="set" >
      <isNotNull prepend="," property="record.annDdjj" >
        ann_ddjj = #record.annDdjj:CHAR#
      </isNotNull>
      <isNotNull prepend="," property="record.numCorrel" >
        num_correl = #record.numCorrel:SMALLINT#
      </isNotNull>
      <isNotNull prepend="," property="record.numDdjj" >
        num_ddjj = #record.numDdjj:INTEGER#
      </isNotNull>
      <isNotNull prepend="," property="record.codGraAca" >
        cod_gra_aca = #record.codGraAca:CHAR#
      </isNotNull>
      <isNotNull prepend="," property="record.codInst" >
        cod_inst = #record.codInst:CHAR#
      </isNotNull>
      <isNotNull prepend="," property="record.codEspe" >
        cod_espe = #record.codEspe:CHAR#
      </isNotNull>
      <isNotNull prepend="," property="record.codOrdMer" >
        cod_ord_mer = #record.codOrdMer:CHAR#
      </isNotNull>
      <isNotNull prepend="," property="record.fecIni" >
        fec_ini = #record.fecIni:DATE#
      </isNotNull>
      <isNotNull prepend="," property="record.fecFin" >
        fec_fin = #record.fecFin:DATE#
      </isNotNull>
      <isNotNull prepend="," property="record.desNota" >
        des_nota = #record.desNota:VARCHAR#
      </isNotNull>
      <isNotNull prepend="," property="record.codUsucrea" >
        cod_usucrea = #record.codUsucrea:VARCHAR#
      </isNotNull>
      <isNotNull prepend="," property="record.fecCreacion" >
        fec_creacion = #record.fecCreacion:TIMESTAMP#
      </isNotNull>
      <isNotNull prepend="," property="record.codUsumodif" >
        cod_usumodif = #record.codUsumodif:VARCHAR#
      </isNotNull>
      <isNotNull prepend="," property="record.fecModif" >
        fec_modif = #record.fecModif:TIMESTAMP#
      </isNotNull>
    </dynamic>
    <isParameterPresent >
      <include refid="t4881formacad.Example_Where_Clause" />
    </isParameterPresent>
  </update>
  
  <update id="updateByExample" >
    update t4881formacad
    set ann_ddjj = #record.annDdjj:CHAR#,
      num_correl = #record.numCorrel:SMALLINT#,
      num_ddjj = #record.numDdjj:INTEGER#,
      cod_gra_aca = #record.codGraAca:CHAR#,
      cod_inst = #record.codInst:CHAR#,
      cod_espe = #record.codEspe:CHAR#,
      cod_ord_mer = #record.codOrdMer:CHAR#,
      fec_ini = #record.fecIni:DATE#,
      fec_fin = #record.fecFin:DATE#,
      des_nota = #record.desNota:VARCHAR#,
      cod_usucrea = #record.codUsucrea:VARCHAR#,
      fec_creacion = #record.fecCreacion:TIMESTAMP#,
      cod_usumodif = #record.codUsumodif:VARCHAR#,
      fec_modif = #record.fecModif:TIMESTAMP#
    <isParameterPresent >
      <include refid="t4881formacad.Example_Where_Clause" />
    </isParameterPresent>
  </update>
  
  <update id="updateByPrimaryKeySelective" parameterClass="pe.gob.sunat.recurso2.humano.decljurada.model.FormacionRtps" >
    update t4881formacad
    <dynamic prepend="set" >
      <isNotNull prepend="," property="codGraAca" >
        cod_gra_aca = #codGraAca:CHAR#
      </isNotNull>
      <isNotNull prepend="," property="codInst" >
        cod_inst = #codInst:CHAR#
      </isNotNull>
      <isNotNull prepend="," property="codEspe" >
        cod_espe = #codEspe:CHAR#
      </isNotNull>
      <isNotNull prepend="," property="codOrdMer" >
        cod_ord_mer = #codOrdMer:CHAR#
      </isNotNull>
      <isNotNull prepend="," property="fecIni" >
        fec_ini = #fecIni:DATE#
      </isNotNull>
      <isNotNull prepend="," property="fecFin" >
        fec_fin = #fecFin:DATE#
      </isNotNull>
      <isNotNull prepend="," property="desNota" >
        des_nota = #desNota:VARCHAR#
      </isNotNull>
      <isNotNull prepend="," property="codUsucrea" >
        cod_usucrea = #codUsucrea:VARCHAR#
      </isNotNull>
      <isNotNull prepend="," property="fecCreacion" >
        fec_creacion = #fecCreacion:TIMESTAMP#
      </isNotNull>
      <isNotNull prepend="," property="codUsumodif" >
        cod_usumodif = #codUsumodif:VARCHAR#
      </isNotNull>
      <isNotNull prepend="," property="fecModif" >
        fec_modif = #fecModif:TIMESTAMP#
      </isNotNull>
    </dynamic>
    where ann_ddjj = #annDdjj:CHAR#
      and num_correl = #numCorrel:SMALLINT#
      and num_ddjj = #numDdjj:INTEGER#
  </update>
  
  <update id="updateByPrimaryKey" parameterClass="pe.gob.sunat.recurso2.humano.decljurada.model.FormacionRtps" >
    update t4881formacad
    set cod_gra_aca = #codGraAca:CHAR#,
      cod_inst = #codInst:CHAR#,
      cod_espe = #codEspe:CHAR#,
      cod_ord_mer = #codOrdMer:CHAR#,
      fec_ini = #fecIni:DATE#,
      fec_fin = #fecFin:DATE#,
      des_nota = #desNota:VARCHAR#,
      cod_usucrea = #codUsucrea:VARCHAR#,
      fec_creacion = #fecCreacion:TIMESTAMP#,
      cod_usumodif = #codUsumodif:VARCHAR#,
      fec_modif = #fecModif:TIMESTAMP#
    where ann_ddjj = #annDdjj:CHAR#
      and num_correl = #numCorrel:SMALLINT#
      and num_ddjj = #numDdjj:INTEGER#
  </update>
  
</sqlMap>