<?xml version="1.0" encoding="UTF-8" ?>
<!DOCTYPE sqlMap PUBLIC "-//ibatis.apache.org//DTD SQL Map 2.0//EN" "http://ibatis.apache.org/dtd/sql-map-2.dtd" >
<sqlMap namespace="t4946tregisimp05" >
  <resultMap id="BaseResultMap" class="pe.gob.sunat.recurso2.humano.decljurada.model.Estructura05" >
    <result column="fec_proceso" property="fecProceso" jdbcType="TIMESTAMP" />
    <result column="cod_docum" property="codDocum" jdbcType="CHAR" />
    <result column="num_docum" property="numDocum" jdbcType="VARCHAR" />
    <result column="cod_pais_emi_doc" property="codPaisEmiDoc" jdbcType="CHAR" />
    <result column="cod_reg_lab" property="codRegLab" jdbcType="CHAR" />
    <result column="cod_nvl_edu" property="codNvlEdu" jdbcType="CHAR" />
    <result column="cod_ocup" property="codOcup" jdbcType="CHAR" />
    <result column="ind_discapacidad" property="indDiscapacidad" jdbcType="CHAR" />
    <result column="des_cussp" property="desCussp" jdbcType="VARCHAR" />
    <result column="ind_sctr" property="indSctr" jdbcType="CHAR" />
    <result column="cod_tip_contrato" property="codTipContrato" jdbcType="CHAR" />
    <result column="ind_reg" property="indReg" jdbcType="CHAR" />
    <result column="ind_jor_tra_max" property="indJorTraMax" jdbcType="CHAR" />
    <result column="ind_hor_noct" property="indHorNoct" jdbcType="CHAR" />
    <result column="ind_sindical" property="indSindical" jdbcType="CHAR" />
    <result column="ind_periodicidad" property="indPeriodicidad" jdbcType="CHAR" />
    <result column="num_monto_rem" property="numMontoRem" jdbcType="DECIMAL" />
    <result column="cod_situ" property="codSitu" jdbcType="CHAR" />
    <result column="ind_rent_quinta" property="indRentQuinta" jdbcType="CHAR" />
    <result column="ind_situ_esp_tra" property="indSituEspTra" jdbcType="CHAR" />
    <result column="ind_tip_pago" property="indTipPago" jdbcType="CHAR" />
    <result column="cod_cat_ocup" property="codCatOcup" jdbcType="CHAR" />
    <result column="ind_conv" property="indConv" jdbcType="CHAR" />
    <result column="num_ruc" property="numRuc" jdbcType="VARCHAR" />
    <result column="est_proceso" property="estProceso" jdbcType="CHAR" />
    <result column="fec_creacion" property="fecCreacion" jdbcType="TIMESTAMP" />
    <result column="acc_creacion" property="accCreacion" jdbcType="CHAR" />
  </resultMap>
  
  <sql id="Example_Where_Clause" >
    <iterate property="oredCriteria" conjunction="or" prepend="where" removeFirstPrepend="iterate" >
      <isEqual property="oredCriteria[].valid" compareValue="true" >
        (
        <iterate prepend="and" property="oredCriteria[].criteriaWithoutValue" conjunction="and" >
          $oredCriteria[].criteriaWithoutValue[]$
        </iterate>
        <iterate prepend="and" property="oredCriteria[].criteriaWithSingleValue" conjunction="and" >
          $oredCriteria[].criteriaWithSingleValue[].condition$
            #oredCriteria[].criteriaWithSingleValue[].value#
        </iterate>
        <iterate prepend="and" property="oredCriteria[].criteriaWithListValue" conjunction="and" >
          $oredCriteria[].criteriaWithListValue[].condition$
          <iterate property="oredCriteria[].criteriaWithListValue[].values" open="(" close=")" conjunction="," >
            #oredCriteria[].criteriaWithListValue[].values[]#
          </iterate>
        </iterate>
        <iterate prepend="and" property="oredCriteria[].criteriaWithBetweenValue" conjunction="and" >
          $oredCriteria[].criteriaWithBetweenValue[].condition$
          #oredCriteria[].criteriaWithBetweenValue[].values[0]# and
          #oredCriteria[].criteriaWithBetweenValue[].values[1]#
        </iterate>
        )
      </isEqual>
    </iterate>
  </sql>
  
  <select id="selectByExample" resultMap="BaseResultMap" parameterClass="pe.gob.sunat.recurso2.humano.decljurada.model.Estructura05Example" >
    select fec_proceso, cod_docum, num_docum, cod_pais_emi_doc, cod_reg_lab, cod_nvl_edu, cod_ocup,
      ind_discapacidad, des_cussp, ind_sctr, cod_tip_contrato, ind_reg, ind_jor_tra_max,
      ind_hor_noct, ind_sindical, ind_periodicidad, num_monto_rem, cod_situ, ind_rent_quinta,
      ind_situ_esp_tra, ind_tip_pago, cod_cat_ocup, ind_conv, num_ruc, est_proceso, fec_creacion,
      acc_creacion
    from t4946tregisimp05
    <isParameterPresent >
      <include refid="t4946tregisimp05.Example_Where_Clause" />
      <isNotNull property="orderByClause" >
        order by $orderByClause$
      </isNotNull>
    </isParameterPresent>
  </select>
  
  <delete id="deleteByExample" parameterClass="pe.gob.sunat.recurso2.humano.decljurada.model.Estructura05Example" >
    delete from t4946tregisimp05
    <include refid="t4946tregisimp05.Example_Where_Clause" />
  </delete>
  
  <insert id="insert" parameterClass="pe.gob.sunat.recurso2.humano.decljurada.model.Estructura05" >
    insert into t4946tregisimp05 (fec_proceso, cod_docum, num_docum, cod_pais_emi_doc, cod_reg_lab,
      cod_nvl_edu, cod_ocup, ind_discapacidad, des_cussp, ind_sctr, cod_tip_contrato, ind_reg,
      ind_jor_tra_max, ind_hor_noct, ind_sindical, ind_periodicidad, num_monto_rem, cod_situ,
      ind_rent_quinta, ind_situ_esp_tra, ind_tip_pago, cod_cat_ocup, ind_conv, num_ruc, est_proceso,
      fec_creacion, acc_creacion)
    values (#fecProceso:TIMESTAMP#, #codDocum:CHAR#, #numDocum:VARCHAR#, #codPaisEmiDoc:CHAR#,
      #codRegLab:CHAR#, #codNvlEdu:CHAR#, #codOcup:CHAR#, #indDiscapacidad:CHAR#,
      #desCussp:VARCHAR#, #indSctr:CHAR#, #codTipContrato:CHAR#, #indReg:CHAR#, #indJorTraMax:CHAR#,
      #indHorNoct:CHAR#, #indSindical:CHAR#, #indPeriodicidad:CHAR#, #numMontoRem:DECIMAL#,
      #codSitu:CHAR#, #indRentQuinta:CHAR#, #indSituEspTra:CHAR#, #indTipPago:CHAR#,
      #codCatOcup:CHAR#, #indConv:CHAR#, #numRuc:VARCHAR#, #estProceso:CHAR#,
      #fecCreacion:TIMESTAMP#, #accCreacion:CHAR#)
  </insert>
  
  <insert id="insertSelective" parameterClass="pe.gob.sunat.recurso2.humano.decljurada.model.Estructura05" >
    insert into t4946tregisimp05
    <dynamic prepend="(" >
      <isNotNull prepend="," property="fecProceso" >
        fec_proceso
      </isNotNull>
      <isNotNull prepend="," property="codDocum" >
        cod_docum
      </isNotNull>
      <isNotNull prepend="," property="numDocum" >
        num_docum
      </isNotNull>
      <isNotNull prepend="," property="codPaisEmiDoc" >
        cod_pais_emi_doc
      </isNotNull>
      <isNotNull prepend="," property="codRegLab" >
        cod_reg_lab
      </isNotNull>
      <isNotNull prepend="," property="codNvlEdu" >
        cod_nvl_edu
      </isNotNull>
      <isNotNull prepend="," property="codOcup" >
        cod_ocup
      </isNotNull>
      <isNotNull prepend="," property="indDiscapacidad" >
        ind_discapacidad
      </isNotNull>
      <isNotNull prepend="," property="desCussp" >
        des_cussp
      </isNotNull>
      <isNotNull prepend="," property="indSctr" >
        ind_sctr
      </isNotNull>
      <isNotNull prepend="," property="codTipContrato" >
        cod_tip_contrato
      </isNotNull>
      <isNotNull prepend="," property="indReg" >
        ind_reg
      </isNotNull>
      <isNotNull prepend="," property="indJorTraMax" >
        ind_jor_tra_max
      </isNotNull>
      <isNotNull prepend="," property="indHorNoct" >
        ind_hor_noct
      </isNotNull>
      <isNotNull prepend="," property="indSindical" >
        ind_sindical
      </isNotNull>
      <isNotNull prepend="," property="indPeriodicidad" >
        ind_periodicidad
      </isNotNull>
      <isNotNull prepend="," property="numMontoRem" >
        num_monto_rem
      </isNotNull>
      <isNotNull prepend="," property="codSitu" >
        cod_situ
      </isNotNull>
      <isNotNull prepend="," property="indRentQuinta" >
        ind_rent_quinta
      </isNotNull>
      <isNotNull prepend="," property="indSituEspTra" >
        ind_situ_esp_tra
      </isNotNull>
      <isNotNull prepend="," property="indTipPago" >
        ind_tip_pago
      </isNotNull>
      <isNotNull prepend="," property="codCatOcup" >
        cod_cat_ocup
      </isNotNull>
      <isNotNull prepend="," property="indConv" >
        ind_conv
      </isNotNull>
      <isNotNull prepend="," property="numRuc" >
        num_ruc
      </isNotNull>
      <isNotNull prepend="," property="estProceso" >
        est_proceso
      </isNotNull>
      <isNotNull prepend="," property="fecCreacion" >
        fec_creacion
      </isNotNull>
      <isNotNull prepend="," property="accCreacion" >
        acc_creacion
      </isNotNull>
      )
    </dynamic>
    values
    <dynamic prepend="(" >
      <isNotNull prepend="," property="fecProceso" >
        #fecProceso:TIMESTAMP#
      </isNotNull>
      <isNotNull prepend="," property="codDocum" >
        #codDocum:CHAR#
      </isNotNull>
      <isNotNull prepend="," property="numDocum" >
        #numDocum:VARCHAR#
      </isNotNull>
      <isNotNull prepend="," property="codPaisEmiDoc" >
        #codPaisEmiDoc:CHAR#
      </isNotNull>
      <isNotNull prepend="," property="codRegLab" >
        #codRegLab:CHAR#
      </isNotNull>
      <isNotNull prepend="," property="codNvlEdu" >
        #codNvlEdu:CHAR#
      </isNotNull>
      <isNotNull prepend="," property="codOcup" >
        #codOcup:CHAR#
      </isNotNull>
      <isNotNull prepend="," property="indDiscapacidad" >
        #indDiscapacidad:CHAR#
      </isNotNull>
      <isNotNull prepend="," property="desCussp" >
        #desCussp:VARCHAR#
      </isNotNull>
      <isNotNull prepend="," property="indSctr" >
        #indSctr:CHAR#
      </isNotNull>
      <isNotNull prepend="," property="codTipContrato" >
        #codTipContrato:CHAR#
      </isNotNull>
      <isNotNull prepend="," property="indReg" >
        #indReg:CHAR#
      </isNotNull>
      <isNotNull prepend="," property="indJorTraMax" >
        #indJorTraMax:CHAR#
      </isNotNull>
      <isNotNull prepend="," property="indHorNoct" >
        #indHorNoct:CHAR#
      </isNotNull>
      <isNotNull prepend="," property="indSindical" >
        #indSindical:CHAR#
      </isNotNull>
      <isNotNull prepend="," property="indPeriodicidad" >
        #indPeriodicidad:CHAR#
      </isNotNull>
      <isNotNull prepend="," property="numMontoRem" >
        #numMontoRem:DECIMAL#
      </isNotNull>
      <isNotNull prepend="," property="codSitu" >
        #codSitu:CHAR#
      </isNotNull>
      <isNotNull prepend="," property="indRentQuinta" >
        #indRentQuinta:CHAR#
      </isNotNull>
      <isNotNull prepend="," property="indSituEspTra" >
        #indSituEspTra:CHAR#
      </isNotNull>
      <isNotNull prepend="," property="indTipPago" >
        #indTipPago:CHAR#
      </isNotNull>
      <isNotNull prepend="," property="codCatOcup" >
        #codCatOcup:CHAR#
      </isNotNull>
      <isNotNull prepend="," property="indConv" >
        #indConv:CHAR#
      </isNotNull>
      <isNotNull prepend="," property="numRuc" >
        #numRuc:VARCHAR#
      </isNotNull>
      <isNotNull prepend="," property="estProceso" >
        #estProceso:CHAR#
      </isNotNull>
      <isNotNull prepend="," property="fecCreacion" >
        #fecCreacion:TIMESTAMP#
      </isNotNull>
      <isNotNull prepend="," property="accCreacion" >
        #accCreacion:CHAR#
      </isNotNull>
      )
    </dynamic>
  </insert>
  
  <select id="countByExample" parameterClass="pe.gob.sunat.recurso2.humano.decljurada.model.Estructura05Example" resultClass="java.lang.Integer" >
    select count(*) from t4946tregisimp05
    <include refid="t4946tregisimp05.Example_Where_Clause" />
  </select>
  
  <update id="updateByExampleSelective" >
    update t4946tregisimp05
    <dynamic prepend="set" >
      <isNotNull prepend="," property="record.fecProceso" >
        fec_proceso = #record.fecProceso:TIMESTAMP#
      </isNotNull>
      <isNotNull prepend="," property="record.codDocum" >
        cod_docum = #record.codDocum:CHAR#
      </isNotNull>
      <isNotNull prepend="," property="record.numDocum" >
        num_docum = #record.numDocum:VARCHAR#
      </isNotNull>
      <isNotNull prepend="," property="record.codPaisEmiDoc" >
        cod_pais_emi_doc = #record.codPaisEmiDoc:CHAR#
      </isNotNull>
      <isNotNull prepend="," property="record.codRegLab" >
        cod_reg_lab = #record.codRegLab:CHAR#
      </isNotNull>
      <isNotNull prepend="," property="record.codNvlEdu" >
        cod_nvl_edu = #record.codNvlEdu:CHAR#
      </isNotNull>
      <isNotNull prepend="," property="record.codOcup" >
        cod_ocup = #record.codOcup:CHAR#
      </isNotNull>
      <isNotNull prepend="," property="record.indDiscapacidad" >
        ind_discapacidad = #record.indDiscapacidad:CHAR#
      </isNotNull>
      <isNotNull prepend="," property="record.desCussp" >
        des_cussp = #record.desCussp:VARCHAR#
      </isNotNull>
      <isNotNull prepend="," property="record.indSctr" >
        ind_sctr = #record.indSctr:CHAR#
      </isNotNull>
      <isNotNull prepend="," property="record.codTipContrato" >
        cod_tip_contrato = #record.codTipContrato:CHAR#
      </isNotNull>
      <isNotNull prepend="," property="record.indReg" >
        ind_reg = #record.indReg:CHAR#
      </isNotNull>
      <isNotNull prepend="," property="record.indJorTraMax" >
        ind_jor_tra_max = #record.indJorTraMax:CHAR#
      </isNotNull>
      <isNotNull prepend="," property="record.indHorNoct" >
        ind_hor_noct = #record.indHorNoct:CHAR#
      </isNotNull>
      <isNotNull prepend="," property="record.indSindical" >
        ind_sindical = #record.indSindical:CHAR#
      </isNotNull>
      <isNotNull prepend="," property="record.indPeriodicidad" >
        ind_periodicidad = #record.indPeriodicidad:CHAR#
      </isNotNull>
      <isNotNull prepend="," property="record.numMontoRem" >
        num_monto_rem = #record.numMontoRem:DECIMAL#
      </isNotNull>
      <isNotNull prepend="," property="record.codSitu" >
        cod_situ = #record.codSitu:CHAR#
      </isNotNull>
      <isNotNull prepend="," property="record.indRentQuinta" >
        ind_rent_quinta = #record.indRentQuinta:CHAR#
      </isNotNull>
      <isNotNull prepend="," property="record.indSituEspTra" >
        ind_situ_esp_tra = #record.indSituEspTra:CHAR#
      </isNotNull>
      <isNotNull prepend="," property="record.indTipPago" >
        ind_tip_pago = #record.indTipPago:CHAR#
      </isNotNull>
      <isNotNull prepend="," property="record.codCatOcup" >
        cod_cat_ocup = #record.codCatOcup:CHAR#
      </isNotNull>
      <isNotNull prepend="," property="record.indConv" >
        ind_conv = #record.indConv:CHAR#
      </isNotNull>
      <isNotNull prepend="," property="record.numRuc" >
        num_ruc = #record.numRuc:VARCHAR#
      </isNotNull>
      <isNotNull prepend="," property="record.estProceso" >
        est_proceso = #record.estProceso:CHAR#
      </isNotNull>
      <isNotNull prepend="," property="record.fecCreacion" >
        fec_creacion = #record.fecCreacion:TIMESTAMP#
      </isNotNull>
      <isNotNull prepend="," property="record.accCreacion" >
        acc_creacion = #record.accCreacion:CHAR#
      </isNotNull>
    </dynamic>
    <isParameterPresent >
      <include refid="t4946tregisimp05.Example_Where_Clause" />
    </isParameterPresent>
  </update>
  
  <update id="updateByExample" >
    update t4946tregisimp05
    set fec_proceso = #record.fecProceso:TIMESTAMP#,
      cod_docum = #record.codDocum:CHAR#,
      num_docum = #record.numDocum:VARCHAR#,
      cod_pais_emi_doc = #record.codPaisEmiDoc:CHAR#,
      cod_reg_lab = #record.codRegLab:CHAR#,
      cod_nvl_edu = #record.codNvlEdu:CHAR#,
      cod_ocup = #record.codOcup:CHAR#,
      ind_discapacidad = #record.indDiscapacidad:CHAR#,
      des_cussp = #record.desCussp:VARCHAR#,
      ind_sctr = #record.indSctr:CHAR#,
      cod_tip_contrato = #record.codTipContrato:CHAR#,
      ind_reg = #record.indReg:CHAR#,
      ind_jor_tra_max = #record.indJorTraMax:CHAR#,
      ind_hor_noct = #record.indHorNoct:CHAR#,
      ind_sindical = #record.indSindical:CHAR#,
      ind_periodicidad = #record.indPeriodicidad:CHAR#,
      num_monto_rem = #record.numMontoRem:DECIMAL#,
      cod_situ = #record.codSitu:CHAR#,
      ind_rent_quinta = #record.indRentQuinta:CHAR#,
      ind_situ_esp_tra = #record.indSituEspTra:CHAR#,
      ind_tip_pago = #record.indTipPago:CHAR#,
      cod_cat_ocup = #record.codCatOcup:CHAR#,
      ind_conv = #record.indConv:CHAR#,
      num_ruc = #record.numRuc:VARCHAR#,
      est_proceso = #record.estProceso:CHAR#,
      fec_creacion = #record.fecCreacion:TIMESTAMP#,
      acc_creacion = #record.accCreacion:CHAR#
    <isParameterPresent >
      <include refid="t4946tregisimp05.Example_Where_Clause" />
    </isParameterPresent>
  </update>
  
</sqlMap>