<?xml version="1.0" encoding="UTF-8" ?>
<!DOCTYPE sqlMap PUBLIC "-//ibatis.apache.org//DTD SQL Map 2.0//EN" "http://ibatis.apache.org/dtd/sql-map-2.dtd" >
<sqlMap namespace="t4948tregisimp13" >
  <resultMap id="BaseResultMap" class="pe.gob.sunat.recurso2.humano.decljurada.model.Estructura13" >
    <result column="fec_proceso" property="fecProceso" jdbcType="TIMESTAMP" />
    <result column="cod_docum" property="codDocum" jdbcType="CHAR" />
    <result column="num_docum" property="numDocum" jdbcType="VARCHAR" />
    <result column="cod_docum_der" property="codDocumDer" jdbcType="CHAR" />
    <result column="num_docum_der" property="numDocumDer" jdbcType="VARCHAR" />
    <result column="cod_pais_emi_doc" property="codPaisEmiDoc" jdbcType="CHAR" />
    <result column="fec_nacimiento_der" property="fecNacimientoDer" jdbcType="DATE" />
    <result column="ape_pat_der" property="apePatDer" jdbcType="VARCHAR" />
    <result column="ape_mat_der" property="apeMatDer" jdbcType="VARCHAR" />
    <result column="nom_der" property="nomDer" jdbcType="VARCHAR" />
    <result column="ind_sexo_der" property="indSexoDer" jdbcType="CHAR" />
    <result column="cod_vin_fam" property="codVinFam" jdbcType="CHAR" />
    <result column="cod_doc_acre_vin" property="codDocAcreVin" jdbcType="CHAR" />
    <result column="num_doc_acre_vin" property="numDocAcreVin" jdbcType="VARCHAR" />
    <result column="num_mes_concep" property="numMesConcep" jdbcType="CHAR" />
    <result column="cod_via_dir1" property="codViaDir1" jdbcType="CHAR" />
    <result column="nom_via_dir1" property="nomViaDir1" jdbcType="VARCHAR" />
    <result column="num_via_dir1" property="numViaDir1" jdbcType="VARCHAR" />
    <result column="num_depa_dir1" property="numDepaDir1" jdbcType="VARCHAR" />
    <result column="num_interior_dir1" property="numInteriorDir1" jdbcType="VARCHAR" />
    <result column="num_manz_dir1" property="numManzDir1" jdbcType="VARCHAR" />
    <result column="num_lote_dir1" property="numLoteDir1" jdbcType="VARCHAR" />
    <result column="num_kilom_dir1" property="numKilomDir1" jdbcType="VARCHAR" />
    <result column="num_block_dir1" property="numBlockDir1" jdbcType="VARCHAR" />
    <result column="num_etapa_dir1" property="numEtapaDir1" jdbcType="VARCHAR" />
    <result column="cod_zona_dir1" property="codZonaDir1" jdbcType="CHAR" />
    <result column="nom_zona_dir1" property="nomZonaDir1" jdbcType="VARCHAR" />
    <result column="des_refer_dir1" property="desReferDir1" jdbcType="VARCHAR" />
    <result column="cod_ubigeo_dir1" property="codUbigeoDir1" jdbcType="CHAR" />
    <result column="cod_via_dir2" property="codViaDir2" jdbcType="CHAR" />
    <result column="nom_via_dir2" property="nomViaDir2" jdbcType="VARCHAR" />
    <result column="num_via_dir2" property="numViaDir2" jdbcType="VARCHAR" />
    <result column="num_depa_dir2" property="numDepaDir2" jdbcType="VARCHAR" />
    <result column="num_interior_dir2" property="numInteriorDir2" jdbcType="VARCHAR" />
    <result column="num_manz_dir2" property="numManzDir2" jdbcType="VARCHAR" />
    <result column="num_lote_dir2" property="numLoteDir2" jdbcType="VARCHAR" />
    <result column="num_kilom_dir2" property="numKilomDir2" jdbcType="VARCHAR" />
    <result column="num_block_dir2" property="numBlockDir2" jdbcType="VARCHAR" />
    <result column="num_etapa_dir2" property="numEtapaDir2" jdbcType="VARCHAR" />
    <result column="cod_zona_dir2" property="codZonaDir2" jdbcType="CHAR" />
    <result column="nom_zona_dir2" property="nomZonaDir2" jdbcType="VARCHAR" />
    <result column="des_refer_dir2" property="desReferDir2" jdbcType="VARCHAR" />
    <result column="cod_ubigeo_dir2" property="codUbigeoDir2" jdbcType="CHAR" />
    <result column="ind_cent_asis" property="indCentAsis" jdbcType="CHAR" />
    <result column="cod_telef_lar_dis" property="codTelefLarDis" jdbcType="CHAR" />
    <result column="num_telef" property="numTelef" jdbcType="VARCHAR" />
    <result column="des_correo" property="desCorreo" jdbcType="VARCHAR" />
    <result column="est_proceso" property="estProceso" jdbcType="CHAR" />
    <result column="fec_creacion" property="fecCreacion" jdbcType="TIMESTAMP" />
  </resultMap>
  
  <sql id="Example_Where_Clause" >
    <iterate property="oredCriteria" conjunction="or" prepend="where" removeFirstPrepend="iterate" >
      <isEqual property="oredCriteria[].valid" compareValue="true" >
        (
        <iterate prepend="and" property="oredCriteria[].criteriaWithoutValue" conjunction="and" >
          $oredCriteria[].criteriaWithoutValue[]$
        </iterate>
        <iterate prepend="and" property="oredCriteria[].criteriaWithSingleValue" conjunction="and" >
          $oredCriteria[].criteriaWithSingleValue[].condition$
            #oredCriteria[].criteriaWithSingleValue[].value#
        </iterate>
        <iterate prepend="and" property="oredCriteria[].criteriaWithListValue" conjunction="and" >
          $oredCriteria[].criteriaWithListValue[].condition$
          <iterate property="oredCriteria[].criteriaWithListValue[].values" open="(" close=")" conjunction="," >
            #oredCriteria[].criteriaWithListValue[].values[]#
          </iterate>
        </iterate>
        <iterate prepend="and" property="oredCriteria[].criteriaWithBetweenValue" conjunction="and" >
          $oredCriteria[].criteriaWithBetweenValue[].condition$
          #oredCriteria[].criteriaWithBetweenValue[].values[0]# and
          #oredCriteria[].criteriaWithBetweenValue[].values[1]#
        </iterate>
        )
      </isEqual>
    </iterate>
  </sql>
  
  <select id="selectByExample" resultMap="BaseResultMap" parameterClass="pe.gob.sunat.recurso2.humano.decljurada.model.Estructura13Example" >
    select fec_proceso, cod_docum, num_docum, cod_docum_der, num_docum_der, cod_pais_emi_doc,
      fec_nacimiento_der, ape_pat_der, ape_mat_der, nom_der, ind_sexo_der, cod_vin_fam,
      cod_doc_acre_vin, num_doc_acre_vin, num_mes_concep, cod_via_dir1, nom_via_dir1, num_via_dir1,
      num_depa_dir1, num_interior_dir1, num_manz_dir1, num_lote_dir1, num_kilom_dir1,
      num_block_dir1, num_etapa_dir1, cod_zona_dir1, nom_zona_dir1, des_refer_dir1, cod_ubigeo_dir1,
      cod_via_dir2, nom_via_dir2, num_via_dir2, num_depa_dir2, num_interior_dir2, num_manz_dir2,
      num_lote_dir2, num_kilom_dir2, num_block_dir2, num_etapa_dir2, cod_zona_dir2, nom_zona_dir2,
      des_refer_dir2, cod_ubigeo_dir2, ind_cent_asis, cod_telef_lar_dis, num_telef, des_correo,
      est_proceso, fec_creacion
    from t4948tregisimp13
    <isParameterPresent >
      <include refid="t4948tregisimp13.Example_Where_Clause" />
      <isNotNull property="orderByClause" >
        order by $orderByClause$
      </isNotNull>
    </isParameterPresent>
  </select>
  
  <delete id="deleteByExample" parameterClass="pe.gob.sunat.recurso2.humano.decljurada.model.Estructura13Example" >
    delete from t4948tregisimp13
    <include refid="t4948tregisimp13.Example_Where_Clause" />
  </delete>
  
  <insert id="insert" parameterClass="pe.gob.sunat.recurso2.humano.decljurada.model.Estructura13" >
    insert into t4948tregisimp13 (fec_proceso, cod_docum, num_docum, cod_docum_der, num_docum_der,
      cod_pais_emi_doc, fec_nacimiento_der, ape_pat_der, ape_mat_der, nom_der, ind_sexo_der,
      cod_vin_fam, cod_doc_acre_vin, num_doc_acre_vin, num_mes_concep, cod_via_dir1, nom_via_dir1,
      num_via_dir1, num_depa_dir1, num_interior_dir1, num_manz_dir1, num_lote_dir1, num_kilom_dir1,
      num_block_dir1, num_etapa_dir1, cod_zona_dir1, nom_zona_dir1, des_refer_dir1, cod_ubigeo_dir1,
      cod_via_dir2, nom_via_dir2, num_via_dir2, num_depa_dir2, num_interior_dir2, num_manz_dir2,
      num_lote_dir2, num_kilom_dir2, num_block_dir2, num_etapa_dir2, cod_zona_dir2, nom_zona_dir2,
      des_refer_dir2, cod_ubigeo_dir2, ind_cent_asis, cod_telef_lar_dis, num_telef, des_correo,
      est_proceso, fec_creacion)
    values (#fecProceso:TIMESTAMP#, #codDocum:CHAR#, #numDocum:VARCHAR#, #codDocumDer:CHAR#,
      #numDocumDer:VARCHAR#, #codPaisEmiDoc:CHAR#, #fecNacimientoDer:DATE#, #apePatDer:VARCHAR#,
      #apeMatDer:VARCHAR#, #nomDer:VARCHAR#, #indSexoDer:CHAR#, #codVinFam:CHAR#,
      #codDocAcreVin:CHAR#, #numDocAcreVin:VARCHAR#, #numMesConcep:CHAR#, #codViaDir1:CHAR#,
      #nomViaDir1:VARCHAR#, #numViaDir1:VARCHAR#, #numDepaDir1:VARCHAR#, #numInteriorDir1:VARCHAR#,
      #numManzDir1:VARCHAR#, #numLoteDir1:VARCHAR#, #numKilomDir1:VARCHAR#, #numBlockDir1:VARCHAR#,
      #numEtapaDir1:VARCHAR#, #codZonaDir1:CHAR#, #nomZonaDir1:VARCHAR#, #desReferDir1:VARCHAR#,
      #codUbigeoDir1:CHAR#, #codViaDir2:CHAR#, #nomViaDir2:VARCHAR#, #numViaDir2:VARCHAR#,
      #numDepaDir2:VARCHAR#, #numInteriorDir2:VARCHAR#, #numManzDir2:VARCHAR#,
      #numLoteDir2:VARCHAR#, #numKilomDir2:VARCHAR#, #numBlockDir2:VARCHAR#, #numEtapaDir2:VARCHAR#,
      #codZonaDir2:CHAR#, #nomZonaDir2:VARCHAR#, #desReferDir2:VARCHAR#, #codUbigeoDir2:CHAR#,
      #indCentAsis:CHAR#, #codTelefLarDis:CHAR#, #numTelef:VARCHAR#, #desCorreo:VARCHAR#,
      #estProceso:CHAR#, #fecCreacion:TIMESTAMP#)
  </insert>
  
  <insert id="insertSelective" parameterClass="pe.gob.sunat.recurso2.humano.decljurada.model.Estructura13" >
    insert into t4948tregisimp13
    <dynamic prepend="(" >
      <isNotNull prepend="," property="fecProceso" >
        fec_proceso
      </isNotNull>
      <isNotNull prepend="," property="codDocum" >
        cod_docum
      </isNotNull>
      <isNotNull prepend="," property="numDocum" >
        num_docum
      </isNotNull>
      <isNotNull prepend="," property="codDocumDer" >
        cod_docum_der
      </isNotNull>
      <isNotNull prepend="," property="numDocumDer" >
        num_docum_der
      </isNotNull>
      <isNotNull prepend="," property="codPaisEmiDoc" >
        cod_pais_emi_doc
      </isNotNull>
      <isNotNull prepend="," property="fecNacimientoDer" >
        fec_nacimiento_der
      </isNotNull>
      <isNotNull prepend="," property="apePatDer" >
        ape_pat_der
      </isNotNull>
      <isNotNull prepend="," property="apeMatDer" >
        ape_mat_der
      </isNotNull>
      <isNotNull prepend="," property="nomDer" >
        nom_der
      </isNotNull>
      <isNotNull prepend="," property="indSexoDer" >
        ind_sexo_der
      </isNotNull>
      <isNotNull prepend="," property="codVinFam" >
        cod_vin_fam
      </isNotNull>
      <isNotNull prepend="," property="codDocAcreVin" >
        cod_doc_acre_vin
      </isNotNull>
      <isNotNull prepend="," property="numDocAcreVin" >
        num_doc_acre_vin
      </isNotNull>
      <isNotNull prepend="," property="numMesConcep" >
        num_mes_concep
      </isNotNull>
      <isNotNull prepend="," property="codViaDir1" >
        cod_via_dir1
      </isNotNull>
      <isNotNull prepend="," property="nomViaDir1" >
        nom_via_dir1
      </isNotNull>
      <isNotNull prepend="," property="numViaDir1" >
        num_via_dir1
      </isNotNull>
      <isNotNull prepend="," property="numDepaDir1" >
        num_depa_dir1
      </isNotNull>
      <isNotNull prepend="," property="numInteriorDir1" >
        num_interior_dir1
      </isNotNull>
      <isNotNull prepend="," property="numManzDir1" >
        num_manz_dir1
      </isNotNull>
      <isNotNull prepend="," property="numLoteDir1" >
        num_lote_dir1
      </isNotNull>
      <isNotNull prepend="," property="numKilomDir1" >
        num_kilom_dir1
      </isNotNull>
      <isNotNull prepend="," property="numBlockDir1" >
        num_block_dir1
      </isNotNull>
      <isNotNull prepend="," property="numEtapaDir1" >
        num_etapa_dir1
      </isNotNull>
      <isNotNull prepend="," property="codZonaDir1" >
        cod_zona_dir1
      </isNotNull>
      <isNotNull prepend="," property="nomZonaDir1" >
        nom_zona_dir1
      </isNotNull>
      <isNotNull prepend="," property="desReferDir1" >
        des_refer_dir1
      </isNotNull>
      <isNotNull prepend="," property="codUbigeoDir1" >
        cod_ubigeo_dir1
      </isNotNull>
      <isNotNull prepend="," property="codViaDir2" >
        cod_via_dir2
      </isNotNull>
      <isNotNull prepend="," property="nomViaDir2" >
        nom_via_dir2
      </isNotNull>
      <isNotNull prepend="," property="numViaDir2" >
        num_via_dir2
      </isNotNull>
      <isNotNull prepend="," property="numDepaDir2" >
        num_depa_dir2
      </isNotNull>
      <isNotNull prepend="," property="numInteriorDir2" >
        num_interior_dir2
      </isNotNull>
      <isNotNull prepend="," property="numManzDir2" >
        num_manz_dir2
      </isNotNull>
      <isNotNull prepend="," property="numLoteDir2" >
        num_lote_dir2
      </isNotNull>
      <isNotNull prepend="," property="numKilomDir2" >
        num_kilom_dir2
      </isNotNull>
      <isNotNull prepend="," property="numBlockDir2" >
        num_block_dir2
      </isNotNull>
      <isNotNull prepend="," property="numEtapaDir2" >
        num_etapa_dir2
      </isNotNull>
      <isNotNull prepend="," property="codZonaDir2" >
        cod_zona_dir2
      </isNotNull>
      <isNotNull prepend="," property="nomZonaDir2" >
        nom_zona_dir2
      </isNotNull>
      <isNotNull prepend="," property="desReferDir2" >
        des_refer_dir2
      </isNotNull>
      <isNotNull prepend="," property="codUbigeoDir2" >
        cod_ubigeo_dir2
      </isNotNull>
      <isNotNull prepend="," property="indCentAsis" >
        ind_cent_asis
      </isNotNull>
      <isNotNull prepend="," property="codTelefLarDis" >
        cod_telef_lar_dis
      </isNotNull>
      <isNotNull prepend="," property="numTelef" >
        num_telef
      </isNotNull>
      <isNotNull prepend="," property="desCorreo" >
        des_correo
      </isNotNull>
      <isNotNull prepend="," property="estProceso" >
        est_proceso
      </isNotNull>
      <isNotNull prepend="," property="fecCreacion" >
        fec_creacion
      </isNotNull>
      )
    </dynamic>
    values
    <dynamic prepend="(" >
      <isNotNull prepend="," property="fecProceso" >
        #fecProceso:TIMESTAMP#
      </isNotNull>
      <isNotNull prepend="," property="codDocum" >
        #codDocum:CHAR#
      </isNotNull>
      <isNotNull prepend="," property="numDocum" >
        #numDocum:VARCHAR#
      </isNotNull>
      <isNotNull prepend="," property="codDocumDer" >
        #codDocumDer:CHAR#
      </isNotNull>
      <isNotNull prepend="," property="numDocumDer" >
        #numDocumDer:VARCHAR#
      </isNotNull>
      <isNotNull prepend="," property="codPaisEmiDoc" >
        #codPaisEmiDoc:CHAR#
      </isNotNull>
      <isNotNull prepend="," property="fecNacimientoDer" >
        #fecNacimientoDer:DATE#
      </isNotNull>
      <isNotNull prepend="," property="apePatDer" >
        #apePatDer:VARCHAR#
      </isNotNull>
      <isNotNull prepend="," property="apeMatDer" >
        #apeMatDer:VARCHAR#
      </isNotNull>
      <isNotNull prepend="," property="nomDer" >
        #nomDer:VARCHAR#
      </isNotNull>
      <isNotNull prepend="," property="indSexoDer" >
        #indSexoDer:CHAR#
      </isNotNull>
      <isNotNull prepend="," property="codVinFam" >
        #codVinFam:CHAR#
      </isNotNull>
      <isNotNull prepend="," property="codDocAcreVin" >
        #codDocAcreVin:CHAR#
      </isNotNull>
      <isNotNull prepend="," property="numDocAcreVin" >
        #numDocAcreVin:VARCHAR#
      </isNotNull>
      <isNotNull prepend="," property="numMesConcep" >
        #numMesConcep:CHAR#
      </isNotNull>
      <isNotNull prepend="," property="codViaDir1" >
        #codViaDir1:CHAR#
      </isNotNull>
      <isNotNull prepend="," property="nomViaDir1" >
        #nomViaDir1:VARCHAR#
      </isNotNull>
      <isNotNull prepend="," property="numViaDir1" >
        #numViaDir1:VARCHAR#
      </isNotNull>
      <isNotNull prepend="," property="numDepaDir1" >
        #numDepaDir1:VARCHAR#
      </isNotNull>
      <isNotNull prepend="," property="numInteriorDir1" >
        #numInteriorDir1:VARCHAR#
      </isNotNull>
      <isNotNull prepend="," property="numManzDir1" >
        #numManzDir1:VARCHAR#
      </isNotNull>
      <isNotNull prepend="," property="numLoteDir1" >
        #numLoteDir1:VARCHAR#
      </isNotNull>
      <isNotNull prepend="," property="numKilomDir1" >
        #numKilomDir1:VARCHAR#
      </isNotNull>
      <isNotNull prepend="," property="numBlockDir1" >
        #numBlockDir1:VARCHAR#
      </isNotNull>
      <isNotNull prepend="," property="numEtapaDir1" >
        #numEtapaDir1:VARCHAR#
      </isNotNull>
      <isNotNull prepend="," property="codZonaDir1" >
        #codZonaDir1:CHAR#
      </isNotNull>
      <isNotNull prepend="," property="nomZonaDir1" >
        #nomZonaDir1:VARCHAR#
      </isNotNull>
      <isNotNull prepend="," property="desReferDir1" >
        #desReferDir1:VARCHAR#
      </isNotNull>
      <isNotNull prepend="," property="codUbigeoDir1" >
        #codUbigeoDir1:CHAR#
      </isNotNull>
      <isNotNull prepend="," property="codViaDir2" >
        #codViaDir2:CHAR#
      </isNotNull>
      <isNotNull prepend="," property="nomViaDir2" >
        #nomViaDir2:VARCHAR#
      </isNotNull>
      <isNotNull prepend="," property="numViaDir2" >
        #numViaDir2:VARCHAR#
      </isNotNull>
      <isNotNull prepend="," property="numDepaDir2" >
        #numDepaDir2:VARCHAR#
      </isNotNull>
      <isNotNull prepend="," property="numInteriorDir2" >
        #numInteriorDir2:VARCHAR#
      </isNotNull>
      <isNotNull prepend="," property="numManzDir2" >
        #numManzDir2:VARCHAR#
      </isNotNull>
      <isNotNull prepend="," property="numLoteDir2" >
        #numLoteDir2:VARCHAR#
      </isNotNull>
      <isNotNull prepend="," property="numKilomDir2" >
        #numKilomDir2:VARCHAR#
      </isNotNull>
      <isNotNull prepend="," property="numBlockDir2" >
        #numBlockDir2:VARCHAR#
      </isNotNull>
      <isNotNull prepend="," property="numEtapaDir2" >
        #numEtapaDir2:VARCHAR#
      </isNotNull>
      <isNotNull prepend="," property="codZonaDir2" >
        #codZonaDir2:CHAR#
      </isNotNull>
      <isNotNull prepend="," property="nomZonaDir2" >
        #nomZonaDir2:VARCHAR#
      </isNotNull>
      <isNotNull prepend="," property="desReferDir2" >
        #desReferDir2:VARCHAR#
      </isNotNull>
      <isNotNull prepend="," property="codUbigeoDir2" >
        #codUbigeoDir2:CHAR#
      </isNotNull>
      <isNotNull prepend="," property="indCentAsis" >
        #indCentAsis:CHAR#
      </isNotNull>
      <isNotNull prepend="," property="codTelefLarDis" >
        #codTelefLarDis:CHAR#
      </isNotNull>
      <isNotNull prepend="," property="numTelef" >
        #numTelef:VARCHAR#
      </isNotNull>
      <isNotNull prepend="," property="desCorreo" >
        #desCorreo:VARCHAR#
      </isNotNull>
      <isNotNull prepend="," property="estProceso" >
        #estProceso:CHAR#
      </isNotNull>
      <isNotNull prepend="," property="fecCreacion" >
        #fecCreacion:TIMESTAMP#
      </isNotNull>
      )
    </dynamic>
  </insert>
  
  <select id="countByExample" parameterClass="pe.gob.sunat.recurso2.humano.decljurada.model.Estructura13Example" resultClass="java.lang.Integer" >
    select count(*) from t4948tregisimp13
    <include refid="t4948tregisimp13.Example_Where_Clause" />
  </select>
  
  <update id="updateByExampleSelective" >
    update t4948tregisimp13
    <dynamic prepend="set" >
      <isNotNull prepend="," property="record.fecProceso" >
        fec_proceso = #record.fecProceso:TIMESTAMP#
      </isNotNull>
      <isNotNull prepend="," property="record.codDocum" >
        cod_docum = #record.codDocum:CHAR#
      </isNotNull>
      <isNotNull prepend="," property="record.numDocum" >
        num_docum = #record.numDocum:VARCHAR#
      </isNotNull>
      <isNotNull prepend="," property="record.codDocumDer" >
        cod_docum_der = #record.codDocumDer:CHAR#
      </isNotNull>
      <isNotNull prepend="," property="record.numDocumDer" >
        num_docum_der = #record.numDocumDer:VARCHAR#
      </isNotNull>
      <isNotNull prepend="," property="record.codPaisEmiDoc" >
        cod_pais_emi_doc = #record.codPaisEmiDoc:CHAR#
      </isNotNull>
      <isNotNull prepend="," property="record.fecNacimientoDer" >
        fec_nacimiento_der = #record.fecNacimientoDer:DATE#
      </isNotNull>
      <isNotNull prepend="," property="record.apePatDer" >
        ape_pat_der = #record.apePatDer:VARCHAR#
      </isNotNull>
      <isNotNull prepend="," property="record.apeMatDer" >
        ape_mat_der = #record.apeMatDer:VARCHAR#
      </isNotNull>
      <isNotNull prepend="," property="record.nomDer" >
        nom_der = #record.nomDer:VARCHAR#
      </isNotNull>
      <isNotNull prepend="," property="record.indSexoDer" >
        ind_sexo_der = #record.indSexoDer:CHAR#
      </isNotNull>
      <isNotNull prepend="," property="record.codVinFam" >
        cod_vin_fam = #record.codVinFam:CHAR#
      </isNotNull>
      <isNotNull prepend="," property="record.codDocAcreVin" >
        cod_doc_acre_vin = #record.codDocAcreVin:CHAR#
      </isNotNull>
      <isNotNull prepend="," property="record.numDocAcreVin" >
        num_doc_acre_vin = #record.numDocAcreVin:VARCHAR#
      </isNotNull>
      <isNotNull prepend="," property="record.numMesConcep" >
        num_mes_concep = #record.numMesConcep:CHAR#
      </isNotNull>
      <isNotNull prepend="," property="record.codViaDir1" >
        cod_via_dir1 = #record.codViaDir1:CHAR#
      </isNotNull>
      <isNotNull prepend="," property="record.nomViaDir1" >
        nom_via_dir1 = #record.nomViaDir1:VARCHAR#
      </isNotNull>
      <isNotNull prepend="," property="record.numViaDir1" >
        num_via_dir1 = #record.numViaDir1:VARCHAR#
      </isNotNull>
      <isNotNull prepend="," property="record.numDepaDir1" >
        num_depa_dir1 = #record.numDepaDir1:VARCHAR#
      </isNotNull>
      <isNotNull prepend="," property="record.numInteriorDir1" >
        num_interior_dir1 = #record.numInteriorDir1:VARCHAR#
      </isNotNull>
      <isNotNull prepend="," property="record.numManzDir1" >
        num_manz_dir1 = #record.numManzDir1:VARCHAR#
      </isNotNull>
      <isNotNull prepend="," property="record.numLoteDir1" >
        num_lote_dir1 = #record.numLoteDir1:VARCHAR#
      </isNotNull>
      <isNotNull prepend="," property="record.numKilomDir1" >
        num_kilom_dir1 = #record.numKilomDir1:VARCHAR#
      </isNotNull>
      <isNotNull prepend="," property="record.numBlockDir1" >
        num_block_dir1 = #record.numBlockDir1:VARCHAR#
      </isNotNull>
      <isNotNull prepend="," property="record.numEtapaDir1" >
        num_etapa_dir1 = #record.numEtapaDir1:VARCHAR#
      </isNotNull>
      <isNotNull prepend="," property="record.codZonaDir1" >
        cod_zona_dir1 = #record.codZonaDir1:CHAR#
      </isNotNull>
      <isNotNull prepend="," property="record.nomZonaDir1" >
        nom_zona_dir1 = #record.nomZonaDir1:VARCHAR#
      </isNotNull>
      <isNotNull prepend="," property="record.desReferDir1" >
        des_refer_dir1 = #record.desReferDir1:VARCHAR#
      </isNotNull>
      <isNotNull prepend="," property="record.codUbigeoDir1" >
        cod_ubigeo_dir1 = #record.codUbigeoDir1:CHAR#
      </isNotNull>
      <isNotNull prepend="," property="record.codViaDir2" >
        cod_via_dir2 = #record.codViaDir2:CHAR#
      </isNotNull>
      <isNotNull prepend="," property="record.nomViaDir2" >
        nom_via_dir2 = #record.nomViaDir2:VARCHAR#
      </isNotNull>
      <isNotNull prepend="," property="record.numViaDir2" >
        num_via_dir2 = #record.numViaDir2:VARCHAR#
      </isNotNull>
      <isNotNull prepend="," property="record.numDepaDir2" >
        num_depa_dir2 = #record.numDepaDir2:VARCHAR#
      </isNotNull>
      <isNotNull prepend="," property="record.numInteriorDir2" >
        num_interior_dir2 = #record.numInteriorDir2:VARCHAR#
      </isNotNull>
      <isNotNull prepend="," property="record.numManzDir2" >
        num_manz_dir2 = #record.numManzDir2:VARCHAR#
      </isNotNull>
      <isNotNull prepend="," property="record.numLoteDir2" >
        num_lote_dir2 = #record.numLoteDir2:VARCHAR#
      </isNotNull>
      <isNotNull prepend="," property="record.numKilomDir2" >
        num_kilom_dir2 = #record.numKilomDir2:VARCHAR#
      </isNotNull>
      <isNotNull prepend="," property="record.numBlockDir2" >
        num_block_dir2 = #record.numBlockDir2:VARCHAR#
      </isNotNull>
      <isNotNull prepend="," property="record.numEtapaDir2" >
        num_etapa_dir2 = #record.numEtapaDir2:VARCHAR#
      </isNotNull>
      <isNotNull prepend="," property="record.codZonaDir2" >
        cod_zona_dir2 = #record.codZonaDir2:CHAR#
      </isNotNull>
      <isNotNull prepend="," property="record.nomZonaDir2" >
        nom_zona_dir2 = #record.nomZonaDir2:VARCHAR#
      </isNotNull>
      <isNotNull prepend="," property="record.desReferDir2" >
        des_refer_dir2 = #record.desReferDir2:VARCHAR#
      </isNotNull>
      <isNotNull prepend="," property="record.codUbigeoDir2" >
        cod_ubigeo_dir2 = #record.codUbigeoDir2:CHAR#
      </isNotNull>
      <isNotNull prepend="," property="record.indCentAsis" >
        ind_cent_asis = #record.indCentAsis:CHAR#
      </isNotNull>
      <isNotNull prepend="," property="record.codTelefLarDis" >
        cod_telef_lar_dis = #record.codTelefLarDis:CHAR#
      </isNotNull>
      <isNotNull prepend="," property="record.numTelef" >
        num_telef = #record.numTelef:VARCHAR#
      </isNotNull>
      <isNotNull prepend="," property="record.desCorreo" >
        des_correo = #record.desCorreo:VARCHAR#
      </isNotNull>
      <isNotNull prepend="," property="record.estProceso" >
        est_proceso = #record.estProceso:CHAR#
      </isNotNull>
      <isNotNull prepend="," property="record.fecCreacion" >
        fec_creacion = #record.fecCreacion:TIMESTAMP#
      </isNotNull>
    </dynamic>
    <isParameterPresent >
      <include refid="t4948tregisimp13.Example_Where_Clause" />
    </isParameterPresent>
  </update>
  
  <update id="updateByExample" >
    update t4948tregisimp13
    set fec_proceso = #record.fecProceso:TIMESTAMP#,
      cod_docum = #record.codDocum:CHAR#,
      num_docum = #record.numDocum:VARCHAR#,
      cod_docum_der = #record.codDocumDer:CHAR#,
      num_docum_der = #record.numDocumDer:VARCHAR#,
      cod_pais_emi_doc = #record.codPaisEmiDoc:CHAR#,
      fec_nacimiento_der = #record.fecNacimientoDer:DATE#,
      ape_pat_der = #record.apePatDer:VARCHAR#,
      ape_mat_der = #record.apeMatDer:VARCHAR#,
      nom_der = #record.nomDer:VARCHAR#,
      ind_sexo_der = #record.indSexoDer:CHAR#,
      cod_vin_fam = #record.codVinFam:CHAR#,
      cod_doc_acre_vin = #record.codDocAcreVin:CHAR#,
      num_doc_acre_vin = #record.numDocAcreVin:VARCHAR#,
      num_mes_concep = #record.numMesConcep:CHAR#,
      cod_via_dir1 = #record.codViaDir1:CHAR#,
      nom_via_dir1 = #record.nomViaDir1:VARCHAR#,
      num_via_dir1 = #record.numViaDir1:VARCHAR#,
      num_depa_dir1 = #record.numDepaDir1:VARCHAR#,
      num_interior_dir1 = #record.numInteriorDir1:VARCHAR#,
      num_manz_dir1 = #record.numManzDir1:VARCHAR#,
      num_lote_dir1 = #record.numLoteDir1:VARCHAR#,
      num_kilom_dir1 = #record.numKilomDir1:VARCHAR#,
      num_block_dir1 = #record.numBlockDir1:VARCHAR#,
      num_etapa_dir1 = #record.numEtapaDir1:VARCHAR#,
      cod_zona_dir1 = #record.codZonaDir1:CHAR#,
      nom_zona_dir1 = #record.nomZonaDir1:VARCHAR#,
      des_refer_dir1 = #record.desReferDir1:VARCHAR#,
      cod_ubigeo_dir1 = #record.codUbigeoDir1:CHAR#,
      cod_via_dir2 = #record.codViaDir2:CHAR#,
      nom_via_dir2 = #record.nomViaDir2:VARCHAR#,
      num_via_dir2 = #record.numViaDir2:VARCHAR#,
      num_depa_dir2 = #record.numDepaDir2:VARCHAR#,
      num_interior_dir2 = #record.numInteriorDir2:VARCHAR#,
      num_manz_dir2 = #record.numManzDir2:VARCHAR#,
      num_lote_dir2 = #record.numLoteDir2:VARCHAR#,
      num_kilom_dir2 = #record.numKilomDir2:VARCHAR#,
      num_block_dir2 = #record.numBlockDir2:VARCHAR#,
      num_etapa_dir2 = #record.numEtapaDir2:VARCHAR#,
      cod_zona_dir2 = #record.codZonaDir2:CHAR#,
      nom_zona_dir2 = #record.nomZonaDir2:VARCHAR#,
      des_refer_dir2 = #record.desReferDir2:VARCHAR#,
      cod_ubigeo_dir2 = #record.codUbigeoDir2:CHAR#,
      ind_cent_asis = #record.indCentAsis:CHAR#,
      cod_telef_lar_dis = #record.codTelefLarDis:CHAR#,
      num_telef = #record.numTelef:VARCHAR#,
      des_correo = #record.desCorreo:VARCHAR#,
      est_proceso = #record.estProceso:CHAR#,
      fec_creacion = #record.fecCreacion:TIMESTAMP#
    <isParameterPresent >
      <include refid="t4948tregisimp13.Example_Where_Clause" />
    </isParameterPresent>
  </update>
  
</sqlMap>