<?xml version="1.0" encoding="UTF-8" ?>
<!DOCTYPE sqlMap PUBLIC "-//ibatis.apache.org//DTD SQL Map 2.0//EN" "http://ibatis.apache.org/dtd/sql-map-2.dtd" >
<sqlMap namespace="t4947tregisimp11" >
  <resultMap id="BaseResultMap" class="pe.gob.sunat.recurso2.humano.decljurada.model.Estructura11" >
    <result column="fec_proceso" property="fecProceso" jdbcType="TIMESTAMP" />
    <result column="cod_docum" property="codDocum" jdbcType="CHAR" />
    <result column="num_docum" property="numDocum" jdbcType="VARCHAR" />
    <result column="cod_pais_emi_doc" property="codPaisEmiDoc" jdbcType="CHAR" />
    <result column="cod_cate" property="codCate" jdbcType="CHAR" />
    <result column="cod_tip_reg" property="codTipReg" jdbcType="CHAR" />
    <result column="fec_ini" property="fecIni" jdbcType="DATE" />
    <result column="fec_fin" property="fecFin" jdbcType="DATE" />
    <result column="cod_ind_tip_reg" property="codIndTipReg" jdbcType="CHAR" />
    <result column="cod_eps" property="codEps" jdbcType="CHAR" />
    <result column="est_proceso" property="estProceso" jdbcType="CHAR" />
    <result column="fec_creacion" property="fecCreacion" jdbcType="TIMESTAMP" />
    <result column="acc_creacion" property="accCreacion" jdbcType="CHAR" />
  </resultMap>
  
  <sql id="Example_Where_Clause" >
    <iterate property="oredCriteria" conjunction="or" prepend="where" removeFirstPrepend="iterate" >
      <isEqual property="oredCriteria[].valid" compareValue="true" >
        (
        <iterate prepend="and" property="oredCriteria[].criteriaWithoutValue" conjunction="and" >
          $oredCriteria[].criteriaWithoutValue[]$
        </iterate>
        <iterate prepend="and" property="oredCriteria[].criteriaWithSingleValue" conjunction="and" >
          $oredCriteria[].criteriaWithSingleValue[].condition$
            #oredCriteria[].criteriaWithSingleValue[].value#
        </iterate>
        <iterate prepend="and" property="oredCriteria[].criteriaWithListValue" conjunction="and" >
          $oredCriteria[].criteriaWithListValue[].condition$
          <iterate property="oredCriteria[].criteriaWithListValue[].values" open="(" close=")" conjunction="," >
            #oredCriteria[].criteriaWithListValue[].values[]#
          </iterate>
        </iterate>
        <iterate prepend="and" property="oredCriteria[].criteriaWithBetweenValue" conjunction="and" >
          $oredCriteria[].criteriaWithBetweenValue[].condition$
          #oredCriteria[].criteriaWithBetweenValue[].values[0]# and
          #oredCriteria[].criteriaWithBetweenValue[].values[1]#
        </iterate>
        )
      </isEqual>
    </iterate>
  </sql>
  
  <select id="selectByExample" resultMap="BaseResultMap" parameterClass="pe.gob.sunat.recurso2.humano.decljurada.model.Estructura11Example" >
    select fec_proceso, cod_docum, num_docum, cod_pais_emi_doc, cod_cate, cod_tip_reg, fec_ini,
      fec_fin, cod_ind_tip_reg, cod_eps, est_proceso, fec_creacion, acc_creacion
    from t4947tregisimp11
    <isParameterPresent >
      <include refid="t4947tregisimp11.Example_Where_Clause" />
      <isNotNull property="orderByClause" >
        order by $orderByClause$
      </isNotNull>
    </isParameterPresent>
  </select>
  
  <delete id="deleteByExample" parameterClass="pe.gob.sunat.recurso2.humano.decljurada.model.Estructura11Example" >
    delete from t4947tregisimp11
    <include refid="t4947tregisimp11.Example_Where_Clause" />
  </delete>
  
  <insert id="insert" parameterClass="pe.gob.sunat.recurso2.humano.decljurada.model.Estructura11" >
    insert into t4947tregisimp11 (fec_proceso, cod_docum, num_docum, cod_pais_emi_doc, cod_cate,
      cod_tip_reg, fec_ini, fec_fin, cod_ind_tip_reg, cod_eps, est_proceso, fec_creacion,
      acc_creacion)
    values (#fecProceso:TIMESTAMP#, #codDocum:CHAR#, #numDocum:VARCHAR#, #codPaisEmiDoc:CHAR#,
      #codCate:CHAR#, #codTipReg:CHAR#, #fecIni:DATE#, #fecFin:DATE#, #codIndTipReg:CHAR#,
      #codEps:CHAR#, #estProceso:CHAR#, #fecCreacion:TIMESTAMP#, #accCreacion:CHAR#)
  </insert>
  
  <insert id="insertSelective" parameterClass="pe.gob.sunat.recurso2.humano.decljurada.model.Estructura11" >
    insert into t4947tregisimp11
    <dynamic prepend="(" >
      <isNotNull prepend="," property="fecProceso" >
        fec_proceso
      </isNotNull>
      <isNotNull prepend="," property="codDocum" >
        cod_docum
      </isNotNull>
      <isNotNull prepend="," property="numDocum" >
        num_docum
      </isNotNull>
      <isNotNull prepend="," property="codPaisEmiDoc" >
        cod_pais_emi_doc
      </isNotNull>
      <isNotNull prepend="," property="codCate" >
        cod_cate
      </isNotNull>
      <isNotNull prepend="," property="codTipReg" >
        cod_tip_reg
      </isNotNull>
      <isNotNull prepend="," property="fecIni" >
        fec_ini
      </isNotNull>
      <isNotNull prepend="," property="fecFin" >
        fec_fin
      </isNotNull>
      <isNotNull prepend="," property="codIndTipReg" >
        cod_ind_tip_reg
      </isNotNull>
      <isNotNull prepend="," property="codEps" >
        cod_eps
      </isNotNull>
      <isNotNull prepend="," property="estProceso" >
        est_proceso
      </isNotNull>
      <isNotNull prepend="," property="fecCreacion" >
        fec_creacion
      </isNotNull>
      <isNotNull prepend="," property="accCreacion" >
        acc_creacion
      </isNotNull>
      )
    </dynamic>
    values
    <dynamic prepend="(" >
      <isNotNull prepend="," property="fecProceso" >
        #fecProceso:TIMESTAMP#
      </isNotNull>
      <isNotNull prepend="," property="codDocum" >
        #codDocum:CHAR#
      </isNotNull>
      <isNotNull prepend="," property="numDocum" >
        #numDocum:VARCHAR#
      </isNotNull>
      <isNotNull prepend="," property="codPaisEmiDoc" >
        #codPaisEmiDoc:CHAR#
      </isNotNull>
      <isNotNull prepend="," property="codCate" >
        #codCate:CHAR#
      </isNotNull>
      <isNotNull prepend="," property="codTipReg" >
        #codTipReg:CHAR#
      </isNotNull>
      <isNotNull prepend="," property="fecIni" >
        #fecIni:DATE#
      </isNotNull>
      <isNotNull prepend="," property="fecFin" >
        #fecFin:DATE#
      </isNotNull>
      <isNotNull prepend="," property="codIndTipReg" >
        #codIndTipReg:CHAR#
      </isNotNull>
      <isNotNull prepend="," property="codEps" >
        #codEps:CHAR#
      </isNotNull>
      <isNotNull prepend="," property="estProceso" >
        #estProceso:CHAR#
      </isNotNull>
      <isNotNull prepend="," property="fecCreacion" >
        #fecCreacion:TIMESTAMP#
      </isNotNull>
      <isNotNull prepend="," property="accCreacion" >
        #accCreacion:CHAR#
      </isNotNull>
      )
    </dynamic>
  </insert>
  
  <select id="countByExample" parameterClass="pe.gob.sunat.recurso2.humano.decljurada.model.Estructura11Example" resultClass="java.lang.Integer" >
    select count(*) from t4947tregisimp11
    <include refid="t4947tregisimp11.Example_Where_Clause" />
  </select>
  
  <update id="updateByExampleSelective" >
    update t4947tregisimp11
    <dynamic prepend="set" >
      <isNotNull prepend="," property="record.fecProceso" >
        fec_proceso = #record.fecProceso:TIMESTAMP#
      </isNotNull>
      <isNotNull prepend="," property="record.codDocum" >
        cod_docum = #record.codDocum:CHAR#
      </isNotNull>
      <isNotNull prepend="," property="record.numDocum" >
        num_docum = #record.numDocum:VARCHAR#
      </isNotNull>
      <isNotNull prepend="," property="record.codPaisEmiDoc" >
        cod_pais_emi_doc = #record.codPaisEmiDoc:CHAR#
      </isNotNull>
      <isNotNull prepend="," property="record.codCate" >
        cod_cate = #record.codCate:CHAR#
      </isNotNull>
      <isNotNull prepend="," property="record.codTipReg" >
        cod_tip_reg = #record.codTipReg:CHAR#
      </isNotNull>
      <isNotNull prepend="," property="record.fecIni" >
        fec_ini = #record.fecIni:DATE#
      </isNotNull>
      <isNotNull prepend="," property="record.fecFin" >
        fec_fin = #record.fecFin:DATE#
      </isNotNull>
      <isNotNull prepend="," property="record.codIndTipReg" >
        cod_ind_tip_reg = #record.codIndTipReg:CHAR#
      </isNotNull>
      <isNotNull prepend="," property="record.codEps" >
        cod_eps = #record.codEps:CHAR#
      </isNotNull>
      <isNotNull prepend="," property="record.estProceso" >
        est_proceso = #record.estProceso:CHAR#
      </isNotNull>
      <isNotNull prepend="," property="record.fecCreacion" >
        fec_creacion = #record.fecCreacion:TIMESTAMP#
      </isNotNull>
      <isNotNull prepend="," property="record.accCreacion" >
        acc_creacion = #record.accCreacion:CHAR#
      </isNotNull>
    </dynamic>
    <isParameterPresent >
      <include refid="t4947tregisimp11.Example_Where_Clause" />
    </isParameterPresent>
  </update>
  
  <update id="updateByExample" >
    update t4947tregisimp11
    set fec_proceso = #record.fecProceso:TIMESTAMP#,
      cod_docum = #record.codDocum:CHAR#,
      num_docum = #record.numDocum:VARCHAR#,
      cod_pais_emi_doc = #record.codPaisEmiDoc:CHAR#,
      cod_cate = #record.codCate:CHAR#,
      cod_tip_reg = #record.codTipReg:CHAR#,
      fec_ini = #record.fecIni:DATE#,
      fec_fin = #record.fecFin:DATE#,
      cod_ind_tip_reg = #record.codIndTipReg:CHAR#,
      cod_eps = #record.codEps:CHAR#,
      est_proceso = #record.estProceso:CHAR#,
      fec_creacion = #record.fecCreacion:TIMESTAMP#,
      acc_creacion = #record.accCreacion:CHAR#
    <isParameterPresent >
      <include refid="t4947tregisimp11.Example_Where_Clause" />
    </isParameterPresent>
  </update>
  
</sqlMap>