<?xml version="1.0" encoding="UTF-8" ?>
<!DOCTYPE sqlMap PUBLIC "-//ibatis.apache.org//DTD SQL Map 2.0//EN" "http://ibatis.apache.org/dtd/sql-map-2.dtd" >
<sqlMap namespace="t4950tregisimp24" >
  <resultMap id="BaseResultMap" class="pe.gob.sunat.recurso2.humano.decljurada.model.Estructura24" >
    <result column="fec_proceso" property="fecProceso" jdbcType="TIMESTAMP" />
    <result column="cod_docum" property="codDocum" jdbcType="CHAR" />
    <result column="num_docum" property="numDocum" jdbcType="VARCHAR" />
    <result column="cod_docum_der" property="codDocumDer" jdbcType="CHAR" />
    <result column="num_docum_der" property="numDocumDer" jdbcType="VARCHAR" />
    <result column="cod_pais_emi_doc" property="codPaisEmiDoc" jdbcType="CHAR" />
    <result column="fec_nacimiento_der" property="fecNacimientoDer" jdbcType="DATE" />
    <result column="ape_pat_der" property="apePatDer" jdbcType="VARCHAR" />
    <result column="ape_mat_der" property="apeMatDer" jdbcType="VARCHAR" />
    <result column="nom_der" property="nomDer" jdbcType="VARCHAR" />
    <result column="cod_vin_fam" property="codVinFam" jdbcType="CHAR" />
    <result column="fec_baja" property="fecBaja" jdbcType="DATE" />
    <result column="cod_baja" property="codBaja" jdbcType="CHAR" />
    <result column="est_proceso" property="estProceso" jdbcType="CHAR" />
    <result column="fec_creacion" property="fecCreacion" jdbcType="TIMESTAMP" />
  </resultMap>
  
  <sql id="Example_Where_Clause" >
    <iterate property="oredCriteria" conjunction="or" prepend="where" removeFirstPrepend="iterate" >
      <isEqual property="oredCriteria[].valid" compareValue="true" >
        (
        <iterate prepend="and" property="oredCriteria[].criteriaWithoutValue" conjunction="and" >
          $oredCriteria[].criteriaWithoutValue[]$
        </iterate>
        <iterate prepend="and" property="oredCriteria[].criteriaWithSingleValue" conjunction="and" >
          $oredCriteria[].criteriaWithSingleValue[].condition$
            #oredCriteria[].criteriaWithSingleValue[].value#
        </iterate>
        <iterate prepend="and" property="oredCriteria[].criteriaWithListValue" conjunction="and" >
          $oredCriteria[].criteriaWithListValue[].condition$
          <iterate property="oredCriteria[].criteriaWithListValue[].values" open="(" close=")" conjunction="," >
            #oredCriteria[].criteriaWithListValue[].values[]#
          </iterate>
        </iterate>
        <iterate prepend="and" property="oredCriteria[].criteriaWithBetweenValue" conjunction="and" >
          $oredCriteria[].criteriaWithBetweenValue[].condition$
          #oredCriteria[].criteriaWithBetweenValue[].values[0]# and
          #oredCriteria[].criteriaWithBetweenValue[].values[1]#
        </iterate>
        )
      </isEqual>
    </iterate>
  </sql>
  
  <select id="selectByExample" resultMap="BaseResultMap" parameterClass="pe.gob.sunat.recurso2.humano.decljurada.model.Estructura24Example" >
    select fec_proceso, cod_docum, num_docum, cod_docum_der, num_docum_der, cod_pais_emi_doc,
      fec_nacimiento_der, ape_pat_der, ape_mat_der, nom_der, cod_vin_fam, fec_baja, cod_baja,
      est_proceso, fec_creacion
    from t4950tregisimp24
    <isParameterPresent >
      <include refid="t4950tregisimp24.Example_Where_Clause" />
      <isNotNull property="orderByClause" >
        order by $orderByClause$
      </isNotNull>
    </isParameterPresent>
  </select>
  
  <delete id="deleteByExample" parameterClass="pe.gob.sunat.recurso2.humano.decljurada.model.Estructura24Example" >
    delete from t4950tregisimp24
    <include refid="t4950tregisimp24.Example_Where_Clause" />
  </delete>
  
  <insert id="insert" parameterClass="pe.gob.sunat.recurso2.humano.decljurada.model.Estructura24" >
    insert into t4950tregisimp24 (fec_proceso, cod_docum, num_docum, cod_docum_der, num_docum_der,
      cod_pais_emi_doc, fec_nacimiento_der, ape_pat_der, ape_mat_der, nom_der, cod_vin_fam,
      fec_baja, cod_baja, est_proceso, fec_creacion)
    values (#fecProceso:TIMESTAMP#, #codDocum:CHAR#, #numDocum:VARCHAR#, #codDocumDer:CHAR#,
      #numDocumDer:VARCHAR#, #codPaisEmiDoc:CHAR#, #fecNacimientoDer:DATE#, #apePatDer:VARCHAR#,
      #apeMatDer:VARCHAR#, #nomDer:VARCHAR#, #codVinFam:CHAR#, #fecBaja:DATE#, #codBaja:CHAR#,
      #estProceso:CHAR#, #fecCreacion:TIMESTAMP#)
  </insert>
  
  <insert id="insertSelective" parameterClass="pe.gob.sunat.recurso2.humano.decljurada.model.Estructura24" >
    insert into t4950tregisimp24
    <dynamic prepend="(" >
      <isNotNull prepend="," property="fecProceso" >
        fec_proceso
      </isNotNull>
      <isNotNull prepend="," property="codDocum" >
        cod_docum
      </isNotNull>
      <isNotNull prepend="," property="numDocum" >
        num_docum
      </isNotNull>
      <isNotNull prepend="," property="codDocumDer" >
        cod_docum_der
      </isNotNull>
      <isNotNull prepend="," property="numDocumDer" >
        num_docum_der
      </isNotNull>
      <isNotNull prepend="," property="codPaisEmiDoc" >
        cod_pais_emi_doc
      </isNotNull>
      <isNotNull prepend="," property="fecNacimientoDer" >
        fec_nacimiento_der
      </isNotNull>
      <isNotNull prepend="," property="apePatDer" >
        ape_pat_der
      </isNotNull>
      <isNotNull prepend="," property="apeMatDer" >
        ape_mat_der
      </isNotNull>
      <isNotNull prepend="," property="nomDer" >
        nom_der
      </isNotNull>
      <isNotNull prepend="," property="codVinFam" >
        cod_vin_fam
      </isNotNull>
      <isNotNull prepend="," property="fecBaja" >
        fec_baja
      </isNotNull>
      <isNotNull prepend="," property="codBaja" >
        cod_baja
      </isNotNull>
      <isNotNull prepend="," property="estProceso" >
        est_proceso
      </isNotNull>
      <isNotNull prepend="," property="fecCreacion" >
        fec_creacion
      </isNotNull>
      )
    </dynamic>
    values
    <dynamic prepend="(" >
      <isNotNull prepend="," property="fecProceso" >
        #fecProceso:TIMESTAMP#
      </isNotNull>
      <isNotNull prepend="," property="codDocum" >
        #codDocum:CHAR#
      </isNotNull>
      <isNotNull prepend="," property="numDocum" >
        #numDocum:VARCHAR#
      </isNotNull>
      <isNotNull prepend="," property="codDocumDer" >
        #codDocumDer:CHAR#
      </isNotNull>
      <isNotNull prepend="," property="numDocumDer" >
        #numDocumDer:VARCHAR#
      </isNotNull>
      <isNotNull prepend="," property="codPaisEmiDoc" >
        #codPaisEmiDoc:CHAR#
      </isNotNull>
      <isNotNull prepend="," property="fecNacimientoDer" >
        #fecNacimientoDer:DATE#
      </isNotNull>
      <isNotNull prepend="," property="apePatDer" >
        #apePatDer:VARCHAR#
      </isNotNull>
      <isNotNull prepend="," property="apeMatDer" >
        #apeMatDer:VARCHAR#
      </isNotNull>
      <isNotNull prepend="," property="nomDer" >
        #nomDer:VARCHAR#
      </isNotNull>
      <isNotNull prepend="," property="codVinFam" >
        #codVinFam:CHAR#
      </isNotNull>
      <isNotNull prepend="," property="fecBaja" >
        #fecBaja:DATE#
      </isNotNull>
      <isNotNull prepend="," property="codBaja" >
        #codBaja:CHAR#
      </isNotNull>
      <isNotNull prepend="," property="estProceso" >
        #estProceso:CHAR#
      </isNotNull>
      <isNotNull prepend="," property="fecCreacion" >
        #fecCreacion:TIMESTAMP#
      </isNotNull>
      )
    </dynamic>
  </insert>
  
  <select id="countByExample" parameterClass="pe.gob.sunat.recurso2.humano.decljurada.model.Estructura24Example" resultClass="java.lang.Integer" >
    select count(*) from t4950tregisimp24
    <include refid="t4950tregisimp24.Example_Where_Clause" />
  </select>
  
  <update id="updateByExampleSelective" >
    update t4950tregisimp24
    <dynamic prepend="set" >
      <isNotNull prepend="," property="record.fecProceso" >
        fec_proceso = #record.fecProceso:TIMESTAMP#
      </isNotNull>
      <isNotNull prepend="," property="record.codDocum" >
        cod_docum = #record.codDocum:CHAR#
      </isNotNull>
      <isNotNull prepend="," property="record.numDocum" >
        num_docum = #record.numDocum:VARCHAR#
      </isNotNull>
      <isNotNull prepend="," property="record.codDocumDer" >
        cod_docum_der = #record.codDocumDer:CHAR#
      </isNotNull>
      <isNotNull prepend="," property="record.numDocumDer" >
        num_docum_der = #record.numDocumDer:VARCHAR#
      </isNotNull>
      <isNotNull prepend="," property="record.codPaisEmiDoc" >
        cod_pais_emi_doc = #record.codPaisEmiDoc:CHAR#
      </isNotNull>
      <isNotNull prepend="," property="record.fecNacimientoDer" >
        fec_nacimiento_der = #record.fecNacimientoDer:DATE#
      </isNotNull>
      <isNotNull prepend="," property="record.apePatDer" >
        ape_pat_der = #record.apePatDer:VARCHAR#
      </isNotNull>
      <isNotNull prepend="," property="record.apeMatDer" >
        ape_mat_der = #record.apeMatDer:VARCHAR#
      </isNotNull>
      <isNotNull prepend="," property="record.nomDer" >
        nom_der = #record.nomDer:VARCHAR#
      </isNotNull>
      <isNotNull prepend="," property="record.codVinFam" >
        cod_vin_fam = #record.codVinFam:CHAR#
      </isNotNull>
      <isNotNull prepend="," property="record.fecBaja" >
        fec_baja = #record.fecBaja:DATE#
      </isNotNull>
      <isNotNull prepend="," property="record.codBaja" >
        cod_baja = #record.codBaja:CHAR#
      </isNotNull>
      <isNotNull prepend="," property="record.estProceso" >
        est_proceso = #record.estProceso:CHAR#
      </isNotNull>
      <isNotNull prepend="," property="record.fecCreacion" >
        fec_creacion = #record.fecCreacion:TIMESTAMP#
      </isNotNull>
    </dynamic>
    <isParameterPresent >
      <include refid="t4950tregisimp24.Example_Where_Clause" />
    </isParameterPresent>
  </update>
  
  <update id="updateByExample" >
    update t4950tregisimp24
    set fec_proceso = #record.fecProceso:TIMESTAMP#,
      cod_docum = #record.codDocum:CHAR#,
      num_docum = #record.numDocum:VARCHAR#,
      cod_docum_der = #record.codDocumDer:CHAR#,
      num_docum_der = #record.numDocumDer:VARCHAR#,
      cod_pais_emi_doc = #record.codPaisEmiDoc:CHAR#,
      fec_nacimiento_der = #record.fecNacimientoDer:DATE#,
      ape_pat_der = #record.apePatDer:VARCHAR#,
      ape_mat_der = #record.apeMatDer:VARCHAR#,
      nom_der = #record.nomDer:VARCHAR#,
      cod_vin_fam = #record.codVinFam:CHAR#,
      fec_baja = #record.fecBaja:DATE#,
      cod_baja = #record.codBaja:CHAR#,
      est_proceso = #record.estProceso:CHAR#,
      fec_creacion = #record.fecCreacion:TIMESTAMP#
    <isParameterPresent >
      <include refid="t4950tregisimp24.Example_Where_Clause" />
    </isParameterPresent>
  </update>
  
</sqlMap>