<?xml version="1.0" encoding="UTF-8" ?>
<!DOCTYPE sqlMap PUBLIC "-//ibatis.apache.org//DTD SQL Map 2.0//EN" "http://ibatis.apache.org/dtd/sql-map-2.dtd" >
<sqlMap namespace="t733pernat" >
  <resultMap id="BaseResultMap" class="pe.gob.sunat.recurso2.humano.decljurada.model.PersonaRtps" >
    <result column="num_docide_pnat" property="numDocidePnat" jdbcType="CHAR" />
    <result column="tip_docide_pnat" property="tipDocidePnat" jdbcType="CHAR" />
    <result column="des_apepat_pnat" property="desApepatPnat" jdbcType="VARCHAR" />
    <result column="des_apemat_pnat" property="desApematPnat" jdbcType="VARCHAR" />
    <result column="des_nombre_pnat" property="desNombrePnat" jdbcType="VARCHAR" />
    <result column="fec_nac_pnat" property="fecNacPnat" jdbcType="DATE" />
    <result column="tip_estciv_pnat" property="tipEstcivPnat" jdbcType="CHAR" />
    <result column="tip_sexo_pnat" property="tipSexoPnat" jdbcType="CHAR" />
    <result column="des_domici_pnat" property="desDomiciPnat" jdbcType="VARCHAR" />
    <result column="fec_fall_pnat" property="fecFallPnat" jdbcType="DATE" />
    <result column="cod_ubigeo_pnat" property="codUbigeoPnat" jdbcType="CHAR" />
    <result column="num_telefo_pnat" property="numTelefoPnat" jdbcType="CHAR" />
    <result column="ind_proced_pnat" property="indProcedPnat" jdbcType="CHAR" />
    <result column="fec_act_pnat" property="fecActPnat" jdbcType="DATE" />
    <result column="cla_nombre_1" property="claNombre1" jdbcType="CHAR" />
    <result column="cla_nombre_2" property="claNombre2" jdbcType="CHAR" />
    <result column="cla_nombre_3" property="claNombre3" jdbcType="CHAR" />
    <result column="cla_nombre_4" property="claNombre4" jdbcType="CHAR" />
    <result column="cla_direc_1" property="claDirec1" jdbcType="CHAR" />
    <result column="cla_direc_2" property="claDirec2" jdbcType="CHAR" />
    <result column="cla_direc_3" property="claDirec3" jdbcType="CHAR" />
    <result column="num_paq_actualiza" property="numPaqActualiza" jdbcType="CHAR" />
    <result column="ind_novedad" property="indNovedad" jdbcType="CHAR" />
    <result column="cod_userna" property="codUserna" jdbcType="CHAR" />
    <result column="fec_act" property="fecAct" jdbcType="TIMESTAMP" />
    <result column="ind_verifica" property="indVerifica" jdbcType="CHAR" />
    <result column="des_ape_casada" property="desApeCasada" jdbcType="VARCHAR" />
    <result column="ind_instruccion" property="indInstruccion" jdbcType="CHAR" />
    <result column="cod_ubigeo_dom" property="codUbigeoDom" jdbcType="CHAR" />
    <result column="cod_ubigeo_nac" property="codUbigeoNac" jdbcType="CHAR" />
    <result column="cod_docide_padre" property="codDocidePadre" jdbcType="CHAR" />
    <result column="num_docide_padre" property="numDocidePadre" jdbcType="CHAR" />
    <result column="des_nombre_padre" property="desNombrePadre" jdbcType="VARCHAR" />
    <result column="cod_docide_madre" property="codDocideMadre" jdbcType="CHAR" />
    <result column="num_docide_madre" property="numDocideMadre" jdbcType="CHAR" />
    <result column="des_nombre_madre" property="desNombreMadre" jdbcType="VARCHAR" />
    <result column="fec_inscripcion" property="fecInscripcion" jdbcType="DATE" />
    <result column="fec_expedicion" property="fecExpedicion" jdbcType="DATE" />
    <result column="ind_votacion" property="indVotacion" jdbcType="CHAR" />
    <result column="ind_restriccion" property="indRestriccion" jdbcType="CHAR" />
    <result column="fec_caducidad" property="fecCaducidad" jdbcType="DATE" />
    <result column="cod_via" property="codVia" jdbcType="CHAR" />
    <result column="des_via" property="desVia" jdbcType="VARCHAR" />
    <result column="num_via" property="numVia" jdbcType="CHAR" />
    <result column="num_block" property="numBlock" jdbcType="CHAR" />
    <result column="num_interior" property="numInterior" jdbcType="CHAR" />
    <result column="des_zona" property="desZona" jdbcType="VARCHAR" />
    <result column="num_etapa" property="numEtapa" jdbcType="CHAR" />
    <result column="num_manzana" property="numManzana" jdbcType="CHAR" />
    <result column="num_lote" property="numLote" jdbcType="CHAR" />
    <result column="cod_block" property="codBlock" jdbcType="CHAR" />
    <result column="cod_interior" property="codInterior" jdbcType="CHAR" />
    <result column="cod_zona" property="codZona" jdbcType="CHAR" />
  </resultMap>
  
  <resultMap id="ResultMapWithBLOBs" class="pe.gob.sunat.recurso2.humano.decljurada.model.PersonaRtpsWithBLOBs" extends="t733pernat.BaseResultMap" >
    <result column="img_foto" property="imgFoto" jdbcType="BLOB" />
    <result column="img_firma" property="imgFirma" jdbcType="BLOB" />
  </resultMap>
  
  <sql id="Example_Where_Clause" >
    <iterate property="oredCriteria" conjunction="or" prepend="where" removeFirstPrepend="iterate" >
      <isEqual property="oredCriteria[].valid" compareValue="true" >
        (
        <iterate prepend="and" property="oredCriteria[].criteriaWithoutValue" conjunction="and" >
          $oredCriteria[].criteriaWithoutValue[]$
        </iterate>
        <iterate prepend="and" property="oredCriteria[].criteriaWithSingleValue" conjunction="and" >
          $oredCriteria[].criteriaWithSingleValue[].condition$
            #oredCriteria[].criteriaWithSingleValue[].value#
        </iterate>
        <iterate prepend="and" property="oredCriteria[].criteriaWithListValue" conjunction="and" >
          $oredCriteria[].criteriaWithListValue[].condition$
          <iterate property="oredCriteria[].criteriaWithListValue[].values" open="(" close=")" conjunction="," >
            #oredCriteria[].criteriaWithListValue[].values[]#
          </iterate>
        </iterate>
        <iterate prepend="and" property="oredCriteria[].criteriaWithBetweenValue" conjunction="and" >
          $oredCriteria[].criteriaWithBetweenValue[].condition$
          #oredCriteria[].criteriaWithBetweenValue[].values[0]# and
          #oredCriteria[].criteriaWithBetweenValue[].values[1]#
        </iterate>
        )
      </isEqual>
    </iterate>
  </sql>
  
  <select id="selectByExampleWithBLOBs" resultMap="ResultMapWithBLOBs" parameterClass="pe.gob.sunat.recurso2.humano.decljurada.model.PersonaRtpsExample" >
    select num_docide_pnat, tip_docide_pnat, des_apepat_pnat, des_apemat_pnat, des_nombre_pnat,
      fec_nac_pnat, tip_estciv_pnat, tip_sexo_pnat, des_domici_pnat, fec_fall_pnat, cod_ubigeo_pnat,
      num_telefo_pnat, ind_proced_pnat, fec_act_pnat, cla_nombre_1, cla_nombre_2, cla_nombre_3,
      cla_nombre_4, cla_direc_1, cla_direc_2, cla_direc_3, num_paq_actualiza, ind_novedad,
      cod_userna, fec_act, ind_verifica, des_ape_casada, ind_instruccion, cod_ubigeo_dom,
      cod_ubigeo_nac, cod_docide_padre, num_docide_padre, des_nombre_padre, cod_docide_madre,
      num_docide_madre, des_nombre_madre, fec_inscripcion, fec_expedicion, ind_votacion,
      ind_restriccion, fec_caducidad, cod_via, des_via, num_via, num_block, num_interior, des_zona,
      num_etapa, num_manzana, num_lote, cod_block, cod_interior, cod_zona, img_foto, img_firma
    from t733pernat
    <isParameterPresent >
      <include refid="t733pernat.Example_Where_Clause" />
      <isNotNull property="orderByClause" >
        order by $orderByClause$
      </isNotNull>
    </isParameterPresent>
  </select>
  
  <select id="selectByExample" resultMap="BaseResultMap" parameterClass="pe.gob.sunat.recurso2.humano.decljurada.model.PersonaRtpsExample" >
    select num_docide_pnat, tip_docide_pnat, des_apepat_pnat, des_apemat_pnat, des_nombre_pnat,
      fec_nac_pnat, tip_estciv_pnat, tip_sexo_pnat, des_domici_pnat, fec_fall_pnat, cod_ubigeo_pnat,
      num_telefo_pnat, ind_proced_pnat, fec_act_pnat, cla_nombre_1, cla_nombre_2, cla_nombre_3,
      cla_nombre_4, cla_direc_1, cla_direc_2, cla_direc_3, num_paq_actualiza, ind_novedad,
      cod_userna, fec_act, ind_verifica, des_ape_casada, ind_instruccion, cod_ubigeo_dom,
      cod_ubigeo_nac, cod_docide_padre, num_docide_padre, des_nombre_padre, cod_docide_madre,
      num_docide_madre, des_nombre_madre, fec_inscripcion, fec_expedicion, ind_votacion,
      ind_restriccion, fec_caducidad, cod_via, des_via, num_via, num_block, num_interior, des_zona,
      num_etapa, num_manzana, num_lote, cod_block, cod_interior, cod_zona
    from t733pernat
    <isParameterPresent >
      <include refid="t733pernat.Example_Where_Clause" />
      <isNotNull property="orderByClause" >
        order by $orderByClause$
      </isNotNull>
    </isParameterPresent>
  </select>
  
  <select id="selectByPrimaryKey" resultMap="ResultMapWithBLOBs" parameterClass="pe.gob.sunat.recurso2.humano.decljurada.model.PersonaRtpsKey" >
    select num_docide_pnat, tip_docide_pnat, des_apepat_pnat, des_apemat_pnat, des_nombre_pnat,
      fec_nac_pnat, tip_estciv_pnat, tip_sexo_pnat, des_domici_pnat, fec_fall_pnat, cod_ubigeo_pnat,
      num_telefo_pnat, ind_proced_pnat, fec_act_pnat, cla_nombre_1, cla_nombre_2, cla_nombre_3,
      cla_nombre_4, cla_direc_1, cla_direc_2, cla_direc_3, num_paq_actualiza, ind_novedad,
      cod_userna, fec_act, ind_verifica, des_ape_casada, ind_instruccion, cod_ubigeo_dom,
      cod_ubigeo_nac, cod_docide_padre, num_docide_padre, des_nombre_padre, cod_docide_madre,
      num_docide_madre, des_nombre_madre, fec_inscripcion, fec_expedicion, ind_votacion,
      ind_restriccion, fec_caducidad, cod_via, des_via, num_via, num_block, num_interior, des_zona,
      num_etapa, num_manzana, num_lote, cod_block, cod_interior, cod_zona, img_foto, img_firma
    from t733pernat
    where num_docide_pnat = #numDocidePnat:CHAR#
      and tip_docide_pnat = #tipDocidePnat:CHAR#
  </select>
  
  <delete id="deleteByPrimaryKey" parameterClass="pe.gob.sunat.recurso2.humano.decljurada.model.PersonaRtpsKey" >
    delete from t733pernat
    where num_docide_pnat = #numDocidePnat:CHAR#
      and tip_docide_pnat = #tipDocidePnat:CHAR#
  </delete>
  
  <delete id="deleteByExample" parameterClass="pe.gob.sunat.recurso2.humano.decljurada.model.PersonaRtpsExample" >
    delete from t733pernat
    <include refid="t733pernat.Example_Where_Clause" />
  </delete>
  
  <insert id="insert" parameterClass="pe.gob.sunat.recurso2.humano.decljurada.model.PersonaRtpsWithBLOBs" >
    insert into t733pernat (num_docide_pnat, tip_docide_pnat, des_apepat_pnat, des_apemat_pnat,
      des_nombre_pnat, fec_nac_pnat, tip_estciv_pnat, tip_sexo_pnat, des_domici_pnat, fec_fall_pnat,
      cod_ubigeo_pnat, num_telefo_pnat, ind_proced_pnat, fec_act_pnat, cla_nombre_1, cla_nombre_2,
      cla_nombre_3, cla_nombre_4, cla_direc_1, cla_direc_2, cla_direc_3, num_paq_actualiza,
      ind_novedad, cod_userna, fec_act, ind_verifica, des_ape_casada, ind_instruccion,
      cod_ubigeo_dom, cod_ubigeo_nac, cod_docide_padre, num_docide_padre, des_nombre_padre,
      cod_docide_madre, num_docide_madre, des_nombre_madre, fec_inscripcion, fec_expedicion,
      ind_votacion, ind_restriccion, fec_caducidad, cod_via, des_via, num_via, num_block,
      num_interior, des_zona, num_etapa, num_manzana, num_lote, cod_block, cod_interior, cod_zona,
      img_foto, img_firma)
    values (#numDocidePnat:CHAR#, #tipDocidePnat:CHAR#, #desApepatPnat:VARCHAR#,
      #desApematPnat:VARCHAR#, #desNombrePnat:VARCHAR#, #fecNacPnat:DATE#, #tipEstcivPnat:CHAR#,
      #tipSexoPnat:CHAR#, #desDomiciPnat:VARCHAR#, #fecFallPnat:DATE#, #codUbigeoPnat:CHAR#,
      #numTelefoPnat:CHAR#, #indProcedPnat:CHAR#, #fecActPnat:DATE#, #claNombre1:CHAR#,
      #claNombre2:CHAR#, #claNombre3:CHAR#, #claNombre4:CHAR#, #claDirec1:CHAR#, #claDirec2:CHAR#,
      #claDirec3:CHAR#, #numPaqActualiza:CHAR#, #indNovedad:CHAR#, #codUserna:CHAR#,
      #fecAct:TIMESTAMP#, #indVerifica:CHAR#, #desApeCasada:VARCHAR#, #indInstruccion:CHAR#,
      #codUbigeoDom:CHAR#, #codUbigeoNac:CHAR#, #codDocidePadre:CHAR#, #numDocidePadre:CHAR#,
      #desNombrePadre:VARCHAR#, #codDocideMadre:CHAR#, #numDocideMadre:CHAR#,
      #desNombreMadre:VARCHAR#, #fecInscripcion:DATE#, #fecExpedicion:DATE#, #indVotacion:CHAR#,
      #indRestriccion:CHAR#, #fecCaducidad:DATE#, #codVia:CHAR#, #desVia:VARCHAR#, #numVia:CHAR#,
      #numBlock:CHAR#, #numInterior:CHAR#, #desZona:VARCHAR#, #numEtapa:CHAR#, #numManzana:CHAR#,
      #numLote:CHAR#, #codBlock:CHAR#, #codInterior:CHAR#, #codZona:CHAR#, #imgFoto:BLOB#,
      #imgFirma:BLOB#)
  </insert>
  
  <insert id="insertSelective" parameterClass="pe.gob.sunat.recurso2.humano.decljurada.model.PersonaRtpsWithBLOBs" >
    insert into t733pernat
    <dynamic prepend="(" >
      <isNotNull prepend="," property="numDocidePnat" >
        num_docide_pnat
      </isNotNull>
      <isNotNull prepend="," property="tipDocidePnat" >
        tip_docide_pnat
      </isNotNull>
      <isNotNull prepend="," property="desApepatPnat" >
        des_apepat_pnat
      </isNotNull>
      <isNotNull prepend="," property="desApematPnat" >
        des_apemat_pnat
      </isNotNull>
      <isNotNull prepend="," property="desNombrePnat" >
        des_nombre_pnat
      </isNotNull>
      <isNotNull prepend="," property="fecNacPnat" >
        fec_nac_pnat
      </isNotNull>
      <isNotNull prepend="," property="tipEstcivPnat" >
        tip_estciv_pnat
      </isNotNull>
      <isNotNull prepend="," property="tipSexoPnat" >
        tip_sexo_pnat
      </isNotNull>
      <isNotNull prepend="," property="desDomiciPnat" >
        des_domici_pnat
      </isNotNull>
      <isNotNull prepend="," property="fecFallPnat" >
        fec_fall_pnat
      </isNotNull>
      <isNotNull prepend="," property="codUbigeoPnat" >
        cod_ubigeo_pnat
      </isNotNull>
      <isNotNull prepend="," property="numTelefoPnat" >
        num_telefo_pnat
      </isNotNull>
      <isNotNull prepend="," property="indProcedPnat" >
        ind_proced_pnat
      </isNotNull>
      <isNotNull prepend="," property="fecActPnat" >
        fec_act_pnat
      </isNotNull>
      <isNotNull prepend="," property="claNombre1" >
        cla_nombre_1
      </isNotNull>
      <isNotNull prepend="," property="claNombre2" >
        cla_nombre_2
      </isNotNull>
      <isNotNull prepend="," property="claNombre3" >
        cla_nombre_3
      </isNotNull>
      <isNotNull prepend="," property="claNombre4" >
        cla_nombre_4
      </isNotNull>
      <isNotNull prepend="," property="claDirec1" >
        cla_direc_1
      </isNotNull>
      <isNotNull prepend="," property="claDirec2" >
        cla_direc_2
      </isNotNull>
      <isNotNull prepend="," property="claDirec3" >
        cla_direc_3
      </isNotNull>
      <isNotNull prepend="," property="numPaqActualiza" >
        num_paq_actualiza
      </isNotNull>
      <isNotNull prepend="," property="indNovedad" >
        ind_novedad
      </isNotNull>
      <isNotNull prepend="," property="codUserna" >
        cod_userna
      </isNotNull>
      <isNotNull prepend="," property="fecAct" >
        fec_act
      </isNotNull>
      <isNotNull prepend="," property="indVerifica" >
        ind_verifica
      </isNotNull>
      <isNotNull prepend="," property="desApeCasada" >
        des_ape_casada
      </isNotNull>
      <isNotNull prepend="," property="indInstruccion" >
        ind_instruccion
      </isNotNull>
      <isNotNull prepend="," property="codUbigeoDom" >
        cod_ubigeo_dom
      </isNotNull>
      <isNotNull prepend="," property="codUbigeoNac" >
        cod_ubigeo_nac
      </isNotNull>
      <isNotNull prepend="," property="codDocidePadre" >
        cod_docide_padre
      </isNotNull>
      <isNotNull prepend="," property="numDocidePadre" >
        num_docide_padre
      </isNotNull>
      <isNotNull prepend="," property="desNombrePadre" >
        des_nombre_padre
      </isNotNull>
      <isNotNull prepend="," property="codDocideMadre" >
        cod_docide_madre
      </isNotNull>
      <isNotNull prepend="," property="numDocideMadre" >
        num_docide_madre
      </isNotNull>
      <isNotNull prepend="," property="desNombreMadre" >
        des_nombre_madre
      </isNotNull>
      <isNotNull prepend="," property="fecInscripcion" >
        fec_inscripcion
      </isNotNull>
      <isNotNull prepend="," property="fecExpedicion" >
        fec_expedicion
      </isNotNull>
      <isNotNull prepend="," property="indVotacion" >
        ind_votacion
      </isNotNull>
      <isNotNull prepend="," property="indRestriccion" >
        ind_restriccion
      </isNotNull>
      <isNotNull prepend="," property="fecCaducidad" >
        fec_caducidad
      </isNotNull>
      <isNotNull prepend="," property="codVia" >
        cod_via
      </isNotNull>
      <isNotNull prepend="," property="desVia" >
        des_via
      </isNotNull>
      <isNotNull prepend="," property="numVia" >
        num_via
      </isNotNull>
      <isNotNull prepend="," property="numBlock" >
        num_block
      </isNotNull>
      <isNotNull prepend="," property="numInterior" >
        num_interior
      </isNotNull>
      <isNotNull prepend="," property="desZona" >
        des_zona
      </isNotNull>
      <isNotNull prepend="," property="numEtapa" >
        num_etapa
      </isNotNull>
      <isNotNull prepend="," property="numManzana" >
        num_manzana
      </isNotNull>
      <isNotNull prepend="," property="numLote" >
        num_lote
      </isNotNull>
      <isNotNull prepend="," property="codBlock" >
        cod_block
      </isNotNull>
      <isNotNull prepend="," property="codInterior" >
        cod_interior
      </isNotNull>
      <isNotNull prepend="," property="codZona" >
        cod_zona
      </isNotNull>
      <isNotNull prepend="," property="imgFoto" >
        img_foto
      </isNotNull>
      <isNotNull prepend="," property="imgFirma" >
        img_firma
      </isNotNull>
      )
    </dynamic>
    values
    <dynamic prepend="(" >
      <isNotNull prepend="," property="numDocidePnat" >
        #numDocidePnat:CHAR#
      </isNotNull>
      <isNotNull prepend="," property="tipDocidePnat" >
        #tipDocidePnat:CHAR#
      </isNotNull>
      <isNotNull prepend="," property="desApepatPnat" >
        #desApepatPnat:VARCHAR#
      </isNotNull>
      <isNotNull prepend="," property="desApematPnat" >
        #desApematPnat:VARCHAR#
      </isNotNull>
      <isNotNull prepend="," property="desNombrePnat" >
        #desNombrePnat:VARCHAR#
      </isNotNull>
      <isNotNull prepend="," property="fecNacPnat" >
        #fecNacPnat:DATE#
      </isNotNull>
      <isNotNull prepend="," property="tipEstcivPnat" >
        #tipEstcivPnat:CHAR#
      </isNotNull>
      <isNotNull prepend="," property="tipSexoPnat" >
        #tipSexoPnat:CHAR#
      </isNotNull>
      <isNotNull prepend="," property="desDomiciPnat" >
        #desDomiciPnat:VARCHAR#
      </isNotNull>
      <isNotNull prepend="," property="fecFallPnat" >
        #fecFallPnat:DATE#
      </isNotNull>
      <isNotNull prepend="," property="codUbigeoPnat" >
        #codUbigeoPnat:CHAR#
      </isNotNull>
      <isNotNull prepend="," property="numTelefoPnat" >
        #numTelefoPnat:CHAR#
      </isNotNull>
      <isNotNull prepend="," property="indProcedPnat" >
        #indProcedPnat:CHAR#
      </isNotNull>
      <isNotNull prepend="," property="fecActPnat" >
        #fecActPnat:DATE#
      </isNotNull>
      <isNotNull prepend="," property="claNombre1" >
        #claNombre1:CHAR#
      </isNotNull>
      <isNotNull prepend="," property="claNombre2" >
        #claNombre2:CHAR#
      </isNotNull>
      <isNotNull prepend="," property="claNombre3" >
        #claNombre3:CHAR#
      </isNotNull>
      <isNotNull prepend="," property="claNombre4" >
        #claNombre4:CHAR#
      </isNotNull>
      <isNotNull prepend="," property="claDirec1" >
        #claDirec1:CHAR#
      </isNotNull>
      <isNotNull prepend="," property="claDirec2" >
        #claDirec2:CHAR#
      </isNotNull>
      <isNotNull prepend="," property="claDirec3" >
        #claDirec3:CHAR#
      </isNotNull>
      <isNotNull prepend="," property="numPaqActualiza" >
        #numPaqActualiza:CHAR#
      </isNotNull>
      <isNotNull prepend="," property="indNovedad" >
        #indNovedad:CHAR#
      </isNotNull>
      <isNotNull prepend="," property="codUserna" >
        #codUserna:CHAR#
      </isNotNull>
      <isNotNull prepend="," property="fecAct" >
        #fecAct:TIMESTAMP#
      </isNotNull>
      <isNotNull prepend="," property="indVerifica" >
        #indVerifica:CHAR#
      </isNotNull>
      <isNotNull prepend="," property="desApeCasada" >
        #desApeCasada:VARCHAR#
      </isNotNull>
      <isNotNull prepend="," property="indInstruccion" >
        #indInstruccion:CHAR#
      </isNotNull>
      <isNotNull prepend="," property="codUbigeoDom" >
        #codUbigeoDom:CHAR#
      </isNotNull>
      <isNotNull prepend="," property="codUbigeoNac" >
        #codUbigeoNac:CHAR#
      </isNotNull>
      <isNotNull prepend="," property="codDocidePadre" >
        #codDocidePadre:CHAR#
      </isNotNull>
      <isNotNull prepend="," property="numDocidePadre" >
        #numDocidePadre:CHAR#
      </isNotNull>
      <isNotNull prepend="," property="desNombrePadre" >
        #desNombrePadre:VARCHAR#
      </isNotNull>
      <isNotNull prepend="," property="codDocideMadre" >
        #codDocideMadre:CHAR#
      </isNotNull>
      <isNotNull prepend="," property="numDocideMadre" >
        #numDocideMadre:CHAR#
      </isNotNull>
      <isNotNull prepend="," property="desNombreMadre" >
        #desNombreMadre:VARCHAR#
      </isNotNull>
      <isNotNull prepend="," property="fecInscripcion" >
        #fecInscripcion:DATE#
      </isNotNull>
      <isNotNull prepend="," property="fecExpedicion" >
        #fecExpedicion:DATE#
      </isNotNull>
      <isNotNull prepend="," property="indVotacion" >
        #indVotacion:CHAR#
      </isNotNull>
      <isNotNull prepend="," property="indRestriccion" >
        #indRestriccion:CHAR#
      </isNotNull>
      <isNotNull prepend="," property="fecCaducidad" >
        #fecCaducidad:DATE#
      </isNotNull>
      <isNotNull prepend="," property="codVia" >
        #codVia:CHAR#
      </isNotNull>
      <isNotNull prepend="," property="desVia" >
        #desVia:VARCHAR#
      </isNotNull>
      <isNotNull prepend="," property="numVia" >
        #numVia:CHAR#
      </isNotNull>
      <isNotNull prepend="," property="numBlock" >
        #numBlock:CHAR#
      </isNotNull>
      <isNotNull prepend="," property="numInterior" >
        #numInterior:CHAR#
      </isNotNull>
      <isNotNull prepend="," property="desZona" >
        #desZona:VARCHAR#
      </isNotNull>
      <isNotNull prepend="," property="numEtapa" >
        #numEtapa:CHAR#
      </isNotNull>
      <isNotNull prepend="," property="numManzana" >
        #numManzana:CHAR#
      </isNotNull>
      <isNotNull prepend="," property="numLote" >
        #numLote:CHAR#
      </isNotNull>
      <isNotNull prepend="," property="codBlock" >
        #codBlock:CHAR#
      </isNotNull>
      <isNotNull prepend="," property="codInterior" >
        #codInterior:CHAR#
      </isNotNull>
      <isNotNull prepend="," property="codZona" >
        #codZona:CHAR#
      </isNotNull>
      <isNotNull prepend="," property="imgFoto" >
        #imgFoto:BLOB#
      </isNotNull>
      <isNotNull prepend="," property="imgFirma" >
        #imgFirma:BLOB#
      </isNotNull>
      )
    </dynamic>
  </insert>
  
  <select id="countByExample" parameterClass="pe.gob.sunat.recurso2.humano.decljurada.model.PersonaRtpsExample" resultClass="java.lang.Integer" >
    select count(*) from t733pernat
    <include refid="t733pernat.Example_Where_Clause" />
  </select>
  
  <update id="updateByExampleSelective" >
    update t733pernat
    <dynamic prepend="set" >
      <isNotNull prepend="," property="record.numDocidePnat" >
        num_docide_pnat = #record.numDocidePnat:CHAR#
      </isNotNull>
      <isNotNull prepend="," property="record.tipDocidePnat" >
        tip_docide_pnat = #record.tipDocidePnat:CHAR#
      </isNotNull>
      <isNotNull prepend="," property="record.desApepatPnat" >
        des_apepat_pnat = #record.desApepatPnat:VARCHAR#
      </isNotNull>
      <isNotNull prepend="," property="record.desApematPnat" >
        des_apemat_pnat = #record.desApematPnat:VARCHAR#
      </isNotNull>
      <isNotNull prepend="," property="record.desNombrePnat" >
        des_nombre_pnat = #record.desNombrePnat:VARCHAR#
      </isNotNull>
      <isNotNull prepend="," property="record.fecNacPnat" >
        fec_nac_pnat = #record.fecNacPnat:DATE#
      </isNotNull>
      <isNotNull prepend="," property="record.tipEstcivPnat" >
        tip_estciv_pnat = #record.tipEstcivPnat:CHAR#
      </isNotNull>
      <isNotNull prepend="," property="record.tipSexoPnat" >
        tip_sexo_pnat = #record.tipSexoPnat:CHAR#
      </isNotNull>
      <isNotNull prepend="," property="record.desDomiciPnat" >
        des_domici_pnat = #record.desDomiciPnat:VARCHAR#
      </isNotNull>
      <isNotNull prepend="," property="record.fecFallPnat" >
        fec_fall_pnat = #record.fecFallPnat:DATE#
      </isNotNull>
      <isNotNull prepend="," property="record.codUbigeoPnat" >
        cod_ubigeo_pnat = #record.codUbigeoPnat:CHAR#
      </isNotNull>
      <isNotNull prepend="," property="record.numTelefoPnat" >
        num_telefo_pnat = #record.numTelefoPnat:CHAR#
      </isNotNull>
      <isNotNull prepend="," property="record.indProcedPnat" >
        ind_proced_pnat = #record.indProcedPnat:CHAR#
      </isNotNull>
      <isNotNull prepend="," property="record.fecActPnat" >
        fec_act_pnat = #record.fecActPnat:DATE#
      </isNotNull>
      <isNotNull prepend="," property="record.claNombre1" >
        cla_nombre_1 = #record.claNombre1:CHAR#
      </isNotNull>
      <isNotNull prepend="," property="record.claNombre2" >
        cla_nombre_2 = #record.claNombre2:CHAR#
      </isNotNull>
      <isNotNull prepend="," property="record.claNombre3" >
        cla_nombre_3 = #record.claNombre3:CHAR#
      </isNotNull>
      <isNotNull prepend="," property="record.claNombre4" >
        cla_nombre_4 = #record.claNombre4:CHAR#
      </isNotNull>
      <isNotNull prepend="," property="record.claDirec1" >
        cla_direc_1 = #record.claDirec1:CHAR#
      </isNotNull>
      <isNotNull prepend="," property="record.claDirec2" >
        cla_direc_2 = #record.claDirec2:CHAR#
      </isNotNull>
      <isNotNull prepend="," property="record.claDirec3" >
        cla_direc_3 = #record.claDirec3:CHAR#
      </isNotNull>
      <isNotNull prepend="," property="record.numPaqActualiza" >
        num_paq_actualiza = #record.numPaqActualiza:CHAR#
      </isNotNull>
      <isNotNull prepend="," property="record.indNovedad" >
        ind_novedad = #record.indNovedad:CHAR#
      </isNotNull>
      <isNotNull prepend="," property="record.codUserna" >
        cod_userna = #record.codUserna:CHAR#
      </isNotNull>
      <isNotNull prepend="," property="record.fecAct" >
        fec_act = #record.fecAct:TIMESTAMP#
      </isNotNull>
      <isNotNull prepend="," property="record.indVerifica" >
        ind_verifica = #record.indVerifica:CHAR#
      </isNotNull>
      <isNotNull prepend="," property="record.desApeCasada" >
        des_ape_casada = #record.desApeCasada:VARCHAR#
      </isNotNull>
      <isNotNull prepend="," property="record.indInstruccion" >
        ind_instruccion = #record.indInstruccion:CHAR#
      </isNotNull>
      <isNotNull prepend="," property="record.codUbigeoDom" >
        cod_ubigeo_dom = #record.codUbigeoDom:CHAR#
      </isNotNull>
      <isNotNull prepend="," property="record.codUbigeoNac" >
        cod_ubigeo_nac = #record.codUbigeoNac:CHAR#
      </isNotNull>
      <isNotNull prepend="," property="record.codDocidePadre" >
        cod_docide_padre = #record.codDocidePadre:CHAR#
      </isNotNull>
      <isNotNull prepend="," property="record.numDocidePadre" >
        num_docide_padre = #record.numDocidePadre:CHAR#
      </isNotNull>
      <isNotNull prepend="," property="record.desNombrePadre" >
        des_nombre_padre = #record.desNombrePadre:VARCHAR#
      </isNotNull>
      <isNotNull prepend="," property="record.codDocideMadre" >
        cod_docide_madre = #record.codDocideMadre:CHAR#
      </isNotNull>
      <isNotNull prepend="," property="record.numDocideMadre" >
        num_docide_madre = #record.numDocideMadre:CHAR#
      </isNotNull>
      <isNotNull prepend="," property="record.desNombreMadre" >
        des_nombre_madre = #record.desNombreMadre:VARCHAR#
      </isNotNull>
      <isNotNull prepend="," property="record.fecInscripcion" >
        fec_inscripcion = #record.fecInscripcion:DATE#
      </isNotNull>
      <isNotNull prepend="," property="record.fecExpedicion" >
        fec_expedicion = #record.fecExpedicion:DATE#
      </isNotNull>
      <isNotNull prepend="," property="record.indVotacion" >
        ind_votacion = #record.indVotacion:CHAR#
      </isNotNull>
      <isNotNull prepend="," property="record.indRestriccion" >
        ind_restriccion = #record.indRestriccion:CHAR#
      </isNotNull>
      <isNotNull prepend="," property="record.fecCaducidad" >
        fec_caducidad = #record.fecCaducidad:DATE#
      </isNotNull>
      <isNotNull prepend="," property="record.codVia" >
        cod_via = #record.codVia:CHAR#
      </isNotNull>
      <isNotNull prepend="," property="record.desVia" >
        des_via = #record.desVia:VARCHAR#
      </isNotNull>
      <isNotNull prepend="," property="record.numVia" >
        num_via = #record.numVia:CHAR#
      </isNotNull>
      <isNotNull prepend="," property="record.numBlock" >
        num_block = #record.numBlock:CHAR#
      </isNotNull>
      <isNotNull prepend="," property="record.numInterior" >
        num_interior = #record.numInterior:CHAR#
      </isNotNull>
      <isNotNull prepend="," property="record.desZona" >
        des_zona = #record.desZona:VARCHAR#
      </isNotNull>
      <isNotNull prepend="," property="record.numEtapa" >
        num_etapa = #record.numEtapa:CHAR#
      </isNotNull>
      <isNotNull prepend="," property="record.numManzana" >
        num_manzana = #record.numManzana:CHAR#
      </isNotNull>
      <isNotNull prepend="," property="record.numLote" >
        num_lote = #record.numLote:CHAR#
      </isNotNull>
      <isNotNull prepend="," property="record.codBlock" >
        cod_block = #record.codBlock:CHAR#
      </isNotNull>
      <isNotNull prepend="," property="record.codInterior" >
        cod_interior = #record.codInterior:CHAR#
      </isNotNull>
      <isNotNull prepend="," property="record.codZona" >
        cod_zona = #record.codZona:CHAR#
      </isNotNull>
      <isNotNull prepend="," property="record.imgFoto" >
        img_foto = #record.imgFoto:BLOB#
      </isNotNull>
      <isNotNull prepend="," property="record.imgFirma" >
        img_firma = #record.imgFirma:BLOB#
      </isNotNull>
    </dynamic>
    <isParameterPresent >
      <include refid="t733pernat.Example_Where_Clause" />
    </isParameterPresent>
  </update>
  
  <update id="updateByExampleWithBLOBs" >
    update t733pernat
    set num_docide_pnat = #record.numDocidePnat:CHAR#,
      tip_docide_pnat = #record.tipDocidePnat:CHAR#,
      des_apepat_pnat = #record.desApepatPnat:VARCHAR#,
      des_apemat_pnat = #record.desApematPnat:VARCHAR#,
      des_nombre_pnat = #record.desNombrePnat:VARCHAR#,
      fec_nac_pnat = #record.fecNacPnat:DATE#,
      tip_estciv_pnat = #record.tipEstcivPnat:CHAR#,
      tip_sexo_pnat = #record.tipSexoPnat:CHAR#,
      des_domici_pnat = #record.desDomiciPnat:VARCHAR#,
      fec_fall_pnat = #record.fecFallPnat:DATE#,
      cod_ubigeo_pnat = #record.codUbigeoPnat:CHAR#,
      num_telefo_pnat = #record.numTelefoPnat:CHAR#,
      ind_proced_pnat = #record.indProcedPnat:CHAR#,
      fec_act_pnat = #record.fecActPnat:DATE#,
      cla_nombre_1 = #record.claNombre1:CHAR#,
      cla_nombre_2 = #record.claNombre2:CHAR#,
      cla_nombre_3 = #record.claNombre3:CHAR#,
      cla_nombre_4 = #record.claNombre4:CHAR#,
      cla_direc_1 = #record.claDirec1:CHAR#,
      cla_direc_2 = #record.claDirec2:CHAR#,
      cla_direc_3 = #record.claDirec3:CHAR#,
      num_paq_actualiza = #record.numPaqActualiza:CHAR#,
      ind_novedad = #record.indNovedad:CHAR#,
      cod_userna = #record.codUserna:CHAR#,
      fec_act = #record.fecAct:TIMESTAMP#,
      ind_verifica = #record.indVerifica:CHAR#,
      des_ape_casada = #record.desApeCasada:VARCHAR#,
      ind_instruccion = #record.indInstruccion:CHAR#,
      cod_ubigeo_dom = #record.codUbigeoDom:CHAR#,
      cod_ubigeo_nac = #record.codUbigeoNac:CHAR#,
      cod_docide_padre = #record.codDocidePadre:CHAR#,
      num_docide_padre = #record.numDocidePadre:CHAR#,
      des_nombre_padre = #record.desNombrePadre:VARCHAR#,
      cod_docide_madre = #record.codDocideMadre:CHAR#,
      num_docide_madre = #record.numDocideMadre:CHAR#,
      des_nombre_madre = #record.desNombreMadre:VARCHAR#,
      fec_inscripcion = #record.fecInscripcion:DATE#,
      fec_expedicion = #record.fecExpedicion:DATE#,
      ind_votacion = #record.indVotacion:CHAR#,
      ind_restriccion = #record.indRestriccion:CHAR#,
      fec_caducidad = #record.fecCaducidad:DATE#,
      cod_via = #record.codVia:CHAR#,
      des_via = #record.desVia:VARCHAR#,
      num_via = #record.numVia:CHAR#,
      num_block = #record.numBlock:CHAR#,
      num_interior = #record.numInterior:CHAR#,
      des_zona = #record.desZona:VARCHAR#,
      num_etapa = #record.numEtapa:CHAR#,
      num_manzana = #record.numManzana:CHAR#,
      num_lote = #record.numLote:CHAR#,
      cod_block = #record.codBlock:CHAR#,
      cod_interior = #record.codInterior:CHAR#,
      cod_zona = #record.codZona:CHAR#,
      img_foto = #record.imgFoto:BLOB#,
      img_firma = #record.imgFirma:BLOB#
    <isParameterPresent >
      <include refid="t733pernat.Example_Where_Clause" />
    </isParameterPresent>
  </update>
  
  <update id="updateByExample" >
    update t733pernat
    set num_docide_pnat = #record.numDocidePnat:CHAR#,
      tip_docide_pnat = #record.tipDocidePnat:CHAR#,
      des_apepat_pnat = #record.desApepatPnat:VARCHAR#,
      des_apemat_pnat = #record.desApematPnat:VARCHAR#,
      des_nombre_pnat = #record.desNombrePnat:VARCHAR#,
      fec_nac_pnat = #record.fecNacPnat:DATE#,
      tip_estciv_pnat = #record.tipEstcivPnat:CHAR#,
      tip_sexo_pnat = #record.tipSexoPnat:CHAR#,
      des_domici_pnat = #record.desDomiciPnat:VARCHAR#,
      fec_fall_pnat = #record.fecFallPnat:DATE#,
      cod_ubigeo_pnat = #record.codUbigeoPnat:CHAR#,
      num_telefo_pnat = #record.numTelefoPnat:CHAR#,
      ind_proced_pnat = #record.indProcedPnat:CHAR#,
      fec_act_pnat = #record.fecActPnat:DATE#,
      cla_nombre_1 = #record.claNombre1:CHAR#,
      cla_nombre_2 = #record.claNombre2:CHAR#,
      cla_nombre_3 = #record.claNombre3:CHAR#,
      cla_nombre_4 = #record.claNombre4:CHAR#,
      cla_direc_1 = #record.claDirec1:CHAR#,
      cla_direc_2 = #record.claDirec2:CHAR#,
      cla_direc_3 = #record.claDirec3:CHAR#,
      num_paq_actualiza = #record.numPaqActualiza:CHAR#,
      ind_novedad = #record.indNovedad:CHAR#,
      cod_userna = #record.codUserna:CHAR#,
      fec_act = #record.fecAct:TIMESTAMP#,
      ind_verifica = #record.indVerifica:CHAR#,
      des_ape_casada = #record.desApeCasada:VARCHAR#,
      ind_instruccion = #record.indInstruccion:CHAR#,
      cod_ubigeo_dom = #record.codUbigeoDom:CHAR#,
      cod_ubigeo_nac = #record.codUbigeoNac:CHAR#,
      cod_docide_padre = #record.codDocidePadre:CHAR#,
      num_docide_padre = #record.numDocidePadre:CHAR#,
      des_nombre_padre = #record.desNombrePadre:VARCHAR#,
      cod_docide_madre = #record.codDocideMadre:CHAR#,
      num_docide_madre = #record.numDocideMadre:CHAR#,
      des_nombre_madre = #record.desNombreMadre:VARCHAR#,
      fec_inscripcion = #record.fecInscripcion:DATE#,
      fec_expedicion = #record.fecExpedicion:DATE#,
      ind_votacion = #record.indVotacion:CHAR#,
      ind_restriccion = #record.indRestriccion:CHAR#,
      fec_caducidad = #record.fecCaducidad:DATE#,
      cod_via = #record.codVia:CHAR#,
      des_via = #record.desVia:VARCHAR#,
      num_via = #record.numVia:CHAR#,
      num_block = #record.numBlock:CHAR#,
      num_interior = #record.numInterior:CHAR#,
      des_zona = #record.desZona:VARCHAR#,
      num_etapa = #record.numEtapa:CHAR#,
      num_manzana = #record.numManzana:CHAR#,
      num_lote = #record.numLote:CHAR#,
      cod_block = #record.codBlock:CHAR#,
      cod_interior = #record.codInterior:CHAR#,
      cod_zona = #record.codZona:CHAR#
    <isParameterPresent >
      <include refid="t733pernat.Example_Where_Clause" />
    </isParameterPresent>
  </update>
  
  <update id="updateByPrimaryKeySelective" parameterClass="pe.gob.sunat.recurso2.humano.decljurada.model.PersonaRtpsWithBLOBs" >
    update t733pernat
    <dynamic prepend="set" >
      <isNotNull prepend="," property="desApepatPnat" >
        des_apepat_pnat = #desApepatPnat:VARCHAR#
      </isNotNull>
      <isNotNull prepend="," property="desApematPnat" >
        des_apemat_pnat = #desApematPnat:VARCHAR#
      </isNotNull>
      <isNotNull prepend="," property="desNombrePnat" >
        des_nombre_pnat = #desNombrePnat:VARCHAR#
      </isNotNull>
      <isNotNull prepend="," property="fecNacPnat" >
        fec_nac_pnat = #fecNacPnat:DATE#
      </isNotNull>
      <isNotNull prepend="," property="tipEstcivPnat" >
        tip_estciv_pnat = #tipEstcivPnat:CHAR#
      </isNotNull>
      <isNotNull prepend="," property="tipSexoPnat" >
        tip_sexo_pnat = #tipSexoPnat:CHAR#
      </isNotNull>
      <isNotNull prepend="," property="desDomiciPnat" >
        des_domici_pnat = #desDomiciPnat:VARCHAR#
      </isNotNull>
      <isNotNull prepend="," property="fecFallPnat" >
        fec_fall_pnat = #fecFallPnat:DATE#
      </isNotNull>
      <isNotNull prepend="," property="codUbigeoPnat" >
        cod_ubigeo_pnat = #codUbigeoPnat:CHAR#
      </isNotNull>
      <isNotNull prepend="," property="numTelefoPnat" >
        num_telefo_pnat = #numTelefoPnat:CHAR#
      </isNotNull>
      <isNotNull prepend="," property="indProcedPnat" >
        ind_proced_pnat = #indProcedPnat:CHAR#
      </isNotNull>
      <isNotNull prepend="," property="fecActPnat" >
        fec_act_pnat = #fecActPnat:DATE#
      </isNotNull>
      <isNotNull prepend="," property="claNombre1" >
        cla_nombre_1 = #claNombre1:CHAR#
      </isNotNull>
      <isNotNull prepend="," property="claNombre2" >
        cla_nombre_2 = #claNombre2:CHAR#
      </isNotNull>
      <isNotNull prepend="," property="claNombre3" >
        cla_nombre_3 = #claNombre3:CHAR#
      </isNotNull>
      <isNotNull prepend="," property="claNombre4" >
        cla_nombre_4 = #claNombre4:CHAR#
      </isNotNull>
      <isNotNull prepend="," property="claDirec1" >
        cla_direc_1 = #claDirec1:CHAR#
      </isNotNull>
      <isNotNull prepend="," property="claDirec2" >
        cla_direc_2 = #claDirec2:CHAR#
      </isNotNull>
      <isNotNull prepend="," property="claDirec3" >
        cla_direc_3 = #claDirec3:CHAR#
      </isNotNull>
      <isNotNull prepend="," property="numPaqActualiza" >
        num_paq_actualiza = #numPaqActualiza:CHAR#
      </isNotNull>
      <isNotNull prepend="," property="indNovedad" >
        ind_novedad = #indNovedad:CHAR#
      </isNotNull>
      <isNotNull prepend="," property="codUserna" >
        cod_userna = #codUserna:CHAR#
      </isNotNull>
      <isNotNull prepend="," property="fecAct" >
        fec_act = #fecAct:TIMESTAMP#
      </isNotNull>
      <isNotNull prepend="," property="indVerifica" >
        ind_verifica = #indVerifica:CHAR#
      </isNotNull>
      <isNotNull prepend="," property="desApeCasada" >
        des_ape_casada = #desApeCasada:VARCHAR#
      </isNotNull>
      <isNotNull prepend="," property="indInstruccion" >
        ind_instruccion = #indInstruccion:CHAR#
      </isNotNull>
      <isNotNull prepend="," property="codUbigeoDom" >
        cod_ubigeo_dom = #codUbigeoDom:CHAR#
      </isNotNull>
      <isNotNull prepend="," property="codUbigeoNac" >
        cod_ubigeo_nac = #codUbigeoNac:CHAR#
      </isNotNull>
      <isNotNull prepend="," property="codDocidePadre" >
        cod_docide_padre = #codDocidePadre:CHAR#
      </isNotNull>
      <isNotNull prepend="," property="numDocidePadre" >
        num_docide_padre = #numDocidePadre:CHAR#
      </isNotNull>
      <isNotNull prepend="," property="desNombrePadre" >
        des_nombre_padre = #desNombrePadre:VARCHAR#
      </isNotNull>
      <isNotNull prepend="," property="codDocideMadre" >
        cod_docide_madre = #codDocideMadre:CHAR#
      </isNotNull>
      <isNotNull prepend="," property="numDocideMadre" >
        num_docide_madre = #numDocideMadre:CHAR#
      </isNotNull>
      <isNotNull prepend="," property="desNombreMadre" >
        des_nombre_madre = #desNombreMadre:VARCHAR#
      </isNotNull>
      <isNotNull prepend="," property="fecInscripcion" >
        fec_inscripcion = #fecInscripcion:DATE#
      </isNotNull>
      <isNotNull prepend="," property="fecExpedicion" >
        fec_expedicion = #fecExpedicion:DATE#
      </isNotNull>
      <isNotNull prepend="," property="indVotacion" >
        ind_votacion = #indVotacion:CHAR#
      </isNotNull>
      <isNotNull prepend="," property="indRestriccion" >
        ind_restriccion = #indRestriccion:CHAR#
      </isNotNull>
      <isNotNull prepend="," property="fecCaducidad" >
        fec_caducidad = #fecCaducidad:DATE#
      </isNotNull>
      <isNotNull prepend="," property="codVia" >
        cod_via = #codVia:CHAR#
      </isNotNull>
      <isNotNull prepend="," property="desVia" >
        des_via = #desVia:VARCHAR#
      </isNotNull>
      <isNotNull prepend="," property="numVia" >
        num_via = #numVia:CHAR#
      </isNotNull>
      <isNotNull prepend="," property="numBlock" >
        num_block = #numBlock:CHAR#
      </isNotNull>
      <isNotNull prepend="," property="numInterior" >
        num_interior = #numInterior:CHAR#
      </isNotNull>
      <isNotNull prepend="," property="desZona" >
        des_zona = #desZona:VARCHAR#
      </isNotNull>
      <isNotNull prepend="," property="numEtapa" >
        num_etapa = #numEtapa:CHAR#
      </isNotNull>
      <isNotNull prepend="," property="numManzana" >
        num_manzana = #numManzana:CHAR#
      </isNotNull>
      <isNotNull prepend="," property="numLote" >
        num_lote = #numLote:CHAR#
      </isNotNull>
      <isNotNull prepend="," property="codBlock" >
        cod_block = #codBlock:CHAR#
      </isNotNull>
      <isNotNull prepend="," property="codInterior" >
        cod_interior = #codInterior:CHAR#
      </isNotNull>
      <isNotNull prepend="," property="codZona" >
        cod_zona = #codZona:CHAR#
      </isNotNull>
      <isNotNull prepend="," property="imgFoto" >
        img_foto = #imgFoto:BLOB#
      </isNotNull>
      <isNotNull prepend="," property="imgFirma" >
        img_firma = #imgFirma:BLOB#
      </isNotNull>
    </dynamic>
    where num_docide_pnat = #numDocidePnat:CHAR#
      and tip_docide_pnat = #tipDocidePnat:CHAR#
  </update>
  
  <update id="updateByPrimaryKeyWithBLOBs" parameterClass="pe.gob.sunat.recurso2.humano.decljurada.model.PersonaRtpsWithBLOBs" >
    update t733pernat
    set des_apepat_pnat = #desApepatPnat:VARCHAR#,
      des_apemat_pnat = #desApematPnat:VARCHAR#,
      des_nombre_pnat = #desNombrePnat:VARCHAR#,
      fec_nac_pnat = #fecNacPnat:DATE#,
      tip_estciv_pnat = #tipEstcivPnat:CHAR#,
      tip_sexo_pnat = #tipSexoPnat:CHAR#,
      des_domici_pnat = #desDomiciPnat:VARCHAR#,
      fec_fall_pnat = #fecFallPnat:DATE#,
      cod_ubigeo_pnat = #codUbigeoPnat:CHAR#,
      num_telefo_pnat = #numTelefoPnat:CHAR#,
      ind_proced_pnat = #indProcedPnat:CHAR#,
      fec_act_pnat = #fecActPnat:DATE#,
      cla_nombre_1 = #claNombre1:CHAR#,
      cla_nombre_2 = #claNombre2:CHAR#,
      cla_nombre_3 = #claNombre3:CHAR#,
      cla_nombre_4 = #claNombre4:CHAR#,
      cla_direc_1 = #claDirec1:CHAR#,
      cla_direc_2 = #claDirec2:CHAR#,
      cla_direc_3 = #claDirec3:CHAR#,
      num_paq_actualiza = #numPaqActualiza:CHAR#,
      ind_novedad = #indNovedad:CHAR#,
      cod_userna = #codUserna:CHAR#,
      fec_act = #fecAct:TIMESTAMP#,
      ind_verifica = #indVerifica:CHAR#,
      des_ape_casada = #desApeCasada:VARCHAR#,
      ind_instruccion = #indInstruccion:CHAR#,
      cod_ubigeo_dom = #codUbigeoDom:CHAR#,
      cod_ubigeo_nac = #codUbigeoNac:CHAR#,
      cod_docide_padre = #codDocidePadre:CHAR#,
      num_docide_padre = #numDocidePadre:CHAR#,
      des_nombre_padre = #desNombrePadre:VARCHAR#,
      cod_docide_madre = #codDocideMadre:CHAR#,
      num_docide_madre = #numDocideMadre:CHAR#,
      des_nombre_madre = #desNombreMadre:VARCHAR#,
      fec_inscripcion = #fecInscripcion:DATE#,
      fec_expedicion = #fecExpedicion:DATE#,
      ind_votacion = #indVotacion:CHAR#,
      ind_restriccion = #indRestriccion:CHAR#,
      fec_caducidad = #fecCaducidad:DATE#,
      cod_via = #codVia:CHAR#,
      des_via = #desVia:VARCHAR#,
      num_via = #numVia:CHAR#,
      num_block = #numBlock:CHAR#,
      num_interior = #numInterior:CHAR#,
      des_zona = #desZona:VARCHAR#,
      num_etapa = #numEtapa:CHAR#,
      num_manzana = #numManzana:CHAR#,
      num_lote = #numLote:CHAR#,
      cod_block = #codBlock:CHAR#,
      cod_interior = #codInterior:CHAR#,
      cod_zona = #codZona:CHAR#,
      img_foto = #imgFoto:BLOB#,
      img_firma = #imgFirma:BLOB#
    where num_docide_pnat = #numDocidePnat:CHAR#
      and tip_docide_pnat = #tipDocidePnat:CHAR#
  </update>
  
  <update id="updateByPrimaryKey" parameterClass="pe.gob.sunat.recurso2.humano.decljurada.model.PersonaRtps" >
    update t733pernat
    set des_apepat_pnat = #desApepatPnat:VARCHAR#,
      des_apemat_pnat = #desApematPnat:VARCHAR#,
      des_nombre_pnat = #desNombrePnat:VARCHAR#,
      fec_nac_pnat = #fecNacPnat:DATE#,
      tip_estciv_pnat = #tipEstcivPnat:CHAR#,
      tip_sexo_pnat = #tipSexoPnat:CHAR#,
      des_domici_pnat = #desDomiciPnat:VARCHAR#,
      fec_fall_pnat = #fecFallPnat:DATE#,
      cod_ubigeo_pnat = #codUbigeoPnat:CHAR#,
      num_telefo_pnat = #numTelefoPnat:CHAR#,
      ind_proced_pnat = #indProcedPnat:CHAR#,
      fec_act_pnat = #fecActPnat:DATE#,
      cla_nombre_1 = #claNombre1:CHAR#,
      cla_nombre_2 = #claNombre2:CHAR#,
      cla_nombre_3 = #claNombre3:CHAR#,
      cla_nombre_4 = #claNombre4:CHAR#,
      cla_direc_1 = #claDirec1:CHAR#,
      cla_direc_2 = #claDirec2:CHAR#,
      cla_direc_3 = #claDirec3:CHAR#,
      num_paq_actualiza = #numPaqActualiza:CHAR#,
      ind_novedad = #indNovedad:CHAR#,
      cod_userna = #codUserna:CHAR#,
      fec_act = #fecAct:TIMESTAMP#,
      ind_verifica = #indVerifica:CHAR#,
      des_ape_casada = #desApeCasada:VARCHAR#,
      ind_instruccion = #indInstruccion:CHAR#,
      cod_ubigeo_dom = #codUbigeoDom:CHAR#,
      cod_ubigeo_nac = #codUbigeoNac:CHAR#,
      cod_docide_padre = #codDocidePadre:CHAR#,
      num_docide_padre = #numDocidePadre:CHAR#,
      des_nombre_padre = #desNombrePadre:VARCHAR#,
      cod_docide_madre = #codDocideMadre:CHAR#,
      num_docide_madre = #numDocideMadre:CHAR#,
      des_nombre_madre = #desNombreMadre:VARCHAR#,
      fec_inscripcion = #fecInscripcion:DATE#,
      fec_expedicion = #fecExpedicion:DATE#,
      ind_votacion = #indVotacion:CHAR#,
      ind_restriccion = #indRestriccion:CHAR#,
      fec_caducidad = #fecCaducidad:DATE#,
      cod_via = #codVia:CHAR#,
      des_via = #desVia:VARCHAR#,
      num_via = #numVia:CHAR#,
      num_block = #numBlock:CHAR#,
      num_interior = #numInterior:CHAR#,
      des_zona = #desZona:VARCHAR#,
      num_etapa = #numEtapa:CHAR#,
      num_manzana = #numManzana:CHAR#,
      num_lote = #numLote:CHAR#,
      cod_block = #codBlock:CHAR#,
      cod_interior = #codInterior:CHAR#,
      cod_zona = #codZona:CHAR#
    where num_docide_pnat = #numDocidePnat:CHAR#
      and tip_docide_pnat = #tipDocidePnat:CHAR#
  </update>
  
</sqlMap>