<?xml version="1.0" encoding="UTF-8" ?>
<!DOCTYPE sqlMap PUBLIC "-//ibatis.apache.org//DTD SQL Map 2.0//EN" "http://ibatis.apache.org/dtd/sql-map-2.dtd" >
<sqlMap namespace="t8334fichadatosh" >
  <resultMap id="BaseResultMap" class="pe.gob.sunat.recurso2.humano.decljurada.model.FichaHistorico" >
    <result column="cod_cat" property="codCat" jdbcType="SMALLINT" />
    <result column="cod_puesto" property="codPuesto" jdbcType="CHAR" />
    <result column="num_postulante" property="numPostulante" jdbcType="INTEGER" />
    <result column="cod_tipo_doc" property="codTipoDoc" jdbcType="CHAR" />
    <result column="num_doc_id" property="numDocId" jdbcType="VARCHAR" />
    <result column="nom_email" property="nomEmail" jdbcType="VARCHAR" />
    <result column="nom_postulante" property="nomPostulante" jdbcType="VARCHAR" />
    <result column="ape_paterno" property="apePaterno" jdbcType="VARCHAR" />
    <result column="ape_materno" property="apeMaterno" jdbcType="VARCHAR" />
    <result column="fec_nacimiento" property="fecNacimiento" jdbcType="TIMESTAMP" />
    <result column="cod_estcivil" property="codEstcivil" jdbcType="CHAR" />
    <result column="cod_ubigeonac" property="codUbigeonac" jdbcType="CHAR" />
    <result column="cod_ubigeodom" property="codUbigeodom" jdbcType="CHAR" />
    <result column="cod_tipzona" property="codTipzona" jdbcType="CHAR" />
    <result column="nom_zona" property="nomZona" jdbcType="VARCHAR" />
    <result column="cod_tipvia" property="codTipvia" jdbcType="CHAR" />
    <result column="nom_via" property="nomVia" jdbcType="VARCHAR" />
    <result column="num_dom" property="numDom" jdbcType="VARCHAR" />
    <result column="num_telcasa" property="numTelcasa" jdbcType="VARCHAR" />
    <result column="num_telcelular" property="numTelcelular" jdbcType="VARCHAR" />
    <result column="ind_anterior" property="indAnterior" jdbcType="CHAR" />
    <result column="num_licencia" property="numLicencia" jdbcType="VARCHAR" />
    <result column="dir_carpetaarchivo" property="dirCarpetaarchivo" jdbcType="VARCHAR" />
    <result column="mto_pretensionecon" property="mtoPretensionecon" jdbcType="DECIMAL" />
    <result column="ind_sunat_id" property="indSunatId" jdbcType="CHAR" />
    <result column="des_famil_sunat" property="desFamilSunat" jdbcType="VARCHAR" />
    <result column="ind_sunat" property="indSunat" jdbcType="CHAR" />
    <result column="ind_discapacitado" property="indDiscapacitado" jdbcType="CHAR" />
    <result column="cod_examen" property="codExamen" jdbcType="CHAR" />
    <result column="cod_estado" property="codEstado" jdbcType="CHAR" />
    <result column="des_discapacidad" property="desDiscapacidad" jdbcType="VARCHAR" />
    <result column="ind_labor" property="indLabor" jdbcType="CHAR" />
    <result column="ind_sexo" property="indSexo" jdbcType="CHAR" />
    <result column="ind_sede1" property="indSede1" jdbcType="CHAR" />
    <result column="ind_sede2" property="indSede2" jdbcType="CHAR" />
    <result column="num_ruc" property="numRuc" jdbcType="VARCHAR" />
    <result column="cod_cat_licencia" property="codCatLicencia" jdbcType="CHAR" />
    <result column="num_colegiatura" property="numColegiatura" jdbcType="VARCHAR" />
    <result column="ind_colegiatura" property="indColegiatura" jdbcType="CHAR" />
    <result column="cod_usuregis" property="codUsuregis" jdbcType="VARCHAR" />
    <result column="fec_regis" property="fecRegis" jdbcType="TIMESTAMP" />
    <result column="cod_usumodif" property="codUsumodif" jdbcType="VARCHAR" />
    <result column="fec_modif" property="fecModif" jdbcType="TIMESTAMP" />
    <result column="cod_usuproc" property="codUsuproc" jdbcType="VARCHAR" />
    <result column="fec_proceso" property="fecProceso" jdbcType="TIMESTAMP" />
    <result column="num_arc_licffaa" property="numArcLicffaa" jdbcType="INTEGER" />
    <result column="num_arc_discapacid" property="numArcDiscapacid" jdbcType="INTEGER" />
    <result column="ind_licffaa" property="indLicffaa" jdbcType="CHAR" />
    <result column="cod_paisnac" property="codPaisnac" jdbcType="VARCHAR" />
    <result column="cod_est_colegiatur" property="codEstColegiatur" jdbcType="CHAR" />
    <result column="num_depa_dir" property="numDepaDir" jdbcType="VARCHAR" />
    <result column="num_interior_dir" property="numInteriorDir" jdbcType="VARCHAR" />
    <result column="num_manz_dir" property="numManzDir" jdbcType="VARCHAR" />
    <result column="num_lote_dir" property="numLoteDir" jdbcType="VARCHAR" />
    <result column="num_kilom_dir" property="numKilomDir" jdbcType="VARCHAR" />
    <result column="num_block_dir" property="numBlockDir" jdbcType="VARCHAR" />
    <result column="num_etapa_dir" property="numEtapaDir" jdbcType="VARCHAR" />
    <result column="des_refer_dir" property="desReferDir" jdbcType="VARCHAR" />
    <result column="num_arc_postula" property="numArcPostula" jdbcType="INTEGER" />
    <result column="ind_famsunat" property="indFamsunat" jdbcType="CHAR" />
    <result column="fec_inicontrato" property="fecInicontrato" jdbcType="DATE" />
  </resultMap>
  
  <sql id="Example_Where_Clause" >
    <iterate property="oredCriteria" conjunction="or" prepend="where" removeFirstPrepend="iterate" >
      <isEqual property="oredCriteria[].valid" compareValue="true" >
        (
        <iterate prepend="and" property="oredCriteria[].criteriaWithoutValue" conjunction="and" >
          $oredCriteria[].criteriaWithoutValue[]$
        </iterate>
        <iterate prepend="and" property="oredCriteria[].criteriaWithSingleValue" conjunction="and" >
          $oredCriteria[].criteriaWithSingleValue[].condition$
            #oredCriteria[].criteriaWithSingleValue[].value#
        </iterate>
        <iterate prepend="and" property="oredCriteria[].criteriaWithListValue" conjunction="and" >
          $oredCriteria[].criteriaWithListValue[].condition$
          <iterate property="oredCriteria[].criteriaWithListValue[].values" open="(" close=")" conjunction="," >
            #oredCriteria[].criteriaWithListValue[].values[]#
          </iterate>
        </iterate>
        <iterate prepend="and" property="oredCriteria[].criteriaWithBetweenValue" conjunction="and" >
          $oredCriteria[].criteriaWithBetweenValue[].condition$
          #oredCriteria[].criteriaWithBetweenValue[].values[0]# and
          #oredCriteria[].criteriaWithBetweenValue[].values[1]#
        </iterate>
        )
      </isEqual>
    </iterate>
  </sql>
  
  <select id="selectByExample" resultMap="BaseResultMap" parameterClass="pe.gob.sunat.recurso2.humano.decljurada.model.FichaHistoricoExample" >
    select cod_cat, cod_puesto, num_postulante, cod_tipo_doc, num_doc_id, nom_email, nom_postulante,
      ape_paterno, ape_materno, fec_nacimiento, cod_estcivil, cod_ubigeonac, cod_ubigeodom,
      cod_tipzona, nom_zona, cod_tipvia, nom_via, num_dom, num_telcasa, num_telcelular,
      ind_anterior, num_licencia, dir_carpetaarchivo, mto_pretensionecon, ind_sunat_id,
      des_famil_sunat, ind_sunat, ind_discapacitado, cod_examen, cod_estado, des_discapacidad,
      ind_labor, ind_sexo, ind_sede1, ind_sede2, num_ruc, cod_cat_licencia, num_colegiatura,
      ind_colegiatura, cod_usuregis, fec_regis, cod_usumodif, fec_modif, cod_usuproc, fec_proceso,
      num_arc_licffaa, num_arc_discapacid, ind_licffaa, cod_paisnac, 
      cod_est_colegiatur, num_depa_dir, num_interior_dir, num_manz_dir, num_lote_dir, num_kilom_dir,
      num_block_dir, num_etapa_dir, des_refer_dir, num_arc_postula, ind_famsunat, fec_inicontrato
    from t8334fichadatosh
    <isParameterPresent >
      <include refid="t8334fichadatosh.Example_Where_Clause" />
      <isNotNull property="orderByClause" >
        order by $orderByClause$
      </isNotNull>
    </isParameterPresent>
  </select>
  
  <select id="selectByPrimaryKey" resultMap="BaseResultMap" parameterClass="pe.gob.sunat.recurso2.humano.decljurada.model.FichaHistoricoKey" >
    select cod_cat, cod_puesto, num_postulante, cod_tipo_doc, num_doc_id, nom_email, nom_postulante,
      ape_paterno, ape_materno, fec_nacimiento, cod_estcivil, cod_ubigeonac, cod_ubigeodom,
      cod_tipzona, nom_zona, cod_tipvia, nom_via, num_dom, num_telcasa, num_telcelular,
      ind_anterior, num_licencia, dir_carpetaarchivo, mto_pretensionecon, ind_sunat_id,
      des_famil_sunat, ind_sunat, ind_discapacitado, cod_examen, cod_estado, des_discapacidad,
      ind_labor, ind_sexo, ind_sede1, ind_sede2, num_ruc, cod_cat_licencia, num_colegiatura,
      ind_colegiatura, cod_usuregis, fec_regis, cod_usumodif, fec_modif, cod_usuproc, fec_proceso,
      num_arc_licffaa, num_arc_discapacid, ind_licffaa, cod_paisnac, 
      cod_est_colegiatur, num_depa_dir, num_interior_dir, num_manz_dir, num_lote_dir, num_kilom_dir,
      num_block_dir, num_etapa_dir, des_refer_dir, num_arc_postula, ind_famsunat, fec_inicontrato
    from t8334fichadatosh
    where cod_cat = #codCat:SMALLINT#
      and cod_puesto = #codPuesto:CHAR#
      and num_postulante = #numPostulante:INTEGER#
  </select>
  
  <delete id="deleteByPrimaryKey" parameterClass="pe.gob.sunat.recurso2.humano.decljurada.model.FichaHistoricoKey" >
    delete from t8334fichadatosh
    where cod_cat = #codCat:SMALLINT#
      and cod_puesto = #codPuesto:CHAR#
      and num_postulante = #numPostulante:INTEGER#
  </delete>
  
  <delete id="deleteByExample" parameterClass="pe.gob.sunat.recurso2.humano.decljurada.model.FichaHistoricoExample" >
    delete from t8334fichadatosh
    <include refid="t8334fichadatosh.Example_Where_Clause" />
  </delete>
  
  <insert id="insert" parameterClass="pe.gob.sunat.recurso2.humano.decljurada.model.FichaHistorico" >
    insert into t8334fichadatosh (cod_cat, cod_puesto, num_postulante, cod_tipo_doc, num_doc_id,
      nom_email, nom_postulante, ape_paterno, ape_materno, fec_nacimiento, cod_estcivil,
      cod_ubigeonac, cod_ubigeodom, cod_tipzona, nom_zona, cod_tipvia, nom_via, num_dom,
      num_telcasa, num_telcelular, ind_anterior, num_licencia, dir_carpetaarchivo,
      mto_pretensionecon, ind_sunat_id, des_famil_sunat, ind_sunat, ind_discapacitado, cod_examen,
      cod_estado, des_discapacidad, ind_labor, ind_sexo, ind_sede1, ind_sede2, num_ruc,
      cod_cat_licencia, num_colegiatura, ind_colegiatura, cod_usuregis, fec_regis, cod_usumodif,
      fec_modif, cod_usuproc, fec_proceso, num_arc_licffaa, num_arc_discapacid, ind_licffaa,
      cod_paisnac,  cod_est_colegiatur, num_depa_dir, num_interior_dir, num_manz_dir,
      num_lote_dir, num_kilom_dir, num_block_dir, num_etapa_dir, des_refer_dir, num_arc_postula,
      ind_famsunat, fec_inicontrato)
    values (#codCat:SMALLINT#, #codPuesto:CHAR#, #numPostulante:INTEGER#, #codTipoDoc:CHAR#,
      #numDocId:VARCHAR#, #nomEmail:VARCHAR#, #nomPostulante:VARCHAR#, #apePaterno:VARCHAR#,
      #apeMaterno:VARCHAR#, #fecNacimiento:TIMESTAMP#, #codEstcivil:CHAR#, #codUbigeonac:CHAR#,
      #codUbigeodom:CHAR#, #codTipzona:CHAR#, #nomZona:VARCHAR#, #codTipvia:CHAR#, #nomVia:VARCHAR#,
      #numDom:VARCHAR#, #numTelcasa:VARCHAR#, #numTelcelular:VARCHAR#, #indAnterior:CHAR#,
      #numLicencia:VARCHAR#, #dirCarpetaarchivo:VARCHAR#, #mtoPretensionecon:DECIMAL#,
      #indSunatId:CHAR#, #desFamilSunat:VARCHAR#, #indSunat:CHAR#, #indDiscapacitado:CHAR#,
      #codExamen:CHAR#, #codEstado:CHAR#, #desDiscapacidad:VARCHAR#, #indLabor:CHAR#,
      #indSexo:CHAR#, #indSede1:CHAR#, #indSede2:CHAR#, #numRuc:VARCHAR#, #codCatLicencia:CHAR#,
      #numColegiatura:VARCHAR#, #indColegiatura:CHAR#, #codUsuregis:VARCHAR#, #fecRegis:TIMESTAMP#,
      #codUsumodif:VARCHAR#, #fecModif:TIMESTAMP#, #codUsuproc:VARCHAR#, #fecProceso:TIMESTAMP#,
      #numArcLicffaa:INTEGER#, #numArcDiscapacid:INTEGER#, #indLicffaa:CHAR#, #codPaisnac:VARCHAR#,
      #codEstColegiatur:CHAR#, #numDepaDir:VARCHAR#, #numInteriorDir:VARCHAR#,
      #numManzDir:VARCHAR#, #numLoteDir:VARCHAR#, #numKilomDir:VARCHAR#, #numBlockDir:VARCHAR#,
      #numEtapaDir:VARCHAR#, #desReferDir:VARCHAR#, #numArcPostula:INTEGER#, #indFamsunat:CHAR#,
      #fecInicontrato:DATE#)
  </insert>
  
  <insert id="insertSelective" parameterClass="pe.gob.sunat.recurso2.humano.decljurada.model.FichaHistorico" >
    insert into t8334fichadatosh
    <dynamic prepend="(" >
      <isNotNull prepend="," property="codCat" >
        cod_cat
      </isNotNull>
      <isNotNull prepend="," property="codPuesto" >
        cod_puesto
      </isNotNull>
      <isNotNull prepend="," property="numPostulante" >
        num_postulante
      </isNotNull>
      <isNotNull prepend="," property="codTipoDoc" >
        cod_tipo_doc
      </isNotNull>
      <isNotNull prepend="," property="numDocId" >
        num_doc_id
      </isNotNull>
      <isNotNull prepend="," property="nomEmail" >
        nom_email
      </isNotNull>
      <isNotNull prepend="," property="nomPostulante" >
        nom_postulante
      </isNotNull>
      <isNotNull prepend="," property="apePaterno" >
        ape_paterno
      </isNotNull>
      <isNotNull prepend="," property="apeMaterno" >
        ape_materno
      </isNotNull>
      <isNotNull prepend="," property="fecNacimiento" >
        fec_nacimiento
      </isNotNull>
      <isNotNull prepend="," property="codEstcivil" >
        cod_estcivil
      </isNotNull>
      <isNotNull prepend="," property="codUbigeonac" >
        cod_ubigeonac
      </isNotNull>
      <isNotNull prepend="," property="codUbigeodom" >
        cod_ubigeodom
      </isNotNull>
      <isNotNull prepend="," property="codTipzona" >
        cod_tipzona
      </isNotNull>
      <isNotNull prepend="," property="nomZona" >
        nom_zona
      </isNotNull>
      <isNotNull prepend="," property="codTipvia" >
        cod_tipvia
      </isNotNull>
      <isNotNull prepend="," property="nomVia" >
        nom_via
      </isNotNull>
      <isNotNull prepend="," property="numDom" >
        num_dom
      </isNotNull>
      <isNotNull prepend="," property="numTelcasa" >
        num_telcasa
      </isNotNull>
      <isNotNull prepend="," property="numTelcelular" >
        num_telcelular
      </isNotNull>
      <isNotNull prepend="," property="indAnterior" >
        ind_anterior
      </isNotNull>
      <isNotNull prepend="," property="numLicencia" >
        num_licencia
      </isNotNull>
      <isNotNull prepend="," property="dirCarpetaarchivo" >
        dir_carpetaarchivo
      </isNotNull>
      <isNotNull prepend="," property="mtoPretensionecon" >
        mto_pretensionecon
      </isNotNull>
      <isNotNull prepend="," property="indSunatId" >
        ind_sunat_id
      </isNotNull>
      <isNotNull prepend="," property="desFamilSunat" >
        des_famil_sunat
      </isNotNull>
      <isNotNull prepend="," property="indSunat" >
        ind_sunat
      </isNotNull>
      <isNotNull prepend="," property="indDiscapacitado" >
        ind_discapacitado
      </isNotNull>
      <isNotNull prepend="," property="codExamen" >
        cod_examen
      </isNotNull>
      <isNotNull prepend="," property="codEstado" >
        cod_estado
      </isNotNull>
      <isNotNull prepend="," property="desDiscapacidad" >
        des_discapacidad
      </isNotNull>
      <isNotNull prepend="," property="indLabor" >
        ind_labor
      </isNotNull>
      <isNotNull prepend="," property="indSexo" >
        ind_sexo
      </isNotNull>
      <isNotNull prepend="," property="indSede1" >
        ind_sede1
      </isNotNull>
      <isNotNull prepend="," property="indSede2" >
        ind_sede2
      </isNotNull>
      <isNotNull prepend="," property="numRuc" >
        num_ruc
      </isNotNull>
      <isNotNull prepend="," property="codCatLicencia" >
        cod_cat_licencia
      </isNotNull>
      <isNotNull prepend="," property="numColegiatura" >
        num_colegiatura
      </isNotNull>
      <isNotNull prepend="," property="indColegiatura" >
        ind_colegiatura
      </isNotNull>
      <isNotNull prepend="," property="codUsuregis" >
        cod_usuregis
      </isNotNull>
      <isNotNull prepend="," property="fecRegis" >
        fec_regis
      </isNotNull>
      <isNotNull prepend="," property="codUsumodif" >
        cod_usumodif
      </isNotNull>
      <isNotNull prepend="," property="fecModif" >
        fec_modif
      </isNotNull>
      <isNotNull prepend="," property="codUsuproc" >
        cod_usuproc
      </isNotNull>
      <isNotNull prepend="," property="fecProceso" >
        fec_proceso
      </isNotNull>
      <isNotNull prepend="," property="numArcLicffaa" >
        num_arc_licffaa
      </isNotNull>
      <isNotNull prepend="," property="numArcDiscapacid" >
        num_arc_discapacid
      </isNotNull>
      <isNotNull prepend="," property="indLicffaa" >
        ind_licffaa
      </isNotNull>
      <isNotNull prepend="," property="codPaisnac" >
        cod_paisnac
      </isNotNull>
      <isNotNull prepend="," property="codEstColegiatur" >
        cod_est_colegiatur
      </isNotNull>
      <isNotNull prepend="," property="numDepaDir" >
        num_depa_dir
      </isNotNull>
      <isNotNull prepend="," property="numInteriorDir" >
        num_interior_dir
      </isNotNull>
      <isNotNull prepend="," property="numManzDir" >
        num_manz_dir
      </isNotNull>
      <isNotNull prepend="," property="numLoteDir" >
        num_lote_dir
      </isNotNull>
      <isNotNull prepend="," property="numKilomDir" >
        num_kilom_dir
      </isNotNull>
      <isNotNull prepend="," property="numBlockDir" >
        num_block_dir
      </isNotNull>
      <isNotNull prepend="," property="numEtapaDir" >
        num_etapa_dir
      </isNotNull>
      <isNotNull prepend="," property="desReferDir" >
        des_refer_dir
      </isNotNull>
      <isNotNull prepend="," property="numArcPostula" >
        num_arc_postula
      </isNotNull>
      <isNotNull prepend="," property="indFamsunat" >
        ind_famsunat
      </isNotNull>
      <isNotNull prepend="," property="fecInicontrato" >
        fec_inicontrato
      </isNotNull>
      )
    </dynamic>
    values
    <dynamic prepend="(" >
      <isNotNull prepend="," property="codCat" >
        #codCat:SMALLINT#
      </isNotNull>
      <isNotNull prepend="," property="codPuesto" >
        #codPuesto:CHAR#
      </isNotNull>
      <isNotNull prepend="," property="numPostulante" >
        #numPostulante:INTEGER#
      </isNotNull>
      <isNotNull prepend="," property="codTipoDoc" >
        #codTipoDoc:CHAR#
      </isNotNull>
      <isNotNull prepend="," property="numDocId" >
        #numDocId:VARCHAR#
      </isNotNull>
      <isNotNull prepend="," property="nomEmail" >
        #nomEmail:VARCHAR#
      </isNotNull>
      <isNotNull prepend="," property="nomPostulante" >
        #nomPostulante:VARCHAR#
      </isNotNull>
      <isNotNull prepend="," property="apePaterno" >
        #apePaterno:VARCHAR#
      </isNotNull>
      <isNotNull prepend="," property="apeMaterno" >
        #apeMaterno:VARCHAR#
      </isNotNull>
      <isNotNull prepend="," property="fecNacimiento" >
        #fecNacimiento:TIMESTAMP#
      </isNotNull>
      <isNotNull prepend="," property="codEstcivil" >
        #codEstcivil:CHAR#
      </isNotNull>
      <isNotNull prepend="," property="codUbigeonac" >
        #codUbigeonac:CHAR#
      </isNotNull>
      <isNotNull prepend="," property="codUbigeodom" >
        #codUbigeodom:CHAR#
      </isNotNull>
      <isNotNull prepend="," property="codTipzona" >
        #codTipzona:CHAR#
      </isNotNull>
      <isNotNull prepend="," property="nomZona" >
        #nomZona:VARCHAR#
      </isNotNull>
      <isNotNull prepend="," property="codTipvia" >
        #codTipvia:CHAR#
      </isNotNull>
      <isNotNull prepend="," property="nomVia" >
        #nomVia:VARCHAR#
      </isNotNull>
      <isNotNull prepend="," property="numDom" >
        #numDom:VARCHAR#
      </isNotNull>
      <isNotNull prepend="," property="numTelcasa" >
        #numTelcasa:VARCHAR#
      </isNotNull>
      <isNotNull prepend="," property="numTelcelular" >
        #numTelcelular:VARCHAR#
      </isNotNull>
      <isNotNull prepend="," property="indAnterior" >
        #indAnterior:CHAR#
      </isNotNull>
      <isNotNull prepend="," property="numLicencia" >
        #numLicencia:VARCHAR#
      </isNotNull>
      <isNotNull prepend="," property="dirCarpetaarchivo" >
        #dirCarpetaarchivo:VARCHAR#
      </isNotNull>
      <isNotNull prepend="," property="mtoPretensionecon" >
        #mtoPretensionecon:DECIMAL#
      </isNotNull>
      <isNotNull prepend="," property="indSunatId" >
        #indSunatId:CHAR#
      </isNotNull>
      <isNotNull prepend="," property="desFamilSunat" >
        #desFamilSunat:VARCHAR#
      </isNotNull>
      <isNotNull prepend="," property="indSunat" >
        #indSunat:CHAR#
      </isNotNull>
      <isNotNull prepend="," property="indDiscapacitado" >
        #indDiscapacitado:CHAR#
      </isNotNull>
      <isNotNull prepend="," property="codExamen" >
        #codExamen:CHAR#
      </isNotNull>
      <isNotNull prepend="," property="codEstado" >
        #codEstado:CHAR#
      </isNotNull>
      <isNotNull prepend="," property="desDiscapacidad" >
        #desDiscapacidad:VARCHAR#
      </isNotNull>
      <isNotNull prepend="," property="indLabor" >
        #indLabor:CHAR#
      </isNotNull>
      <isNotNull prepend="," property="indSexo" >
        #indSexo:CHAR#
      </isNotNull>
      <isNotNull prepend="," property="indSede1" >
        #indSede1:CHAR#
      </isNotNull>
      <isNotNull prepend="," property="indSede2" >
        #indSede2:CHAR#
      </isNotNull>
      <isNotNull prepend="," property="numRuc" >
        #numRuc:VARCHAR#
      </isNotNull>
      <isNotNull prepend="," property="codCatLicencia" >
        #codCatLicencia:CHAR#
      </isNotNull>
      <isNotNull prepend="," property="numColegiatura" >
        #numColegiatura:VARCHAR#
      </isNotNull>
      <isNotNull prepend="," property="indColegiatura" >
        #indColegiatura:CHAR#
      </isNotNull>
      <isNotNull prepend="," property="codUsuregis" >
        #codUsuregis:VARCHAR#
      </isNotNull>
      <isNotNull prepend="," property="fecRegis" >
        #fecRegis:TIMESTAMP#
      </isNotNull>
      <isNotNull prepend="," property="codUsumodif" >
        #codUsumodif:VARCHAR#
      </isNotNull>
      <isNotNull prepend="," property="fecModif" >
        #fecModif:TIMESTAMP#
      </isNotNull>
      <isNotNull prepend="," property="codUsuproc" >
        #codUsuproc:VARCHAR#
      </isNotNull>
      <isNotNull prepend="," property="fecProceso" >
        #fecProceso:TIMESTAMP#
      </isNotNull>
      <isNotNull prepend="," property="numArcLicffaa" >
        #numArcLicffaa:INTEGER#
      </isNotNull>
      <isNotNull prepend="," property="numArcDiscapacid" >
        #numArcDiscapacid:INTEGER#
      </isNotNull>
      <isNotNull prepend="," property="indLicffaa" >
        #indLicffaa:CHAR#
      </isNotNull>
      <isNotNull prepend="," property="codPaisnac" >
        #codPaisnac:VARCHAR#
      </isNotNull>
      <isNotNull prepend="," property="codEstColegiatur" >
        #codEstColegiatur:CHAR#
      </isNotNull>
      <isNotNull prepend="," property="numDepaDir" >
        #numDepaDir:VARCHAR#
      </isNotNull>
      <isNotNull prepend="," property="numInteriorDir" >
        #numInteriorDir:VARCHAR#
      </isNotNull>
      <isNotNull prepend="," property="numManzDir" >
        #numManzDir:VARCHAR#
      </isNotNull>
      <isNotNull prepend="," property="numLoteDir" >
        #numLoteDir:VARCHAR#
      </isNotNull>
      <isNotNull prepend="," property="numKilomDir" >
        #numKilomDir:VARCHAR#
      </isNotNull>
      <isNotNull prepend="," property="numBlockDir" >
        #numBlockDir:VARCHAR#
      </isNotNull>
      <isNotNull prepend="," property="numEtapaDir" >
        #numEtapaDir:VARCHAR#
      </isNotNull>
      <isNotNull prepend="," property="desReferDir" >
        #desReferDir:VARCHAR#
      </isNotNull>
      <isNotNull prepend="," property="numArcPostula" >
        #numArcPostula:INTEGER#
      </isNotNull>
      <isNotNull prepend="," property="indFamsunat" >
        #indFamsunat:CHAR#
      </isNotNull>
      <isNotNull prepend="," property="fecInicontrato" >
        #fecInicontrato:DATE#
      </isNotNull>
      )
    </dynamic>
  </insert>
  
  <select id="countByExample" parameterClass="pe.gob.sunat.recurso2.humano.decljurada.model.FichaHistoricoExample" resultClass="java.lang.Integer" >
    select count(*) from t8334fichadatosh
    <include refid="t8334fichadatosh.Example_Where_Clause" />
  </select>
  
  <update id="updateByExampleSelective" >
    update t8334fichadatosh
    <dynamic prepend="set" >
      <isNotNull prepend="," property="record.codCat" >
        cod_cat = #record.codCat:SMALLINT#
      </isNotNull>
      <isNotNull prepend="," property="record.codPuesto" >
        cod_puesto = #record.codPuesto:CHAR#
      </isNotNull>
      <isNotNull prepend="," property="record.numPostulante" >
        num_postulante = #record.numPostulante:INTEGER#
      </isNotNull>
      <isNotNull prepend="," property="record.codTipoDoc" >
        cod_tipo_doc = #record.codTipoDoc:CHAR#
      </isNotNull>
      <isNotNull prepend="," property="record.numDocId" >
        num_doc_id = #record.numDocId:VARCHAR#
      </isNotNull>
      <isNotNull prepend="," property="record.nomEmail" >
        nom_email = #record.nomEmail:VARCHAR#
      </isNotNull>
      <isNotNull prepend="," property="record.nomPostulante" >
        nom_postulante = #record.nomPostulante:VARCHAR#
      </isNotNull>
      <isNotNull prepend="," property="record.apePaterno" >
        ape_paterno = #record.apePaterno:VARCHAR#
      </isNotNull>
      <isNotNull prepend="," property="record.apeMaterno" >
        ape_materno = #record.apeMaterno:VARCHAR#
      </isNotNull>
      <isNotNull prepend="," property="record.fecNacimiento" >
        fec_nacimiento = #record.fecNacimiento:TIMESTAMP#
      </isNotNull>
      <isNotNull prepend="," property="record.codEstcivil" >
        cod_estcivil = #record.codEstcivil:CHAR#
      </isNotNull>
      <isNotNull prepend="," property="record.codUbigeonac" >
        cod_ubigeonac = #record.codUbigeonac:CHAR#
      </isNotNull>
      <isNotNull prepend="," property="record.codUbigeodom" >
        cod_ubigeodom = #record.codUbigeodom:CHAR#
      </isNotNull>
      <isNotNull prepend="," property="record.codTipzona" >
        cod_tipzona = #record.codTipzona:CHAR#
      </isNotNull>
      <isNotNull prepend="," property="record.nomZona" >
        nom_zona = #record.nomZona:VARCHAR#
      </isNotNull>
      <isNotNull prepend="," property="record.codTipvia" >
        cod_tipvia = #record.codTipvia:CHAR#
      </isNotNull>
      <isNotNull prepend="," property="record.nomVia" >
        nom_via = #record.nomVia:VARCHAR#
      </isNotNull>
      <isNotNull prepend="," property="record.numDom" >
        num_dom = #record.numDom:VARCHAR#
      </isNotNull>
      <isNotNull prepend="," property="record.numTelcasa" >
        num_telcasa = #record.numTelcasa:VARCHAR#
      </isNotNull>
      <isNotNull prepend="," property="record.numTelcelular" >
        num_telcelular = #record.numTelcelular:VARCHAR#
      </isNotNull>
      <isNotNull prepend="," property="record.indAnterior" >
        ind_anterior = #record.indAnterior:CHAR#
      </isNotNull>
      <isNotNull prepend="," property="record.numLicencia" >
        num_licencia = #record.numLicencia:VARCHAR#
      </isNotNull>
      <isNotNull prepend="," property="record.dirCarpetaarchivo" >
        dir_carpetaarchivo = #record.dirCarpetaarchivo:VARCHAR#
      </isNotNull>
      <isNotNull prepend="," property="record.mtoPretensionecon" >
        mto_pretensionecon = #record.mtoPretensionecon:DECIMAL#
      </isNotNull>
      <isNotNull prepend="," property="record.indSunatId" >
        ind_sunat_id = #record.indSunatId:CHAR#
      </isNotNull>
      <isNotNull prepend="," property="record.desFamilSunat" >
        des_famil_sunat = #record.desFamilSunat:VARCHAR#
      </isNotNull>
      <isNotNull prepend="," property="record.indSunat" >
        ind_sunat = #record.indSunat:CHAR#
      </isNotNull>
      <isNotNull prepend="," property="record.indDiscapacitado" >
        ind_discapacitado = #record.indDiscapacitado:CHAR#
      </isNotNull>
      <isNotNull prepend="," property="record.codExamen" >
        cod_examen = #record.codExamen:CHAR#
      </isNotNull>
      <isNotNull prepend="," property="record.codEstado" >
        cod_estado = #record.codEstado:CHAR#
      </isNotNull>
      <isNotNull prepend="," property="record.desDiscapacidad" >
        des_discapacidad = #record.desDiscapacidad:VARCHAR#
      </isNotNull>
      <isNotNull prepend="," property="record.indLabor" >
        ind_labor = #record.indLabor:CHAR#
      </isNotNull>
      <isNotNull prepend="," property="record.indSexo" >
        ind_sexo = #record.indSexo:CHAR#
      </isNotNull>
      <isNotNull prepend="," property="record.indSede1" >
        ind_sede1 = #record.indSede1:CHAR#
      </isNotNull>
      <isNotNull prepend="," property="record.indSede2" >
        ind_sede2 = #record.indSede2:CHAR#
      </isNotNull>
      <isNotNull prepend="," property="record.numRuc" >
        num_ruc = #record.numRuc:VARCHAR#
      </isNotNull>
      <isNotNull prepend="," property="record.codCatLicencia" >
        cod_cat_licencia = #record.codCatLicencia:CHAR#
      </isNotNull>
      <isNotNull prepend="," property="record.numColegiatura" >
        num_colegiatura = #record.numColegiatura:VARCHAR#
      </isNotNull>
      <isNotNull prepend="," property="record.indColegiatura" >
        ind_colegiatura = #record.indColegiatura:CHAR#
      </isNotNull>
      <isNotNull prepend="," property="record.codUsuregis" >
        cod_usuregis = #record.codUsuregis:VARCHAR#
      </isNotNull>
      <isNotNull prepend="," property="record.fecRegis" >
        fec_regis = #record.fecRegis:TIMESTAMP#
      </isNotNull>
      <isNotNull prepend="," property="record.codUsumodif" >
        cod_usumodif = #record.codUsumodif:VARCHAR#
      </isNotNull>
      <isNotNull prepend="," property="record.fecModif" >
        fec_modif = #record.fecModif:TIMESTAMP#
      </isNotNull>
      <isNotNull prepend="," property="record.codUsuproc" >
        cod_usuproc = #record.codUsuproc:VARCHAR#
      </isNotNull>
      <isNotNull prepend="," property="record.fecProceso" >
        fec_proceso = #record.fecProceso:TIMESTAMP#
      </isNotNull>
      <isNotNull prepend="," property="record.numArcLicffaa" >
        num_arc_licffaa = #record.numArcLicffaa:INTEGER#
      </isNotNull>
      <isNotNull prepend="," property="record.numArcDiscapacid" >
        num_arc_discapacid = #record.numArcDiscapacid:INTEGER#
      </isNotNull>
      <isNotNull prepend="," property="record.indLicffaa" >
        ind_licffaa = #record.indLicffaa:CHAR#
      </isNotNull>
      <isNotNull prepend="," property="record.codPaisnac" >
        cod_paisnac = #record.codPaisnac:VARCHAR#
      </isNotNull>
      <isNotNull prepend="," property="record.codEstColegiatur" >
        cod_est_colegiatur = #record.codEstColegiatur:CHAR#
      </isNotNull>
      <isNotNull prepend="," property="record.numDepaDir" >
        num_depa_dir = #record.numDepaDir:VARCHAR#
      </isNotNull>
      <isNotNull prepend="," property="record.numInteriorDir" >
        num_interior_dir = #record.numInteriorDir:VARCHAR#
      </isNotNull>
      <isNotNull prepend="," property="record.numManzDir" >
        num_manz_dir = #record.numManzDir:VARCHAR#
      </isNotNull>
      <isNotNull prepend="," property="record.numLoteDir" >
        num_lote_dir = #record.numLoteDir:VARCHAR#
      </isNotNull>
      <isNotNull prepend="," property="record.numKilomDir" >
        num_kilom_dir = #record.numKilomDir:VARCHAR#
      </isNotNull>
      <isNotNull prepend="," property="record.numBlockDir" >
        num_block_dir = #record.numBlockDir:VARCHAR#
      </isNotNull>
      <isNotNull prepend="," property="record.numEtapaDir" >
        num_etapa_dir = #record.numEtapaDir:VARCHAR#
      </isNotNull>
      <isNotNull prepend="," property="record.desReferDir" >
        des_refer_dir = #record.desReferDir:VARCHAR#
      </isNotNull>
      <isNotNull prepend="," property="record.numArcPostula" >
        num_arc_postula = #record.numArcPostula:INTEGER#
      </isNotNull>
      <isNotNull prepend="," property="record.indFamsunat" >
        ind_famsunat = #record.indFamsunat:CHAR#
      </isNotNull>
      <isNotNull prepend="," property="record.fecInicontrato" >
        fec_inicontrato = #record.fecInicontrato:DATE#
      </isNotNull>
    </dynamic>
    <isParameterPresent >
      <include refid="t8334fichadatosh.Example_Where_Clause" />
    </isParameterPresent>
  </update>
  
  <update id="updateByExample" >
    update t8334fichadatosh
    set cod_cat = #record.codCat:SMALLINT#,
      cod_puesto = #record.codPuesto:CHAR#,
      num_postulante = #record.numPostulante:INTEGER#,
      cod_tipo_doc = #record.codTipoDoc:CHAR#,
      num_doc_id = #record.numDocId:VARCHAR#,
      nom_email = #record.nomEmail:VARCHAR#,
      nom_postulante = #record.nomPostulante:VARCHAR#,
      ape_paterno = #record.apePaterno:VARCHAR#,
      ape_materno = #record.apeMaterno:VARCHAR#,
      fec_nacimiento = #record.fecNacimiento:TIMESTAMP#,
      cod_estcivil = #record.codEstcivil:CHAR#,
      cod_ubigeonac = #record.codUbigeonac:CHAR#,
      cod_ubigeodom = #record.codUbigeodom:CHAR#,
      cod_tipzona = #record.codTipzona:CHAR#,
      nom_zona = #record.nomZona:VARCHAR#,
      cod_tipvia = #record.codTipvia:CHAR#,
      nom_via = #record.nomVia:VARCHAR#,
      num_dom = #record.numDom:VARCHAR#,
      num_telcasa = #record.numTelcasa:VARCHAR#,
      num_telcelular = #record.numTelcelular:VARCHAR#,
      ind_anterior = #record.indAnterior:CHAR#,
      num_licencia = #record.numLicencia:VARCHAR#,
      dir_carpetaarchivo = #record.dirCarpetaarchivo:VARCHAR#,
      mto_pretensionecon = #record.mtoPretensionecon:DECIMAL#,
      ind_sunat_id = #record.indSunatId:CHAR#,
      des_famil_sunat = #record.desFamilSunat:VARCHAR#,
      ind_sunat = #record.indSunat:CHAR#,
      ind_discapacitado = #record.indDiscapacitado:CHAR#,
      cod_examen = #record.codExamen:CHAR#,
      cod_estado = #record.codEstado:CHAR#,
      des_discapacidad = #record.desDiscapacidad:VARCHAR#,
      ind_labor = #record.indLabor:CHAR#,
      ind_sexo = #record.indSexo:CHAR#,
      ind_sede1 = #record.indSede1:CHAR#,
      ind_sede2 = #record.indSede2:CHAR#,
      num_ruc = #record.numRuc:VARCHAR#,
      cod_cat_licencia = #record.codCatLicencia:CHAR#,
      num_colegiatura = #record.numColegiatura:VARCHAR#,
      ind_colegiatura = #record.indColegiatura:CHAR#,
      cod_usuregis = #record.codUsuregis:VARCHAR#,
      fec_regis = #record.fecRegis:TIMESTAMP#,
      cod_usumodif = #record.codUsumodif:VARCHAR#,
      fec_modif = #record.fecModif:TIMESTAMP#,
      cod_usuproc = #record.codUsuproc:VARCHAR#,
      fec_proceso = #record.fecProceso:TIMESTAMP#,
      num_arc_licffaa = #record.numArcLicffaa:INTEGER#,
      num_arc_discapacid = #record.numArcDiscapacid:INTEGER#,
      ind_licffaa = #record.indLicffaa:CHAR#,
      cod_paisnac = #record.codPaisnac:VARCHAR#,
      cod_est_colegiatur = #record.codEstColegiatur:CHAR#,
      num_depa_dir = #record.numDepaDir:VARCHAR#,
      num_interior_dir = #record.numInteriorDir:VARCHAR#,
      num_manz_dir = #record.numManzDir:VARCHAR#,
      num_lote_dir = #record.numLoteDir:VARCHAR#,
      num_kilom_dir = #record.numKilomDir:VARCHAR#,
      num_block_dir = #record.numBlockDir:VARCHAR#,
      num_etapa_dir = #record.numEtapaDir:VARCHAR#,
      des_refer_dir = #record.desReferDir:VARCHAR#,
      num_arc_postula = #record.numArcPostula:INTEGER#,
      ind_famsunat = #record.indFamsunat:CHAR#,
      fec_inicontrato = #record.fecInicontrato:DATE#
    <isParameterPresent >
      <include refid="t8334fichadatosh.Example_Where_Clause" />
    </isParameterPresent>
  </update>
  
  <update id="updateByPrimaryKeySelective" parameterClass="pe.gob.sunat.recurso2.humano.decljurada.model.FichaHistorico" >
    update t8334fichadatosh
    <dynamic prepend="set" >
      <isNotNull prepend="," property="codTipoDoc" >
        cod_tipo_doc = #codTipoDoc:CHAR#
      </isNotNull>
      <isNotNull prepend="," property="numDocId" >
        num_doc_id = #numDocId:VARCHAR#
      </isNotNull>
      <isNotNull prepend="," property="nomEmail" >
        nom_email = #nomEmail:VARCHAR#
      </isNotNull>
      <isNotNull prepend="," property="nomPostulante" >
        nom_postulante = #nomPostulante:VARCHAR#
      </isNotNull>
      <isNotNull prepend="," property="apePaterno" >
        ape_paterno = #apePaterno:VARCHAR#
      </isNotNull>
      <isNotNull prepend="," property="apeMaterno" >
        ape_materno = #apeMaterno:VARCHAR#
      </isNotNull>
      <isNotNull prepend="," property="fecNacimiento" >
        fec_nacimiento = #fecNacimiento:TIMESTAMP#
      </isNotNull>
      <isNotNull prepend="," property="codEstcivil" >
        cod_estcivil = #codEstcivil:CHAR#
      </isNotNull>
      <isNotNull prepend="," property="codUbigeonac" >
        cod_ubigeonac = #codUbigeonac:CHAR#
      </isNotNull>
      <isNotNull prepend="," property="codUbigeodom" >
        cod_ubigeodom = #codUbigeodom:CHAR#
      </isNotNull>
      <isNotNull prepend="," property="codTipzona" >
        cod_tipzona = #codTipzona:CHAR#
      </isNotNull>
      <isNotNull prepend="," property="nomZona" >
        nom_zona = #nomZona:VARCHAR#
      </isNotNull>
      <isNotNull prepend="," property="codTipvia" >
        cod_tipvia = #codTipvia:CHAR#
      </isNotNull>
      <isNotNull prepend="," property="nomVia" >
        nom_via = #nomVia:VARCHAR#
      </isNotNull>
      <isNotNull prepend="," property="numDom" >
        num_dom = #numDom:VARCHAR#
      </isNotNull>
      <isNotNull prepend="," property="numTelcasa" >
        num_telcasa = #numTelcasa:VARCHAR#
      </isNotNull>
      <isNotNull prepend="," property="numTelcelular" >
        num_telcelular = #numTelcelular:VARCHAR#
      </isNotNull>
      <isNotNull prepend="," property="indAnterior" >
        ind_anterior = #indAnterior:CHAR#
      </isNotNull>
      <isNotNull prepend="," property="numLicencia" >
        num_licencia = #numLicencia:VARCHAR#
      </isNotNull>
      <isNotNull prepend="," property="dirCarpetaarchivo" >
        dir_carpetaarchivo = #dirCarpetaarchivo:VARCHAR#
      </isNotNull>
      <isNotNull prepend="," property="mtoPretensionecon" >
        mto_pretensionecon = #mtoPretensionecon:DECIMAL#
      </isNotNull>
      <isNotNull prepend="," property="indSunatId" >
        ind_sunat_id = #indSunatId:CHAR#
      </isNotNull>
      <isNotNull prepend="," property="desFamilSunat" >
        des_famil_sunat = #desFamilSunat:VARCHAR#
      </isNotNull>
      <isNotNull prepend="," property="indSunat" >
        ind_sunat = #indSunat:CHAR#
      </isNotNull>
      <isNotNull prepend="," property="indDiscapacitado" >
        ind_discapacitado = #indDiscapacitado:CHAR#
      </isNotNull>
      <isNotNull prepend="," property="codExamen" >
        cod_examen = #codExamen:CHAR#
      </isNotNull>
      <isNotNull prepend="," property="codEstado" >
        cod_estado = #codEstado:CHAR#
      </isNotNull>
      <isNotNull prepend="," property="desDiscapacidad" >
        des_discapacidad = #desDiscapacidad:VARCHAR#
      </isNotNull>
      <isNotNull prepend="," property="indLabor" >
        ind_labor = #indLabor:CHAR#
      </isNotNull>
      <isNotNull prepend="," property="indSexo" >
        ind_sexo = #indSexo:CHAR#
      </isNotNull>
      <isNotNull prepend="," property="indSede1" >
        ind_sede1 = #indSede1:CHAR#
      </isNotNull>
      <isNotNull prepend="," property="indSede2" >
        ind_sede2 = #indSede2:CHAR#
      </isNotNull>
      <isNotNull prepend="," property="numRuc" >
        num_ruc = #numRuc:VARCHAR#
      </isNotNull>
      <isNotNull prepend="," property="codCatLicencia" >
        cod_cat_licencia = #codCatLicencia:CHAR#
      </isNotNull>
      <isNotNull prepend="," property="numColegiatura" >
        num_colegiatura = #numColegiatura:VARCHAR#
      </isNotNull>
      <isNotNull prepend="," property="indColegiatura" >
        ind_colegiatura = #indColegiatura:CHAR#
      </isNotNull>
      <isNotNull prepend="," property="codUsuregis" >
        cod_usuregis = #codUsuregis:VARCHAR#
      </isNotNull>
      <isNotNull prepend="," property="fecRegis" >
        fec_regis = #fecRegis:TIMESTAMP#
      </isNotNull>
      <isNotNull prepend="," property="codUsumodif" >
        cod_usumodif = #codUsumodif:VARCHAR#
      </isNotNull>
      <isNotNull prepend="," property="fecModif" >
        fec_modif = #fecModif:TIMESTAMP#
      </isNotNull>
      <isNotNull prepend="," property="codUsuproc" >
        cod_usuproc = #codUsuproc:VARCHAR#
      </isNotNull>
      <isNotNull prepend="," property="fecProceso" >
        fec_proceso = #fecProceso:TIMESTAMP#
      </isNotNull>
      <isNotNull prepend="," property="numArcLicffaa" >
        num_arc_licffaa = #numArcLicffaa:INTEGER#
      </isNotNull>
      <isNotNull prepend="," property="numArcDiscapacid" >
        num_arc_discapacid = #numArcDiscapacid:INTEGER#
      </isNotNull>
      <isNotNull prepend="," property="indLicffaa" >
        ind_licffaa = #indLicffaa:CHAR#
      </isNotNull>
      <isNotNull prepend="," property="codPaisnac" >
        cod_paisnac = #codPaisnac:VARCHAR#
      </isNotNull>
      <isNotNull prepend="," property="codEstColegiatur" >
        cod_est_colegiatur = #codEstColegiatur:CHAR#
      </isNotNull>
      <isNotNull prepend="," property="numDepaDir" >
        num_depa_dir = #numDepaDir:VARCHAR#
      </isNotNull>
      <isNotNull prepend="," property="numInteriorDir" >
        num_interior_dir = #numInteriorDir:VARCHAR#
      </isNotNull>
      <isNotNull prepend="," property="numManzDir" >
        num_manz_dir = #numManzDir:VARCHAR#
      </isNotNull>
      <isNotNull prepend="," property="numLoteDir" >
        num_lote_dir = #numLoteDir:VARCHAR#
      </isNotNull>
      <isNotNull prepend="," property="numKilomDir" >
        num_kilom_dir = #numKilomDir:VARCHAR#
      </isNotNull>
      <isNotNull prepend="," property="numBlockDir" >
        num_block_dir = #numBlockDir:VARCHAR#
      </isNotNull>
      <isNotNull prepend="," property="numEtapaDir" >
        num_etapa_dir = #numEtapaDir:VARCHAR#
      </isNotNull>
      <isNotNull prepend="," property="desReferDir" >
        des_refer_dir = #desReferDir:VARCHAR#
      </isNotNull>
      <isNotNull prepend="," property="numArcPostula" >
        num_arc_postula = #numArcPostula:INTEGER#
      </isNotNull>
      <isNotNull prepend="," property="indFamsunat" >
        ind_famsunat = #indFamsunat:CHAR#
      </isNotNull>
      <isNotNull prepend="," property="fecInicontrato" >
        fec_inicontrato = #fecInicontrato:DATE#
      </isNotNull>
    </dynamic>
    where cod_cat = #codCat:SMALLINT#
      and cod_puesto = #codPuesto:CHAR#
      and num_postulante = #numPostulante:INTEGER#
  </update>
  
  <update id="updateByPrimaryKey" parameterClass="pe.gob.sunat.recurso2.humano.decljurada.model.FichaHistorico" >
    update t8334fichadatosh
    set cod_tipo_doc = #codTipoDoc:CHAR#,
      num_doc_id = #numDocId:VARCHAR#,
      nom_email = #nomEmail:VARCHAR#,
      nom_postulante = #nomPostulante:VARCHAR#,
      ape_paterno = #apePaterno:VARCHAR#,
      ape_materno = #apeMaterno:VARCHAR#,
      fec_nacimiento = #fecNacimiento:TIMESTAMP#,
      cod_estcivil = #codEstcivil:CHAR#,
      cod_ubigeonac = #codUbigeonac:CHAR#,
      cod_ubigeodom = #codUbigeodom:CHAR#,
      cod_tipzona = #codTipzona:CHAR#,
      nom_zona = #nomZona:VARCHAR#,
      cod_tipvia = #codTipvia:CHAR#,
      nom_via = #nomVia:VARCHAR#,
      num_dom = #numDom:VARCHAR#,
      num_telcasa = #numTelcasa:VARCHAR#,
      num_telcelular = #numTelcelular:VARCHAR#,
      ind_anterior = #indAnterior:CHAR#,
      num_licencia = #numLicencia:VARCHAR#,
      dir_carpetaarchivo = #dirCarpetaarchivo:VARCHAR#,
      mto_pretensionecon = #mtoPretensionecon:DECIMAL#,
      ind_sunat_id = #indSunatId:CHAR#,
      des_famil_sunat = #desFamilSunat:VARCHAR#,
      ind_sunat = #indSunat:CHAR#,
      ind_discapacitado = #indDiscapacitado:CHAR#,
      cod_examen = #codExamen:CHAR#,
      cod_estado = #codEstado:CHAR#,
      des_discapacidad = #desDiscapacidad:VARCHAR#,
      ind_labor = #indLabor:CHAR#,
      ind_sexo = #indSexo:CHAR#,
      ind_sede1 = #indSede1:CHAR#,
      ind_sede2 = #indSede2:CHAR#,
      num_ruc = #numRuc:VARCHAR#,
      cod_cat_licencia = #codCatLicencia:CHAR#,
      num_colegiatura = #numColegiatura:VARCHAR#,
      ind_colegiatura = #indColegiatura:CHAR#,
      cod_usuregis = #codUsuregis:VARCHAR#,
      fec_regis = #fecRegis:TIMESTAMP#,
      cod_usumodif = #codUsumodif:VARCHAR#,
      fec_modif = #fecModif:TIMESTAMP#,
      cod_usuproc = #codUsuproc:VARCHAR#,
      fec_proceso = #fecProceso:TIMESTAMP#,
      num_arc_licffaa = #numArcLicffaa:INTEGER#,
      num_arc_discapacid = #numArcDiscapacid:INTEGER#,
      ind_licffaa = #indLicffaa:CHAR#,
      cod_paisnac = #codPaisnac:VARCHAR#,
      cod_est_colegiatur = #codEstColegiatur:CHAR#,
      num_depa_dir = #numDepaDir:VARCHAR#,
      num_interior_dir = #numInteriorDir:VARCHAR#,
      num_manz_dir = #numManzDir:VARCHAR#,
      num_lote_dir = #numLoteDir:VARCHAR#,
      num_kilom_dir = #numKilomDir:VARCHAR#,
      num_block_dir = #numBlockDir:VARCHAR#,
      num_etapa_dir = #numEtapaDir:VARCHAR#,
      des_refer_dir = #desReferDir:VARCHAR#,
      num_arc_postula = #numArcPostula:INTEGER#,
      ind_famsunat = #indFamsunat:CHAR#,
      fec_inicontrato = #fecInicontrato:DATE#
    where cod_cat = #codCat:SMALLINT#
      and cod_puesto = #codPuesto:CHAR#
      and num_postulante = #numPostulante:INTEGER#
  </update>
  
  <!-- personalizados -->
  <select id="obtenerFichaHistoricoByDocumento" resultMap="BaseResultMap" parameterClass="pe.gob.sunat.recurso2.humano.decljurada.model.FichaHistorico" >
	select 
	    first 1 
	  f.cod_cat, f.cod_puesto, f.num_postulante, f.cod_tipo_doc, f.num_doc_id, f.nom_email, f.nom_postulante,
      f.ape_paterno, f.ape_materno, f.fec_nacimiento, f.cod_estcivil, f.cod_ubigeonac, f.cod_ubigeodom,
      f.cod_tipzona, f.nom_zona, f.cod_tipvia, f.nom_via, f.num_dom, f.num_telcasa, f.num_telcelular,
      f.ind_anterior, f.num_licencia, f.dir_carpetaarchivo, f.mto_pretensionecon, f.ind_sunat_id,
      f.des_famil_sunat, f.ind_sunat, f.ind_discapacitado, f.cod_examen, f.cod_estado, f.des_discapacidad,
      f.ind_labor, f.ind_sexo, f.ind_sede1, f.ind_sede2, f.num_ruc, f.cod_cat_licencia, f.num_colegiatura,
      f.ind_colegiatura, f.cod_usuregis, f.fec_regis, f.cod_usumodif, f.fec_modif, f.cod_usuproc, f.fec_proceso,
      f.num_arc_licffaa, f.num_arc_discapacid, f.ind_licffaa, f.cod_paisnac, 
      f.cod_est_colegiatur, f.num_depa_dir, f.num_interior_dir, f.num_manz_dir, f.num_lote_dir, f.num_kilom_dir,
      f.num_block_dir, f.num_etapa_dir, f.des_refer_dir, f.num_arc_postula, f.ind_famsunat, f.fec_inicontrato
	from
	    t8334fichadatosh f,
	    t9369detallefase d
	where 
	    f.cod_cat = d.cod_cat
	    and f.num_postulante = d.num_postulante
	    and d.ind_del = '0'
	    and f.cod_tipo_doc = #codTipoDoc#
	    and f.num_doc_id = #numDocId#
	    and d.ind_sigacontrato = 'F'
	    and d.cod_resultado in ('03','04')
	    <isNotNull prepend="and" property="indDerechohab" >
       		d.ind_derechohab = #indDerechohab#
    	</isNotNull>
	order by
	    d.fec_regis desc 
  </select>
  
</sqlMap>