<?xml version="1.0" encoding="UTF-8" ?>
<!DOCTYPE sqlMap PUBLIC "-//ibatis.apache.org//DTD SQL Map 2.0//EN" "http://ibatis.apache.org/dtd/sql-map-2.dtd" >
<sqlMap namespace="t9369detallefase" >
  <resultMap id="BaseResultMap" class="pe.gob.sunat.recurso2.humano.decljurada.model.DetalleFaseSel" >
    <result column="cod_cat" property="codCat" jdbcType="SMALLINT" />
    <result column="cod_fase" property="codFase" jdbcType="CHAR" />
    <result column="num_postulante" property="numPostulante" jdbcType="INTEGER" />
    <result column="num_version" property="numVersion" jdbcType="SMALLINT" />
    <result column="cod_resultado" property="codResultado" jdbcType="CHAR" />
    <result column="val_resultado" property="valResultado" jdbcType="DECIMAL" />
    <result column="des_resultado" property="desResultado" jdbcType="VARCHAR" />
    <result column="ind_del" property="indDel" jdbcType="CHAR" />
    <result column="cod_usuregis" property="codUsuregis" jdbcType="VARCHAR" />
    <result column="fec_regis" property="fecRegis" jdbcType="TIMESTAMP" />
    <result column="cod_usumodif" property="codUsumodif" jdbcType="VARCHAR" />
    <result column="fec_modif" property="fecModif" jdbcType="TIMESTAMP" />
    <result column="cod_uuoo_destino" property="codUuooDestino" jdbcType="VARCHAR" />
    <result column="ind_sigacontrato" property="indSigacontrato" jdbcType="CHAR" />
    <result column="cod_solicitud" property="codSolicitud" jdbcType="CHAR" />
    <result column="num_puesto" property="numPuesto" jdbcType="INTEGER" />
    <result column="ind_descarga" property="indDescarga" jdbcType="CHAR" />
    <result column="ind_derechohab" property="indDerechohab" jdbcType="CHAR" />
    <result column="ind_bancos" property="indBancos" jdbcType="CHAR" />
    <result column="ind_bancocts" property="indBancocts" jdbcType="CHAR" />
    <result column="ind_regimen" property="indRegimen" jdbcType="CHAR" />
    <result column="ind_quinta" property="indQuinta" jdbcType="CHAR" />
    <result column="ind_envio" property="indEnvio" jdbcType="CHAR" />
    <result column="fec_envio" property="fecEnvio" jdbcType="TIMESTAMP" />
  </resultMap>
  
  <sql id="Example_Where_Clause" >
    <iterate property="oredCriteria" conjunction="or" prepend="where" removeFirstPrepend="iterate" >
      <isEqual property="oredCriteria[].valid" compareValue="true" >
        (
        <iterate prepend="and" property="oredCriteria[].criteriaWithoutValue" conjunction="and" >
          $oredCriteria[].criteriaWithoutValue[]$
        </iterate>
        <iterate prepend="and" property="oredCriteria[].criteriaWithSingleValue" conjunction="and" >
          $oredCriteria[].criteriaWithSingleValue[].condition$
            #oredCriteria[].criteriaWithSingleValue[].value#
        </iterate>
        <iterate prepend="and" property="oredCriteria[].criteriaWithListValue" conjunction="and" >
          $oredCriteria[].criteriaWithListValue[].condition$
          <iterate property="oredCriteria[].criteriaWithListValue[].values" open="(" close=")" conjunction="," >
            #oredCriteria[].criteriaWithListValue[].values[]#
          </iterate>
        </iterate>
        <iterate prepend="and" property="oredCriteria[].criteriaWithBetweenValue" conjunction="and" >
          $oredCriteria[].criteriaWithBetweenValue[].condition$
          #oredCriteria[].criteriaWithBetweenValue[].values[0]# and
          #oredCriteria[].criteriaWithBetweenValue[].values[1]#
        </iterate>
        )
      </isEqual>
    </iterate>
  </sql>
  
  <select id="selectByExample" resultMap="BaseResultMap" parameterClass="pe.gob.sunat.recurso2.humano.decljurada.model.DetalleFaseSelExample" >
    select cod_cat, cod_fase, num_postulante, num_version, cod_resultado, val_resultado,
      des_resultado, ind_del, cod_usuregis, fec_regis, cod_usumodif, fec_modif, cod_uuoo_destino,
      ind_sigacontrato, cod_solicitud, num_puesto, ind_descarga, ind_derechohab, ind_bancos,
      ind_bancocts, ind_regimen, ind_quinta, ind_envio, fec_envio
    from t9369detallefase
    <isParameterPresent >
      <include refid="t9369detallefase.Example_Where_Clause" />
      <isNotNull property="orderByClause" >
        order by $orderByClause$
      </isNotNull>
    </isParameterPresent>
  </select>
  
  <select id="selectByPrimaryKey" resultMap="BaseResultMap" parameterClass="pe.gob.sunat.recurso2.humano.decljurada.model.DetalleFaseSelKey" >
    select cod_cat, cod_fase, num_postulante, num_version, cod_resultado, val_resultado,
      des_resultado, ind_del, cod_usuregis, fec_regis, cod_usumodif, fec_modif, cod_uuoo_destino,
      ind_sigacontrato, cod_solicitud, num_puesto, ind_descarga, ind_derechohab, ind_bancos,
      ind_bancocts, ind_regimen, ind_quinta, ind_envio, fec_envio
    from t9369detallefase
    where cod_cat = #codCat:SMALLINT#
      and cod_fase = #codFase:CHAR#
      and num_postulante = #numPostulante:INTEGER#
  </select>
  
  <delete id="deleteByPrimaryKey" parameterClass="pe.gob.sunat.recurso2.humano.decljurada.model.DetalleFaseSelKey" >
    delete from t9369detallefase
    where cod_cat = #codCat:SMALLINT#
      and cod_fase = #codFase:CHAR#
      and num_postulante = #numPostulante:INTEGER#
  </delete>
  
  <delete id="deleteByExample" parameterClass="pe.gob.sunat.recurso2.humano.decljurada.model.DetalleFaseSelExample" >
    delete from t9369detallefase
    <include refid="t9369detallefase.Example_Where_Clause" />
  </delete>
  
  <insert id="insert" parameterClass="pe.gob.sunat.recurso2.humano.decljurada.model.DetalleFaseSel" >
    insert into t9369detallefase (cod_cat, cod_fase, num_postulante, num_version, cod_resultado,
      val_resultado, des_resultado, ind_del, cod_usuregis, fec_regis, cod_usumodif, fec_modif,
      cod_uuoo_destino, ind_sigacontrato, cod_solicitud, num_puesto, ind_descarga, ind_derechohab,
      ind_bancos, ind_bancocts, ind_regimen, ind_quinta, ind_envio, fec_envio)
    values (#codCat:SMALLINT#, #codFase:CHAR#, #numPostulante:INTEGER#, #numVersion:SMALLINT#,
      #codResultado:CHAR#, #valResultado:DECIMAL#, #desResultado:VARCHAR#, #indDel:CHAR#,
      #codUsuregis:VARCHAR#, #fecRegis:TIMESTAMP#, #codUsumodif:VARCHAR#, #fecModif:TIMESTAMP#,
      #codUuooDestino:VARCHAR#, #indSigacontrato:CHAR#, #codSolicitud:CHAR#, #numPuesto:INTEGER#,
      #indDescarga:CHAR#, #indDerechohab:CHAR#, #indBancos:CHAR#, #indBancocts:CHAR#,
      #indRegimen:CHAR#, #indQuinta:CHAR#, #indEnvio:CHAR#, #fecEnvio:TIMESTAMP#)
  </insert>
  
  <insert id="insertSelective" parameterClass="pe.gob.sunat.recurso2.humano.decljurada.model.DetalleFaseSel" >
    insert into t9369detallefase
    <dynamic prepend="(" >
      <isNotNull prepend="," property="codCat" >
        cod_cat
      </isNotNull>
      <isNotNull prepend="," property="codFase" >
        cod_fase
      </isNotNull>
      <isNotNull prepend="," property="numPostulante" >
        num_postulante
      </isNotNull>
      <isNotNull prepend="," property="numVersion" >
        num_version
      </isNotNull>
      <isNotNull prepend="," property="codResultado" >
        cod_resultado
      </isNotNull>
      <isNotNull prepend="," property="valResultado" >
        val_resultado
      </isNotNull>
      <isNotNull prepend="," property="desResultado" >
        des_resultado
      </isNotNull>
      <isNotNull prepend="," property="indDel" >
        ind_del
      </isNotNull>
      <isNotNull prepend="," property="codUsuregis" >
        cod_usuregis
      </isNotNull>
      <isNotNull prepend="," property="fecRegis" >
        fec_regis
      </isNotNull>
      <isNotNull prepend="," property="codUsumodif" >
        cod_usumodif
      </isNotNull>
      <isNotNull prepend="," property="fecModif" >
        fec_modif
      </isNotNull>
      <isNotNull prepend="," property="codUuooDestino" >
        cod_uuoo_destino
      </isNotNull>
      <isNotNull prepend="," property="indSigacontrato" >
        ind_sigacontrato
      </isNotNull>
      <isNotNull prepend="," property="codSolicitud" >
        cod_solicitud
      </isNotNull>
      <isNotNull prepend="," property="numPuesto" >
        num_puesto
      </isNotNull>
      <isNotNull prepend="," property="indDescarga" >
        ind_descarga
      </isNotNull>
      <isNotNull prepend="," property="indDerechohab" >
        ind_derechohab
      </isNotNull>
      <isNotNull prepend="," property="indBancos" >
        ind_bancos
      </isNotNull>
      <isNotNull prepend="," property="indBancocts" >
        ind_bancocts
      </isNotNull>
      <isNotNull prepend="," property="indRegimen" >
        ind_regimen
      </isNotNull>
      <isNotNull prepend="," property="indQuinta" >
        ind_quinta
      </isNotNull>
      <isNotNull prepend="," property="indEnvio" >
        ind_envio
      </isNotNull>
      <isNotNull prepend="," property="fecEnvio" >
        fec_envio
      </isNotNull>
      )
    </dynamic>
    values
    <dynamic prepend="(" >
      <isNotNull prepend="," property="codCat" >
        #codCat:SMALLINT#
      </isNotNull>
      <isNotNull prepend="," property="codFase" >
        #codFase:CHAR#
      </isNotNull>
      <isNotNull prepend="," property="numPostulante" >
        #numPostulante:INTEGER#
      </isNotNull>
      <isNotNull prepend="," property="numVersion" >
        #numVersion:SMALLINT#
      </isNotNull>
      <isNotNull prepend="," property="codResultado" >
        #codResultado:CHAR#
      </isNotNull>
      <isNotNull prepend="," property="valResultado" >
        #valResultado:DECIMAL#
      </isNotNull>
      <isNotNull prepend="," property="desResultado" >
        #desResultado:VARCHAR#
      </isNotNull>
      <isNotNull prepend="," property="indDel" >
        #indDel:CHAR#
      </isNotNull>
      <isNotNull prepend="," property="codUsuregis" >
        #codUsuregis:VARCHAR#
      </isNotNull>
      <isNotNull prepend="," property="fecRegis" >
        #fecRegis:TIMESTAMP#
      </isNotNull>
      <isNotNull prepend="," property="codUsumodif" >
        #codUsumodif:VARCHAR#
      </isNotNull>
      <isNotNull prepend="," property="fecModif" >
        #fecModif:TIMESTAMP#
      </isNotNull>
      <isNotNull prepend="," property="codUuooDestino" >
        #codUuooDestino:VARCHAR#
      </isNotNull>
      <isNotNull prepend="," property="indSigacontrato" >
        #indSigacontrato:CHAR#
      </isNotNull>
      <isNotNull prepend="," property="codSolicitud" >
        #codSolicitud:CHAR#
      </isNotNull>
      <isNotNull prepend="," property="numPuesto" >
        #numPuesto:INTEGER#
      </isNotNull>
      <isNotNull prepend="," property="indDescarga" >
        #indDescarga:CHAR#
      </isNotNull>
      <isNotNull prepend="," property="indDerechohab" >
        #indDerechohab:CHAR#
      </isNotNull>
      <isNotNull prepend="," property="indBancos" >
        #indBancos:CHAR#
      </isNotNull>
      <isNotNull prepend="," property="indBancocts" >
        #indBancocts:CHAR#
      </isNotNull>
      <isNotNull prepend="," property="indRegimen" >
        #indRegimen:CHAR#
      </isNotNull>
      <isNotNull prepend="," property="indQuinta" >
        #indQuinta:CHAR#
      </isNotNull>
      <isNotNull prepend="," property="indEnvio" >
        #indEnvio:CHAR#
      </isNotNull>
      <isNotNull prepend="," property="fecEnvio" >
        #fecEnvio:TIMESTAMP#
      </isNotNull>
      )
    </dynamic>
  </insert>
  
  <select id="countByExample" parameterClass="pe.gob.sunat.recurso2.humano.decljurada.model.DetalleFaseSelExample" resultClass="java.lang.Integer" >
    select count(*) from t9369detallefase
    <include refid="t9369detallefase.Example_Where_Clause" />
  </select>
  
  <update id="updateByExampleSelective" >
    update t9369detallefase
    <dynamic prepend="set" >
      <isNotNull prepend="," property="record.codCat" >
        cod_cat = #record.codCat:SMALLINT#
      </isNotNull>
      <isNotNull prepend="," property="record.codFase" >
        cod_fase = #record.codFase:CHAR#
      </isNotNull>
      <isNotNull prepend="," property="record.numPostulante" >
        num_postulante = #record.numPostulante:INTEGER#
      </isNotNull>
      <isNotNull prepend="," property="record.numVersion" >
        num_version = #record.numVersion:SMALLINT#
      </isNotNull>
      <isNotNull prepend="," property="record.codResultado" >
        cod_resultado = #record.codResultado:CHAR#
      </isNotNull>
      <isNotNull prepend="," property="record.valResultado" >
        val_resultado = #record.valResultado:DECIMAL#
      </isNotNull>
      <isNotNull prepend="," property="record.desResultado" >
        des_resultado = #record.desResultado:VARCHAR#
      </isNotNull>
      <isNotNull prepend="," property="record.indDel" >
        ind_del = #record.indDel:CHAR#
      </isNotNull>
      <isNotNull prepend="," property="record.codUsuregis" >
        cod_usuregis = #record.codUsuregis:VARCHAR#
      </isNotNull>
      <isNotNull prepend="," property="record.fecRegis" >
        fec_regis = #record.fecRegis:TIMESTAMP#
      </isNotNull>
      <isNotNull prepend="," property="record.codUsumodif" >
        cod_usumodif = #record.codUsumodif:VARCHAR#
      </isNotNull>
      <isNotNull prepend="," property="record.fecModif" >
        fec_modif = #record.fecModif:TIMESTAMP#
      </isNotNull>
      <isNotNull prepend="," property="record.codUuooDestino" >
        cod_uuoo_destino = #record.codUuooDestino:VARCHAR#
      </isNotNull>
      <isNotNull prepend="," property="record.indSigacontrato" >
        ind_sigacontrato = #record.indSigacontrato:CHAR#
      </isNotNull>
      <isNotNull prepend="," property="record.codSolicitud" >
        cod_solicitud = #record.codSolicitud:CHAR#
      </isNotNull>
      <isNotNull prepend="," property="record.numPuesto" >
        num_puesto = #record.numPuesto:INTEGER#
      </isNotNull>
      <isNotNull prepend="," property="record.indDescarga" >
        ind_descarga = #record.indDescarga:CHAR#
      </isNotNull>
      <isNotNull prepend="," property="record.indDerechohab" >
        ind_derechohab = #record.indDerechohab:CHAR#
      </isNotNull>
      <isNotNull prepend="," property="record.indBancos" >
        ind_bancos = #record.indBancos:CHAR#
      </isNotNull>
      <isNotNull prepend="," property="record.indBancocts" >
        ind_bancocts = #record.indBancocts:CHAR#
      </isNotNull>
      <isNotNull prepend="," property="record.indRegimen" >
        ind_regimen = #record.indRegimen:CHAR#
      </isNotNull>
      <isNotNull prepend="," property="record.indQuinta" >
        ind_quinta = #record.indQuinta:CHAR#
      </isNotNull>
      <isNotNull prepend="," property="record.indEnvio" >
        ind_envio = #record.indEnvio:CHAR#
      </isNotNull>
      <isNotNull prepend="," property="record.fecEnvio" >
        fec_envio = #record.fecEnvio:TIMESTAMP#
      </isNotNull>
    </dynamic>
    <isParameterPresent >
      <include refid="t9369detallefase.Example_Where_Clause" />
    </isParameterPresent>
  </update>
  
  <update id="updateByExample" >
    update t9369detallefase
    set cod_cat = #record.codCat:SMALLINT#,
      cod_fase = #record.codFase:CHAR#,
      num_postulante = #record.numPostulante:INTEGER#,
      num_version = #record.numVersion:SMALLINT#,
      cod_resultado = #record.codResultado:CHAR#,
      val_resultado = #record.valResultado:DECIMAL#,
      des_resultado = #record.desResultado:VARCHAR#,
      ind_del = #record.indDel:CHAR#,
      cod_usuregis = #record.codUsuregis:VARCHAR#,
      fec_regis = #record.fecRegis:TIMESTAMP#,
      cod_usumodif = #record.codUsumodif:VARCHAR#,
      fec_modif = #record.fecModif:TIMESTAMP#,
      cod_uuoo_destino = #record.codUuooDestino:VARCHAR#,
      ind_sigacontrato = #record.indSigacontrato:CHAR#,
      cod_solicitud = #record.codSolicitud:CHAR#,
      num_puesto = #record.numPuesto:INTEGER#,
      ind_descarga = #record.indDescarga:CHAR#,
      ind_derechohab = #record.indDerechohab:CHAR#,
      ind_bancos = #record.indBancos:CHAR#,
      ind_bancocts = #record.indBancocts:CHAR#,
      ind_regimen = #record.indRegimen:CHAR#,
      ind_quinta = #record.indQuinta:CHAR#,
      ind_envio = #record.indEnvio:CHAR#,
      fec_envio = #record.fecEnvio:TIMESTAMP#
    <isParameterPresent >
      <include refid="t9369detallefase.Example_Where_Clause" />
    </isParameterPresent>
  </update>
  
  <update id="updateByPrimaryKeySelective" parameterClass="pe.gob.sunat.recurso2.humano.decljurada.model.DetalleFaseSel" >
    update t9369detallefase
    <dynamic prepend="set" >
      <isNotNull prepend="," property="numVersion" >
        num_version = #numVersion:SMALLINT#
      </isNotNull>
      <isNotNull prepend="," property="codResultado" >
        cod_resultado = #codResultado:CHAR#
      </isNotNull>
      <isNotNull prepend="," property="valResultado" >
        val_resultado = #valResultado:DECIMAL#
      </isNotNull>
      <isNotNull prepend="," property="desResultado" >
        des_resultado = #desResultado:VARCHAR#
      </isNotNull>
      <isNotNull prepend="," property="indDel" >
        ind_del = #indDel:CHAR#
      </isNotNull>
      <isNotNull prepend="," property="codUsuregis" >
        cod_usuregis = #codUsuregis:VARCHAR#
      </isNotNull>
      <isNotNull prepend="," property="fecRegis" >
        fec_regis = #fecRegis:TIMESTAMP#
      </isNotNull>
      <isNotNull prepend="," property="codUsumodif" >
        cod_usumodif = #codUsumodif:VARCHAR#
      </isNotNull>
      <isNotNull prepend="," property="fecModif" >
        fec_modif = #fecModif:TIMESTAMP#
      </isNotNull>
      <isNotNull prepend="," property="codUuooDestino" >
        cod_uuoo_destino = #codUuooDestino:VARCHAR#
      </isNotNull>
      <isNotNull prepend="," property="indSigacontrato" >
        ind_sigacontrato = #indSigacontrato:CHAR#
      </isNotNull>
      <isNotNull prepend="," property="codSolicitud" >
        cod_solicitud = #codSolicitud:CHAR#
      </isNotNull>
      <isNotNull prepend="," property="numPuesto" >
        num_puesto = #numPuesto:INTEGER#
      </isNotNull>
      <isNotNull prepend="," property="indDescarga" >
        ind_descarga = #indDescarga:CHAR#
      </isNotNull>
      <isNotNull prepend="," property="indDerechohab" >
        ind_derechohab = #indDerechohab:CHAR#
      </isNotNull>
      <isNotNull prepend="," property="indBancos" >
        ind_bancos = #indBancos:CHAR#
      </isNotNull>
      <isNotNull prepend="," property="indBancocts" >
        ind_bancocts = #indBancocts:CHAR#
      </isNotNull>
      <isNotNull prepend="," property="indRegimen" >
        ind_regimen = #indRegimen:CHAR#
      </isNotNull>
      <isNotNull prepend="," property="indQuinta" >
        ind_quinta = #indQuinta:CHAR#
      </isNotNull>
      <isNotNull prepend="," property="indEnvio" >
        ind_envio = #indEnvio:CHAR#
      </isNotNull>
      <isNotNull prepend="," property="fecEnvio" >
        fec_envio = #fecEnvio:TIMESTAMP#
      </isNotNull>
    </dynamic>
    where cod_cat = #codCat:SMALLINT#
      and cod_fase = #codFase:CHAR#
      and num_postulante = #numPostulante:INTEGER#
  </update>
  
  <update id="updateByPrimaryKey" parameterClass="pe.gob.sunat.recurso2.humano.decljurada.model.DetalleFaseSel" >
    update t9369detallefase
    set num_version = #numVersion:SMALLINT#,
      cod_resultado = #codResultado:CHAR#,
      val_resultado = #valResultado:DECIMAL#,
      des_resultado = #desResultado:VARCHAR#,
      ind_del = #indDel:CHAR#,
      cod_usuregis = #codUsuregis:VARCHAR#,
      fec_regis = #fecRegis:TIMESTAMP#,
      cod_usumodif = #codUsumodif:VARCHAR#,
      fec_modif = #fecModif:TIMESTAMP#,
      cod_uuoo_destino = #codUuooDestino:VARCHAR#,
      ind_sigacontrato = #indSigacontrato:CHAR#,
      cod_solicitud = #codSolicitud:CHAR#,
      num_puesto = #numPuesto:INTEGER#,
      ind_descarga = #indDescarga:CHAR#,
      ind_derechohab = #indDerechohab:CHAR#,
      ind_bancos = #indBancos:CHAR#,
      ind_bancocts = #indBancocts:CHAR#,
      ind_regimen = #indRegimen:CHAR#,
      ind_quinta = #indQuinta:CHAR#,
      ind_envio = #indEnvio:CHAR#,
      fec_envio = #fecEnvio:TIMESTAMP#
    where cod_cat = #codCat:SMALLINT#
      and cod_fase = #codFase:CHAR#
      and num_postulante = #numPostulante:INTEGER#
  </update>
  
</sqlMap>