<?xml version="1.0" encoding="UTF-8" ?>
<!DOCTYPE sqlMap PUBLIC "-//ibatis.apache.org//DTD SQL Map 2.0//EN" "http://ibatis.apache.org/dtd/sql-map-2.dtd" >
<sqlMap namespace="t99codigos" >
  <resultMap id="BaseResultMap" class="pe.gob.sunat.recurso2.humano.decljurada.model.Codigo" >
    <result column="t99cod_tab" property="t99codTab" jdbcType="CHAR" />
    <result column="t99tip_desc" property="t99tipDesc" jdbcType="CHAR" />
    <result column="t99codigo" property="t99codigo" jdbcType="CHAR" />
    <result column="t99descrip" property="t99descrip" jdbcType="VARCHAR" />
    <result column="t99abrev" property="t99abrev" jdbcType="VARCHAR" />
    <result column="t99siglas" property="t99siglas" jdbcType="CHAR" />
    <result column="t99tipo" property="t99tipo" jdbcType="CHAR" />
    <result column="t99estado" property="t99estado" jdbcType="CHAR" />
    <result column="t99cod_user" property="t99codUser" jdbcType="CHAR" />
    <result column="t99_factual" property="t99Factual" jdbcType="TIMESTAMP" />
    <result column="t99_modulo" property="t99Modulo" jdbcType="CHAR" />
    <result column="cod_clasif1" property="codClasif1" jdbcType="CHAR" />
    <result column="cod_clasif2" property="codClasif2" jdbcType="CHAR" />
  </resultMap>
  
  <sql id="Example_Where_Clause" >
    <iterate property="oredCriteria" conjunction="or" prepend="where" removeFirstPrepend="iterate" >
      <isEqual property="oredCriteria[].valid" compareValue="true" >
        (
        <iterate prepend="and" property="oredCriteria[].criteriaWithoutValue" conjunction="and" >
          $oredCriteria[].criteriaWithoutValue[]$
        </iterate>
        <iterate prepend="and" property="oredCriteria[].criteriaWithSingleValue" conjunction="and" >
          $oredCriteria[].criteriaWithSingleValue[].condition$
            #oredCriteria[].criteriaWithSingleValue[].value#
        </iterate>
        <iterate prepend="and" property="oredCriteria[].criteriaWithListValue" conjunction="and" >
          $oredCriteria[].criteriaWithListValue[].condition$
          <iterate property="oredCriteria[].criteriaWithListValue[].values" open="(" close=")" conjunction="," >
            #oredCriteria[].criteriaWithListValue[].values[]#
          </iterate>
        </iterate>
        <iterate prepend="and" property="oredCriteria[].criteriaWithBetweenValue" conjunction="and" >
          $oredCriteria[].criteriaWithBetweenValue[].condition$
          #oredCriteria[].criteriaWithBetweenValue[].values[0]# and
          #oredCriteria[].criteriaWithBetweenValue[].values[1]#
        </iterate>
        )
      </isEqual>
    </iterate>
  </sql>
  
  <select id="selectByExample" resultMap="BaseResultMap" parameterClass="pe.gob.sunat.recurso2.humano.decljurada.model.CodigoExample" >
    select t99cod_tab, t99tip_desc, t99codigo, t99descrip, t99abrev, t99siglas, t99tipo, t99estado,
      t99cod_user, t99_factual, t99_modulo, cod_clasif1, cod_clasif2
    from t99codigos
    <isParameterPresent >
      <include refid="t99codigos.Example_Where_Clause" />
      <isNotNull property="orderByClause" >
        order by $orderByClause$
      </isNotNull>
    </isParameterPresent>
  </select>
  
  <delete id="deleteByExample" parameterClass="pe.gob.sunat.recurso2.humano.decljurada.model.CodigoExample" >
    delete from t99codigos
    <include refid="t99codigos.Example_Where_Clause" />
  </delete>
  
  <insert id="insert" parameterClass="pe.gob.sunat.recurso2.humano.decljurada.model.Codigo" >
    insert into t99codigos (t99cod_tab, t99tip_desc, t99codigo, t99descrip, t99abrev, t99siglas,
      t99tipo, t99estado, t99cod_user, t99_factual, t99_modulo, cod_clasif1, cod_clasif2)
    values (#t99codTab:CHAR#, #t99tipDesc:CHAR#, #t99codigo:CHAR#, #t99descrip:VARCHAR#,
      #t99abrev:VARCHAR#, #t99siglas:CHAR#, #t99tipo:CHAR#, #t99estado:CHAR#, #t99codUser:CHAR#,
      #t99Factual:TIMESTAMP#, #t99Modulo:CHAR#, #codClasif1:CHAR#, #codClasif2:CHAR#)
  </insert>
  
  <insert id="insertSelective" parameterClass="pe.gob.sunat.recurso2.humano.decljurada.model.Codigo" >
    insert into t99codigos
    <dynamic prepend="(" >
      <isNotNull prepend="," property="t99codTab" >
        t99cod_tab
      </isNotNull>
      <isNotNull prepend="," property="t99tipDesc" >
        t99tip_desc
      </isNotNull>
      <isNotNull prepend="," property="t99codigo" >
        t99codigo
      </isNotNull>
      <isNotNull prepend="," property="t99descrip" >
        t99descrip
      </isNotNull>
      <isNotNull prepend="," property="t99abrev" >
        t99abrev
      </isNotNull>
      <isNotNull prepend="," property="t99siglas" >
        t99siglas
      </isNotNull>
      <isNotNull prepend="," property="t99tipo" >
        t99tipo
      </isNotNull>
      <isNotNull prepend="," property="t99estado" >
        t99estado
      </isNotNull>
      <isNotNull prepend="," property="t99codUser" >
        t99cod_user
      </isNotNull>
      <isNotNull prepend="," property="t99Factual" >
        t99_factual
      </isNotNull>
      <isNotNull prepend="," property="t99Modulo" >
        t99_modulo
      </isNotNull>
      <isNotNull prepend="," property="codClasif1" >
        cod_clasif1
      </isNotNull>
      <isNotNull prepend="," property="codClasif2" >
        cod_clasif2
      </isNotNull>
      )
    </dynamic>
    values
    <dynamic prepend="(" >
      <isNotNull prepend="," property="t99codTab" >
        #t99codTab:CHAR#
      </isNotNull>
      <isNotNull prepend="," property="t99tipDesc" >
        #t99tipDesc:CHAR#
      </isNotNull>
      <isNotNull prepend="," property="t99codigo" >
        #t99codigo:CHAR#
      </isNotNull>
      <isNotNull prepend="," property="t99descrip" >
        #t99descrip:VARCHAR#
      </isNotNull>
      <isNotNull prepend="," property="t99abrev" >
        #t99abrev:VARCHAR#
      </isNotNull>
      <isNotNull prepend="," property="t99siglas" >
        #t99siglas:CHAR#
      </isNotNull>
      <isNotNull prepend="," property="t99tipo" >
        #t99tipo:CHAR#
      </isNotNull>
      <isNotNull prepend="," property="t99estado" >
        #t99estado:CHAR#
      </isNotNull>
      <isNotNull prepend="," property="t99codUser" >
        #t99codUser:CHAR#
      </isNotNull>
      <isNotNull prepend="," property="t99Factual" >
        #t99Factual:TIMESTAMP#
      </isNotNull>
      <isNotNull prepend="," property="t99Modulo" >
        #t99Modulo:CHAR#
      </isNotNull>
      <isNotNull prepend="," property="codClasif1" >
        #codClasif1:CHAR#
      </isNotNull>
      <isNotNull prepend="," property="codClasif2" >
        #codClasif2:CHAR#
      </isNotNull>
      )
    </dynamic>
  </insert>
  
  <select id="countByExample" parameterClass="pe.gob.sunat.recurso2.humano.decljurada.model.CodigoExample" resultClass="java.lang.Integer" >
    select count(*) from t99codigos
    <include refid="t99codigos.Example_Where_Clause" />
  </select>
  
  <update id="updateByExampleSelective" >
    update t99codigos
    <dynamic prepend="set" >
      <isNotNull prepend="," property="record.t99codTab" >
        t99cod_tab = #record.t99codTab:CHAR#
      </isNotNull>
      <isNotNull prepend="," property="record.t99tipDesc" >
        t99tip_desc = #record.t99tipDesc:CHAR#
      </isNotNull>
      <isNotNull prepend="," property="record.t99codigo" >
        t99codigo = #record.t99codigo:CHAR#
      </isNotNull>
      <isNotNull prepend="," property="record.t99descrip" >
        t99descrip = #record.t99descrip:VARCHAR#
      </isNotNull>
      <isNotNull prepend="," property="record.t99abrev" >
        t99abrev = #record.t99abrev:VARCHAR#
      </isNotNull>
      <isNotNull prepend="," property="record.t99siglas" >
        t99siglas = #record.t99siglas:CHAR#
      </isNotNull>
      <isNotNull prepend="," property="record.t99tipo" >
        t99tipo = #record.t99tipo:CHAR#
      </isNotNull>
      <isNotNull prepend="," property="record.t99estado" >
        t99estado = #record.t99estado:CHAR#
      </isNotNull>
      <isNotNull prepend="," property="record.t99codUser" >
        t99cod_user = #record.t99codUser:CHAR#
      </isNotNull>
      <isNotNull prepend="," property="record.t99Factual" >
        t99_factual = #record.t99Factual:TIMESTAMP#
      </isNotNull>
      <isNotNull prepend="," property="record.t99Modulo" >
        t99_modulo = #record.t99Modulo:CHAR#
      </isNotNull>
      <isNotNull prepend="," property="record.codClasif1" >
        cod_clasif1 = #record.codClasif1:CHAR#
      </isNotNull>
      <isNotNull prepend="," property="record.codClasif2" >
        cod_clasif2 = #record.codClasif2:CHAR#
      </isNotNull>
    </dynamic>
    <isParameterPresent >
      <include refid="t99codigos.Example_Where_Clause" />
    </isParameterPresent>
  </update>
  
  <update id="updateByExample" >
    update t99codigos
    set t99cod_tab = #record.t99codTab:CHAR#,
      t99tip_desc = #record.t99tipDesc:CHAR#,
      t99codigo = #record.t99codigo:CHAR#,
      t99descrip = #record.t99descrip:VARCHAR#,
      t99abrev = #record.t99abrev:VARCHAR#,
      t99siglas = #record.t99siglas:CHAR#,
      t99tipo = #record.t99tipo:CHAR#,
      t99estado = #record.t99estado:CHAR#,
      t99cod_user = #record.t99codUser:CHAR#,
      t99_factual = #record.t99Factual:TIMESTAMP#,
      t99_modulo = #record.t99Modulo:CHAR#,
      cod_clasif1 = #record.codClasif1:CHAR#,
      cod_clasif2 = #record.codClasif2:CHAR#
    <isParameterPresent >
      <include refid="t99codigos.Example_Where_Clause" />
    </isParameterPresent>
  </update>
  
  <!-- personalizados -->
  
  <resultMap id="BaseResultMapBasic" class="pe.gob.sunat.recurso2.humano.decljurada.bean.Parametro" >
    <result column="codParametro" property="codParametro" jdbcType="VARCHAR" />
    <result column="desParametro" property="desParametro" jdbcType="VARCHAR" />
  </resultMap>
  
  <select id="selectByExampleBasic" resultMap="BaseResultMapBasic" parameterClass="pe.gob.sunat.recurso2.humano.decljurada.model.CodigoExample" >
    select     	
    	trim(t99codigo) as codParametro,
    	trim(t99descrip) as desParametro 
    from t99codigos
    <isParameterPresent >
      <include refid="t99codigos.Example_Where_Clause" />
      <isNotNull property="orderByClause" >
        order by $orderByClause$
      </isNotNull>
    </isParameterPresent>
  </select>
  
</sqlMap>