<?xml version="1.0" encoding="UTF-8" ?>
<!DOCTYPE sqlMap PUBLIC "-//ibatis.apache.org//DTD SQL Map 2.0//EN" "http://ibatis.apache.org/dtd/sql-map-2.dtd" >
<sqlMap namespace="telefonos" >
  <resultMap id="BaseResultMap" class="pe.gob.sunat.recurso2.humano.decljurada.model.TelefonoEmpl" >
    <result column="cod_pers" property="codPers" jdbcType="CHAR" />
    <result column="numero" property="numero" jdbcType="CHAR" />
    <result column="tip_linea" property="tipLinea" jdbcType="CHAR" />
    <result column="cod_uorgan" property="codUorgan" jdbcType="CHAR" />
    <result column="cod_local" property="codLocal" jdbcType="CHAR" />
    <result column="piso" property="piso" jdbcType="CHAR" />
  </resultMap>
  
  <sql id="Example_Where_Clause" >
    <iterate property="oredCriteria" conjunction="or" prepend="where" removeFirstPrepend="iterate" >
      <isEqual property="oredCriteria[].valid" compareValue="true" >
        (
        <iterate prepend="and" property="oredCriteria[].criteriaWithoutValue" conjunction="and" >
          $oredCriteria[].criteriaWithoutValue[]$
        </iterate>
        <iterate prepend="and" property="oredCriteria[].criteriaWithSingleValue" conjunction="and" >
          $oredCriteria[].criteriaWithSingleValue[].condition$
            #oredCriteria[].criteriaWithSingleValue[].value#
        </iterate>
        <iterate prepend="and" property="oredCriteria[].criteriaWithListValue" conjunction="and" >
          $oredCriteria[].criteriaWithListValue[].condition$
          <iterate property="oredCriteria[].criteriaWithListValue[].values" open="(" close=")" conjunction="," >
            #oredCriteria[].criteriaWithListValue[].values[]#
          </iterate>
        </iterate>
        <iterate prepend="and" property="oredCriteria[].criteriaWithBetweenValue" conjunction="and" >
          $oredCriteria[].criteriaWithBetweenValue[].condition$
          #oredCriteria[].criteriaWithBetweenValue[].values[0]# and
          #oredCriteria[].criteriaWithBetweenValue[].values[1]#
        </iterate>
        )
      </isEqual>
    </iterate>
  </sql>
  
  <select id="selectByExample" resultMap="BaseResultMap" parameterClass="pe.gob.sunat.recurso2.humano.decljurada.model.TelefonoEmplExample" >
    select cod_pers, numero, tip_linea, cod_uorgan, cod_local, piso
    from telefonos
    <isParameterPresent >
      <include refid="telefonos.Example_Where_Clause" />
      <isNotNull property="orderByClause" >
        order by $orderByClause$
      </isNotNull>
    </isParameterPresent>
  </select>
  
  <select id="selectByPrimaryKey" resultMap="BaseResultMap" parameterClass="pe.gob.sunat.recurso2.humano.decljurada.model.TelefonoEmplKey" >
    select cod_pers, numero, tip_linea, cod_uorgan, cod_local, piso
    from telefonos
    where cod_pers = #codPers:CHAR#
      and numero = #numero:CHAR#
      and tip_linea = #tipLinea:CHAR#
  </select>
  
  <delete id="deleteByPrimaryKey" parameterClass="pe.gob.sunat.recurso2.humano.decljurada.model.TelefonoEmplKey" >
    delete from telefonos
    where cod_pers = #codPers:CHAR#
      and numero = #numero:CHAR#
      and tip_linea = #tipLinea:CHAR#
  </delete>
  
  <delete id="deleteByExample" parameterClass="pe.gob.sunat.recurso2.humano.decljurada.model.TelefonoEmplExample" >
    delete from telefonos
    <include refid="telefonos.Example_Where_Clause" />
  </delete>
  
  <insert id="insert" parameterClass="pe.gob.sunat.recurso2.humano.decljurada.model.TelefonoEmpl" >
    insert into telefonos (cod_pers, numero, tip_linea, cod_uorgan, cod_local, piso)
    values (#codPers:CHAR#, #numero:CHAR#, #tipLinea:CHAR#, #codUorgan:CHAR#, #codLocal:CHAR#,
      #piso:CHAR#)
  </insert>
  
  <insert id="insertSelective" parameterClass="pe.gob.sunat.recurso2.humano.decljurada.model.TelefonoEmpl" >
    insert into telefonos
    <dynamic prepend="(" >
      <isNotNull prepend="," property="codPers" >
        cod_pers
      </isNotNull>
      <isNotNull prepend="," property="numero" >
        numero
      </isNotNull>
      <isNotNull prepend="," property="tipLinea" >
        tip_linea
      </isNotNull>
      <isNotNull prepend="," property="codUorgan" >
        cod_uorgan
      </isNotNull>
      <isNotNull prepend="," property="codLocal" >
        cod_local
      </isNotNull>
      <isNotNull prepend="," property="piso" >
        piso
      </isNotNull>
      )
    </dynamic>
    values
    <dynamic prepend="(" >
      <isNotNull prepend="," property="codPers" >
        #codPers:CHAR#
      </isNotNull>
      <isNotNull prepend="," property="numero" >
        #numero:CHAR#
      </isNotNull>
      <isNotNull prepend="," property="tipLinea" >
        #tipLinea:CHAR#
      </isNotNull>
      <isNotNull prepend="," property="codUorgan" >
        #codUorgan:CHAR#
      </isNotNull>
      <isNotNull prepend="," property="codLocal" >
        #codLocal:CHAR#
      </isNotNull>
      <isNotNull prepend="," property="piso" >
        #piso:CHAR#
      </isNotNull>
      )
    </dynamic>
  </insert>
  
  <select id="countByExample" parameterClass="pe.gob.sunat.recurso2.humano.decljurada.model.TelefonoEmplExample" resultClass="java.lang.Integer" >
    select count(*) from telefonos
    <include refid="telefonos.Example_Where_Clause" />
  </select>
  
  <update id="updateByExampleSelective" >
    update telefonos
    <dynamic prepend="set" >
      <isNotNull prepend="," property="record.codPers" >
        cod_pers = #record.codPers:CHAR#
      </isNotNull>
      <isNotNull prepend="," property="record.numero" >
        numero = #record.numero:CHAR#
      </isNotNull>
      <isNotNull prepend="," property="record.tipLinea" >
        tip_linea = #record.tipLinea:CHAR#
      </isNotNull>
      <isNotNull prepend="," property="record.codUorgan" >
        cod_uorgan = #record.codUorgan:CHAR#
      </isNotNull>
      <isNotNull prepend="," property="record.codLocal" >
        cod_local = #record.codLocal:CHAR#
      </isNotNull>
      <isNotNull prepend="," property="record.piso" >
        piso = #record.piso:CHAR#
      </isNotNull>
    </dynamic>
    <isParameterPresent >
      <include refid="telefonos.Example_Where_Clause" />
    </isParameterPresent>
  </update>
  
  <update id="updateByExample" >
    update telefonos
    set cod_pers = #record.codPers:CHAR#,
      numero = #record.numero:CHAR#,
      tip_linea = #record.tipLinea:CHAR#,
      cod_uorgan = #record.codUorgan:CHAR#,
      cod_local = #record.codLocal:CHAR#,
      piso = #record.piso:CHAR#
    <isParameterPresent >
      <include refid="telefonos.Example_Where_Clause" />
    </isParameterPresent>
  </update>
  
  <update id="updateByPrimaryKeySelective" parameterClass="pe.gob.sunat.recurso2.humano.decljurada.model.TelefonoEmpl" >
    update telefonos
    <dynamic prepend="set" >
      <isNotNull prepend="," property="codUorgan" >
        cod_uorgan = #codUorgan:CHAR#
      </isNotNull>
      <isNotNull prepend="," property="codLocal" >
        cod_local = #codLocal:CHAR#
      </isNotNull>
      <isNotNull prepend="," property="piso" >
        piso = #piso:CHAR#
      </isNotNull>
    </dynamic>
    where cod_pers = #codPers:CHAR#
      and numero = #numero:CHAR#
      and tip_linea = #tipLinea:CHAR#
  </update>
  
  <update id="updateByPrimaryKey" parameterClass="pe.gob.sunat.recurso2.humano.decljurada.model.TelefonoEmpl" >
    update telefonos
    set cod_uorgan = #codUorgan:CHAR#,
      cod_local = #codLocal:CHAR#,
      piso = #piso:CHAR#
    where cod_pers = #codPers:CHAR#
      and numero = #numero:CHAR#
      and tip_linea = #tipLinea:CHAR#
  </update>
  
</sqlMap>