<?xml version="1.0" encoding="UTF-8" ?>
<!DOCTYPE sqlMap PUBLIC "-//ibatis.apache.org//DTD SQL Map 2.0//EN" "http://ibatis.apache.org/dtd/sql-map-2.dtd" >
<sqlMap namespace="TIPOS_DOCUMENTOS_IDENTIDAD" >
  <resultMap id="BaseResultMap" class="pe.gob.sunat.recurso2.humano.decljurada.model.TipoDocumSiga" >
    <result column="TIPO_DOCU_IDE" property="tipoDocuIde" jdbcType="CHAR" />
    <result column="NOMB_DOCU_IDE" property="nombDocuIde" jdbcType="VARCHAR" />
    <result column="LONG_DOCU_IDE" property="longDocuIde" jdbcType="DECIMAL" />
    <result column="CODIGO_MEF" property="codigoMef" jdbcType="CHAR" />
    <result column="USER_CREA" property="userCrea" jdbcType="VARCHAR" />
    <result column="FECH_CREA" property="fechCrea" jdbcType="DATE" />
    <result column="USER_MODI" property="userModi" jdbcType="VARCHAR" />
    <result column="FECH_MODI" property="fechModi" jdbcType="DATE" />
    <result column="COD_RENIEC" property="codReniec" jdbcType="CHAR" />
    <result column="DES_RENIEC" property="desReniec" jdbcType="VARCHAR" />
    <result column="COD_SIRH" property="codSirh" jdbcType="CHAR" />
    <result column="COD_DDS" property="codDds" jdbcType="CHAR" />
  </resultMap>
  
  <sql id="Example_Where_Clause" >
    <iterate property="oredCriteria" conjunction="or" prepend="where" removeFirstPrepend="iterate" >
      <isEqual property="oredCriteria[].valid" compareValue="true" >
        (
        <iterate prepend="and" property="oredCriteria[].criteriaWithoutValue" conjunction="and" >
          $oredCriteria[].criteriaWithoutValue[]$
        </iterate>
        <iterate prepend="and" property="oredCriteria[].criteriaWithSingleValue" conjunction="and" >
          $oredCriteria[].criteriaWithSingleValue[].condition$
            #oredCriteria[].criteriaWithSingleValue[].value#
        </iterate>
        <iterate prepend="and" property="oredCriteria[].criteriaWithListValue" conjunction="and" >
          $oredCriteria[].criteriaWithListValue[].condition$
          <iterate property="oredCriteria[].criteriaWithListValue[].values" open="(" close=")" conjunction="," >
            #oredCriteria[].criteriaWithListValue[].values[]#
          </iterate>
        </iterate>
        <iterate prepend="and" property="oredCriteria[].criteriaWithBetweenValue" conjunction="and" >
          $oredCriteria[].criteriaWithBetweenValue[].condition$
          #oredCriteria[].criteriaWithBetweenValue[].values[0]# and
          #oredCriteria[].criteriaWithBetweenValue[].values[1]#
        </iterate>
        )
      </isEqual>
    </iterate>
  </sql>
  
  <select id="selectByExample" resultMap="BaseResultMap" parameterClass="pe.gob.sunat.recurso2.humano.decljurada.model.TipoDocumSigaExample" >
    select TIPO_DOCU_IDE, NOMB_DOCU_IDE, LONG_DOCU_IDE, CODIGO_MEF, USER_CREA, FECH_CREA, USER_MODI,
      FECH_MODI, COD_RENIEC, DES_RENIEC, COD_SIRH, COD_DDS
    from TIPOS_DOCUMENTOS_IDENTIDAD
    <isParameterPresent >
      <include refid="TIPOS_DOCUMENTOS_IDENTIDAD.Example_Where_Clause" />
      <isNotNull property="orderByClause" >
        order by $orderByClause$
      </isNotNull>
    </isParameterPresent>
  </select>
  
  <select id="selectByPrimaryKey" resultMap="BaseResultMap" parameterClass="pe.gob.sunat.recurso2.humano.decljurada.model.TipoDocumSiga" >
    select TIPO_DOCU_IDE, NOMB_DOCU_IDE, LONG_DOCU_IDE, CODIGO_MEF, USER_CREA, FECH_CREA, USER_MODI,
      FECH_MODI, COD_RENIEC, DES_RENIEC, COD_SIRH, COD_DDS
    from TIPOS_DOCUMENTOS_IDENTIDAD
    where TIPO_DOCU_IDE = #tipoDocuIde:CHAR#
  </select>
  
  <delete id="deleteByPrimaryKey" parameterClass="pe.gob.sunat.recurso2.humano.decljurada.model.TipoDocumSiga" >
    delete from TIPOS_DOCUMENTOS_IDENTIDAD
    where TIPO_DOCU_IDE = #tipoDocuIde:CHAR#
  </delete>
  
  <delete id="deleteByExample" parameterClass="pe.gob.sunat.recurso2.humano.decljurada.model.TipoDocumSigaExample" >
    delete from TIPOS_DOCUMENTOS_IDENTIDAD
    <include refid="TIPOS_DOCUMENTOS_IDENTIDAD.Example_Where_Clause" />
  </delete>
  
  <insert id="insert" parameterClass="pe.gob.sunat.recurso2.humano.decljurada.model.TipoDocumSiga" >
    insert into TIPOS_DOCUMENTOS_IDENTIDAD (TIPO_DOCU_IDE, NOMB_DOCU_IDE, LONG_DOCU_IDE, CODIGO_MEF,
      USER_CREA, FECH_CREA, USER_MODI, FECH_MODI, COD_RENIEC, DES_RENIEC, COD_SIRH, COD_DDS)
    values (#tipoDocuIde:CHAR#, #nombDocuIde:VARCHAR#, #longDocuIde:DECIMAL#, #codigoMef:CHAR#,
      #userCrea:VARCHAR#, #fechCrea:DATE#, #userModi:VARCHAR#, #fechModi:DATE#, #codReniec:CHAR#,
      #desReniec:VARCHAR#, #codSirh:CHAR#, #codDds:CHAR#)
  </insert>
  
  <insert id="insertSelective" parameterClass="pe.gob.sunat.recurso2.humano.decljurada.model.TipoDocumSiga" >
    insert into TIPOS_DOCUMENTOS_IDENTIDAD
    <dynamic prepend="(" >
      <isNotNull prepend="," property="tipoDocuIde" >
        TIPO_DOCU_IDE
      </isNotNull>
      <isNotNull prepend="," property="nombDocuIde" >
        NOMB_DOCU_IDE
      </isNotNull>
      <isNotNull prepend="," property="longDocuIde" >
        LONG_DOCU_IDE
      </isNotNull>
      <isNotNull prepend="," property="codigoMef" >
        CODIGO_MEF
      </isNotNull>
      <isNotNull prepend="," property="userCrea" >
        USER_CREA
      </isNotNull>
      <isNotNull prepend="," property="fechCrea" >
        FECH_CREA
      </isNotNull>
      <isNotNull prepend="," property="userModi" >
        USER_MODI
      </isNotNull>
      <isNotNull prepend="," property="fechModi" >
        FECH_MODI
      </isNotNull>
      <isNotNull prepend="," property="codReniec" >
        COD_RENIEC
      </isNotNull>
      <isNotNull prepend="," property="desReniec" >
        DES_RENIEC
      </isNotNull>
      <isNotNull prepend="," property="codSirh" >
        COD_SIRH
      </isNotNull>
      <isNotNull prepend="," property="codDds" >
        COD_DDS
      </isNotNull>
      )
    </dynamic>
    values
    <dynamic prepend="(" >
      <isNotNull prepend="," property="tipoDocuIde" >
        #tipoDocuIde:CHAR#
      </isNotNull>
      <isNotNull prepend="," property="nombDocuIde" >
        #nombDocuIde:VARCHAR#
      </isNotNull>
      <isNotNull prepend="," property="longDocuIde" >
        #longDocuIde:DECIMAL#
      </isNotNull>
      <isNotNull prepend="," property="codigoMef" >
        #codigoMef:CHAR#
      </isNotNull>
      <isNotNull prepend="," property="userCrea" >
        #userCrea:VARCHAR#
      </isNotNull>
      <isNotNull prepend="," property="fechCrea" >
        #fechCrea:DATE#
      </isNotNull>
      <isNotNull prepend="," property="userModi" >
        #userModi:VARCHAR#
      </isNotNull>
      <isNotNull prepend="," property="fechModi" >
        #fechModi:DATE#
      </isNotNull>
      <isNotNull prepend="," property="codReniec" >
        #codReniec:CHAR#
      </isNotNull>
      <isNotNull prepend="," property="desReniec" >
        #desReniec:VARCHAR#
      </isNotNull>
      <isNotNull prepend="," property="codSirh" >
        #codSirh:CHAR#
      </isNotNull>
      <isNotNull prepend="," property="codDds" >
        #codDds:CHAR#
      </isNotNull>
      )
    </dynamic>
  </insert>
  
  <select id="countByExample" parameterClass="pe.gob.sunat.recurso2.humano.decljurada.model.TipoDocumSigaExample" resultClass="java.lang.Integer" >
    select count(*) from TIPOS_DOCUMENTOS_IDENTIDAD
    <include refid="TIPOS_DOCUMENTOS_IDENTIDAD.Example_Where_Clause" />
  </select>
  
  <update id="updateByExampleSelective" >
    update TIPOS_DOCUMENTOS_IDENTIDAD
    <dynamic prepend="set" >
      <isNotNull prepend="," property="record.tipoDocuIde" >
        TIPO_DOCU_IDE = #record.tipoDocuIde:CHAR#
      </isNotNull>
      <isNotNull prepend="," property="record.nombDocuIde" >
        NOMB_DOCU_IDE = #record.nombDocuIde:VARCHAR#
      </isNotNull>
      <isNotNull prepend="," property="record.longDocuIde" >
        LONG_DOCU_IDE = #record.longDocuIde:DECIMAL#
      </isNotNull>
      <isNotNull prepend="," property="record.codigoMef" >
        CODIGO_MEF = #record.codigoMef:CHAR#
      </isNotNull>
      <isNotNull prepend="," property="record.userCrea" >
        USER_CREA = #record.userCrea:VARCHAR#
      </isNotNull>
      <isNotNull prepend="," property="record.fechCrea" >
        FECH_CREA = #record.fechCrea:DATE#
      </isNotNull>
      <isNotNull prepend="," property="record.userModi" >
        USER_MODI = #record.userModi:VARCHAR#
      </isNotNull>
      <isNotNull prepend="," property="record.fechModi" >
        FECH_MODI = #record.fechModi:DATE#
      </isNotNull>
      <isNotNull prepend="," property="record.codReniec" >
        COD_RENIEC = #record.codReniec:CHAR#
      </isNotNull>
      <isNotNull prepend="," property="record.desReniec" >
        DES_RENIEC = #record.desReniec:VARCHAR#
      </isNotNull>
      <isNotNull prepend="," property="record.codSirh" >
        COD_SIRH = #record.codSirh:CHAR#
      </isNotNull>
      <isNotNull prepend="," property="record.codDds" >
        COD_DDS = #record.codDds:CHAR#
      </isNotNull>
    </dynamic>
    <isParameterPresent >
      <include refid="TIPOS_DOCUMENTOS_IDENTIDAD.Example_Where_Clause" />
    </isParameterPresent>
  </update>
  
  <update id="updateByExample" >
    update TIPOS_DOCUMENTOS_IDENTIDAD
    set TIPO_DOCU_IDE = #record.tipoDocuIde:CHAR#,
      NOMB_DOCU_IDE = #record.nombDocuIde:VARCHAR#,
      LONG_DOCU_IDE = #record.longDocuIde:DECIMAL#,
      CODIGO_MEF = #record.codigoMef:CHAR#,
      USER_CREA = #record.userCrea:VARCHAR#,
      FECH_CREA = #record.fechCrea:DATE#,
      USER_MODI = #record.userModi:VARCHAR#,
      FECH_MODI = #record.fechModi:DATE#,
      COD_RENIEC = #record.codReniec:CHAR#,
      DES_RENIEC = #record.desReniec:VARCHAR#,
      COD_SIRH = #record.codSirh:CHAR#,
      COD_DDS = #record.codDds:CHAR#
    <isParameterPresent >
      <include refid="TIPOS_DOCUMENTOS_IDENTIDAD.Example_Where_Clause" />
    </isParameterPresent>
  </update>
  
  <update id="updateByPrimaryKeySelective" parameterClass="pe.gob.sunat.recurso2.humano.decljurada.model.TipoDocumSiga" >
    update TIPOS_DOCUMENTOS_IDENTIDAD
    <dynamic prepend="set" >
      <isNotNull prepend="," property="nombDocuIde" >
        NOMB_DOCU_IDE = #nombDocuIde:VARCHAR#
      </isNotNull>
      <isNotNull prepend="," property="longDocuIde" >
        LONG_DOCU_IDE = #longDocuIde:DECIMAL#
      </isNotNull>
      <isNotNull prepend="," property="codigoMef" >
        CODIGO_MEF = #codigoMef:CHAR#
      </isNotNull>
      <isNotNull prepend="," property="userCrea" >
        USER_CREA = #userCrea:VARCHAR#
      </isNotNull>
      <isNotNull prepend="," property="fechCrea" >
        FECH_CREA = #fechCrea:DATE#
      </isNotNull>
      <isNotNull prepend="," property="userModi" >
        USER_MODI = #userModi:VARCHAR#
      </isNotNull>
      <isNotNull prepend="," property="fechModi" >
        FECH_MODI = #fechModi:DATE#
      </isNotNull>
      <isNotNull prepend="," property="codReniec" >
        COD_RENIEC = #codReniec:CHAR#
      </isNotNull>
      <isNotNull prepend="," property="desReniec" >
        DES_RENIEC = #desReniec:VARCHAR#
      </isNotNull>
      <isNotNull prepend="," property="codSirh" >
        COD_SIRH = #codSirh:CHAR#
      </isNotNull>
      <isNotNull prepend="," property="codDds" >
        COD_DDS = #codDds:CHAR#
      </isNotNull>
    </dynamic>
    where TIPO_DOCU_IDE = #tipoDocuIde:CHAR#
  </update>
  
  <update id="updateByPrimaryKey" parameterClass="pe.gob.sunat.recurso2.humano.decljurada.model.TipoDocumSiga" >
    update TIPOS_DOCUMENTOS_IDENTIDAD
    set NOMB_DOCU_IDE = #nombDocuIde:VARCHAR#,
      LONG_DOCU_IDE = #longDocuIde:DECIMAL#,
      CODIGO_MEF = #codigoMef:CHAR#,
      USER_CREA = #userCrea:VARCHAR#,
      FECH_CREA = #fechCrea:DATE#,
      USER_MODI = #userModi:VARCHAR#,
      FECH_MODI = #fechModi:DATE#,
      COD_RENIEC = #codReniec:CHAR#,
      DES_RENIEC = #desReniec:VARCHAR#,
      COD_SIRH = #codSirh:CHAR#,
      COD_DDS = #codDds:CHAR#
    where TIPO_DOCU_IDE = #tipoDocuIde:CHAR#
  </update>
  
</sqlMap>