<?xml version="1.0" encoding="UTF-8"?>
<beans xmlns="http://www.springframework.org/schema/beans"
     xmlns:xsi="http://www.w3.org/2001/XMLSchema-instance"
     xmlns:context="http://www.springframework.org/schema/context"
     xmlns:jee="http://www.springframework.org/schema/jee"
     xsi:schemaLocation="http://www.springframework.org/schema/beans http://www.springframework.org/schema/beans/spring-beans-2.5.xsd
         http://www.springframework.org/schema/context http://www.springframework.org/schema/context/spring-context.xsd
         http://www.springframework.org/schema/jee http://www.springframework.org/schema/jee/spring-jee-2.5.xsd" default-lazy-init="true">

	<jee:jndi-lookup id="decljurada.spEscritura"    jndi-name="jdbc/dgsp" />
	<jee:jndi-lookup id="decljurada.sigEscritura"    jndi-name="jdbc/dcsig" />
	<jee:jndi-lookup id="decljurada.recaudaEscritura"    jndi-name="jdbc/dcrecauda0j" />
	<jee:jndi-lookup id="decljurada.telefEscritura"    jndi-name="jdbc/dgtelef" />
	
	<import resource="classpath:framework-data.xml"/>

	<bean id="sp.configlocation" class="java.lang.String" >
		<constructor-arg value="classpath:sql-map-config-sp.xml"/>
	</bean>
	<bean id="sig.configlocation" class="java.lang.String" >
		<constructor-arg value="classpath:sql-map-config-sig.xml"/>
	</bean>
	<bean id="recauda.configlocation" class="java.lang.String" >
		<constructor-arg value="classpath:sql-map-config-recauda.xml"/>
	</bean>
	<bean id="telef.configlocation" class="java.lang.String" >
		<constructor-arg value="classpath:sql-map-config-telef.xml"/>
	</bean>

	<bean id="decljurada.sp.sqlMapClientEscritura" class="org.springframework.orm.ibatis.SqlMapClientFactoryBean">
		<property name="configLocation" ref="sp.configlocation" />
		<property name="dataSource" ref="decljurada.spEscritura" />
	</bean>
	<bean id="decljurada.sig.sqlMapClientEscritura" class="org.springframework.orm.ibatis.SqlMapClientFactoryBean">
		<property name="configLocation" ref="sig.configlocation" />
		<property name="dataSource" ref="decljurada.sigEscritura" />
	</bean>
	<bean id="decljurada.recauda.sqlMapClientEscritura" class="org.springframework.orm.ibatis.SqlMapClientFactoryBean">
		<property name="configLocation" ref="recauda.configlocation" />
		<property name="dataSource" ref="decljurada.recaudaEscritura" />
	</bean>
	<bean id="decljurada.telef.sqlMapClientEscritura" class="org.springframework.orm.ibatis.SqlMapClientFactoryBean">
		<property name="configLocation" ref="telef.configlocation" />
		<property name="dataSource" ref="decljurada.telefEscritura" />
	</bean>

	<bean id="decljurada.spEscrituraBaseDAO" abstract="true">
		<property name="sqlMapClient" ref="decljurada.sp.sqlMapClientEscritura"/>
		<property name="dataSource" ref="decljurada.spEscritura"/>
	</bean>
	<bean id="decljurada.sigEscrituraBaseDAO" abstract="true">
		<property name="sqlMapClient" ref="decljurada.sig.sqlMapClientEscritura"/>
		<property name="dataSource" ref="decljurada.sigEscritura"/>
	</bean>
	<bean id="decljurada.recaudaEscrituraBaseDAO" abstract="true">
		<property name="sqlMapClient" ref="decljurada.recauda.sqlMapClientEscritura"/>
		<property name="dataSource" ref="decljurada.recaudaEscritura"/>
	</bean>
	<bean id="decljurada.telefEscrituraBaseDAO" abstract="true">
		<property name="sqlMapClient" ref="decljurada.telef.sqlMapClientEscritura"/>
		<property name="dataSource" ref="decljurada.telefEscritura"/>
	</bean>

	<bean id="decljurada.DeclaraColaboradorDAO" class="pe.gob.sunat.recurso2.humano.decljurada.model.dao.ibatis.SqlMapDeclaraColaboradorDAO" parent="decljurada.spEscrituraBaseDAO"/>
	<bean id="decljurada.ArchivoDAO" class="pe.gob.sunat.recurso2.humano.decljurada.model.dao.ibatis.SqlMapArchivoDAO" parent="decljurada.spEscrituraBaseDAO"/>
	<bean id="decljurada.SeguimientoDAO" class="pe.gob.sunat.recurso2.humano.decljurada.model.dao.ibatis.SqlMapSeguimientoDAO" parent="decljurada.spEscrituraBaseDAO"/>
	<bean id="decljurada.TemporalDAO" class="pe.gob.sunat.recurso2.humano.decljurada.model.dao.ibatis.SqlMapTemporalDAO" parent="decljurada.spEscrituraBaseDAO"/>
	<bean id="decljurada.DeclaraDerechohabDAO" class="pe.gob.sunat.recurso2.humano.decljurada.model.dao.ibatis.SqlMapDeclaraDerechohabDAO" parent="decljurada.spEscrituraBaseDAO"/>
	<bean id="decljurada.FormacionRtpsDAO" class="pe.gob.sunat.recurso2.humano.decljurada.model.dao.ibatis.SqlMapFormacionRtpsDAO" parent="decljurada.spEscrituraBaseDAO"/>
	<bean id="decljurada.ArchivoRtpsDAO" class="pe.gob.sunat.recurso2.humano.decljurada.model.dao.ibatis.SqlMapArchivoRtpsDAO" parent="decljurada.spEscrituraBaseDAO"/>
	<bean id="decljurada.Estructura04DAO" class="pe.gob.sunat.recurso2.humano.decljurada.model.dao.ibatis.SqlMapEstructura04DAO" parent="decljurada.spEscrituraBaseDAO"/>
	<bean id="decljurada.Estructura05DAO" class="pe.gob.sunat.recurso2.humano.decljurada.model.dao.ibatis.SqlMapEstructura05DAO" parent="decljurada.spEscrituraBaseDAO"/>
	<bean id="decljurada.Estructura11DAO" class="pe.gob.sunat.recurso2.humano.decljurada.model.dao.ibatis.SqlMapEstructura11DAO" parent="decljurada.spEscrituraBaseDAO"/>
	<bean id="decljurada.Estructura13DAO" class="pe.gob.sunat.recurso2.humano.decljurada.model.dao.ibatis.SqlMapEstructura13DAO" parent="decljurada.spEscrituraBaseDAO"/>
	<bean id="decljurada.Estructura17DAO" class="pe.gob.sunat.recurso2.humano.decljurada.model.dao.ibatis.SqlMapEstructura17DAO" parent="decljurada.spEscrituraBaseDAO"/>
	<bean id="decljurada.Estructura24DAO" class="pe.gob.sunat.recurso2.humano.decljurada.model.dao.ibatis.SqlMapEstructura24DAO" parent="decljurada.spEscrituraBaseDAO"/>
	<bean id="decljurada.CodigoDAO" class="pe.gob.sunat.recurso2.humano.decljurada.model.dao.ibatis.SqlMapCodigoDAO" parent="decljurada.spEscrituraBaseDAO"/>
	<bean id="decljurada.CorreoDAO" class="pe.gob.sunat.recurso2.humano.decljurada.model.dao.ibatis.SqlMapCorreoDAO" parent="decljurada.spEscrituraBaseDAO"/>
	<bean id="decljurada.PersonaDAO" class="pe.gob.sunat.recurso2.humano.decljurada.model.dao.ibatis.SqlMapPersonaDAO" parent="decljurada.spEscrituraBaseDAO"/>
	<bean id="decljurada.FotoDAO" class="pe.gob.sunat.recurso2.humano.decljurada.model.dao.ibatis.SqlMapFotoDAO" parent="decljurada.spEscrituraBaseDAO"/>
	<bean id="decljurada.PersonaDatoSecDAO" class="pe.gob.sunat.recurso2.humano.decljurada.model.dao.ibatis.SqlMapPersonaDatoSecDAO" parent="decljurada.spEscrituraBaseDAO"/>
	<bean id="decljurada.DocumentoDAO" class="pe.gob.sunat.recurso2.humano.decljurada.model.dao.ibatis.SqlMapDocumentoDAO" parent="decljurada.spEscrituraBaseDAO"/>
	<bean id="decljurada.FamiliarDAO" class="pe.gob.sunat.recurso2.humano.decljurada.model.dao.ibatis.SqlMapFamiliarDAO" parent="decljurada.spEscrituraBaseDAO"/>
	<bean id="decljurada.UnidadOrgDAO" class="pe.gob.sunat.recurso2.humano.decljurada.model.dao.ibatis.SqlMapUnidadOrgDAO" parent="decljurada.spEscrituraBaseDAO"/>
	<bean id="decljurada.DelegacionDAO" class="pe.gob.sunat.recurso2.humano.decljurada.model.dao.ibatis.SqlMapDelegacionDAO" parent="decljurada.spEscrituraBaseDAO"/>
	<bean id="decljurada.TelefonoDAO" class="pe.gob.sunat.recurso2.humano.decljurada.model.dao.ibatis.SqlMapTelefonoDAO" parent="decljurada.spEscrituraBaseDAO"/>
	<bean id="decljurada.FormacionDAO" class="pe.gob.sunat.recurso2.humano.decljurada.model.dao.ibatis.SqlMapFormacionDAO" parent="decljurada.spEscrituraBaseDAO"/>
	<bean id="decljurada.ParamRrhhDAO" class="pe.gob.sunat.recurso2.humano.decljurada.model.dao.ibatis.SqlMapParamRrhhDAO" parent="decljurada.spEscrituraBaseDAO"/>
	<bean id="decljurada.FichaHistoricoDAO" class="pe.gob.sunat.recurso2.humano.decljurada.model.dao.ibatis.SqlMapFichaHistoricoDAO" parent="decljurada.spEscrituraBaseDAO"/>
	<bean id="decljurada.DerechohabSelDAO" class="pe.gob.sunat.recurso2.humano.decljurada.model.dao.ibatis.SqlMapDerechohabSelDAO" parent="decljurada.spEscrituraBaseDAO"/>

	<bean id="decljurada.PersonaSigaDAO" class="pe.gob.sunat.recurso2.humano.decljurada.model.dao.ibatis.SqlMapPersonaSigaDAO" parent="decljurada.sigEscrituraBaseDAO"/>
	<bean id="decljurada.TipoDocumSigaDAO" class="pe.gob.sunat.recurso2.humano.decljurada.model.dao.ibatis.SqlMapTipoDocumSigaDAO" parent="decljurada.sigEscrituraBaseDAO"/>

	<bean id="decljurada.PersonaRtpsDAO" class="pe.gob.sunat.recurso2.humano.decljurada.model.dao.ibatis.SqlMapPersonaRtpsDAO" parent="decljurada.recaudaEscrituraBaseDAO"/>
	<bean id="decljurada.LocalRtpsDAO" class="pe.gob.sunat.recurso2.humano.decljurada.model.dao.ibatis.SqlMapLocalRtpsDAO" parent="decljurada.recaudaEscrituraBaseDAO"/>
	<bean id="decljurada.ParamContribuyenteDAO" class="pe.gob.sunat.recurso2.humano.decljurada.model.dao.ibatis.SqlMapParamContribuyenteDAO" parent="decljurada.recaudaEscrituraBaseDAO"/>
	
	<bean id="decljurada.TelefonoEmplDAO" class="pe.gob.sunat.recurso2.humano.decljurada.model.dao.ibatis.SqlMapTelefonoEmplDAO" parent="decljurada.telefEscrituraBaseDAO"/>

</beans>