<?xml version="1.0" encoding="UTF-8"?>

<!DOCTYPE sqlMapConfig PUBLIC "-//iBATIS.com//DTD SQL Map Config 2.0//EN" "http://www.ibatis.com/dtd/sql-map-config-2.dtd">

<sqlMapConfig>
	<settings cacheModelsEnabled="true" enhancementEnabled="true" useStatementNamespaces="true" maxSessions="64" maxTransactions="8" maxRequests="128" />

	<sqlMap resource="pe/gob/sunat/recurso2/humano/decljurada/model/dao/ibatis/maps/t4876datoscolabora.xml" />
	<sqlMap resource="pe/gob/sunat/recurso2/humano/decljurada/model/dao/ibatis/maps/t4877ddjjarchivo.xml" />
	<sqlMap resource="pe/gob/sunat/recurso2/humano/decljurada/model/dao/ibatis/maps/t4878ddjjsegui.xml" />
	<sqlMap resource="pe/gob/sunat/recurso2/humano/decljurada/model/dao/ibatis/maps/t4879ddjjtemp.xml" />
	<sqlMap resource="pe/gob/sunat/recurso2/humano/decljurada/model/dao/ibatis/maps/t4880derechohab.xml" />
	<sqlMap resource="pe/gob/sunat/recurso2/humano/decljurada/model/dao/ibatis/maps/t4881formacad.xml" />
	<sqlMap resource="pe/gob/sunat/recurso2/humano/decljurada/model/dao/ibatis/maps/t4882archtregistro.xml" />
	<sqlMap resource="pe/gob/sunat/recurso2/humano/decljurada/model/dao/ibatis/maps/t4945tregisimp04.xml" />
	<sqlMap resource="pe/gob/sunat/recurso2/humano/decljurada/model/dao/ibatis/maps/t4946tregisimp05.xml" />
	<sqlMap resource="pe/gob/sunat/recurso2/humano/decljurada/model/dao/ibatis/maps/t4947tregisimp11.xml" />
	<sqlMap resource="pe/gob/sunat/recurso2/humano/decljurada/model/dao/ibatis/maps/t4948tregisimp13.xml" />
	<sqlMap resource="pe/gob/sunat/recurso2/humano/decljurada/model/dao/ibatis/maps/t4949tregisimp17.xml" />
	<sqlMap resource="pe/gob/sunat/recurso2/humano/decljurada/model/dao/ibatis/maps/t4950tregisimp24.xml" />
	<sqlMap resource="pe/gob/sunat/recurso2/humano/decljurada/model/dao/ibatis/maps/t99codigos.xml" />
	<sqlMap resource="pe/gob/sunat/recurso2/humano/decljurada/model/dao/ibatis/maps/correos.xml" />
	<sqlMap resource="pe/gob/sunat/recurso2/humano/decljurada/model/dao/ibatis/maps/t02perdp.xml" />
	<sqlMap resource="pe/gob/sunat/recurso2/humano/decljurada/model/dao/ibatis/maps/t02fotos.xml" />
	<sqlMap resource="pe/gob/sunat/recurso2/humano/decljurada/model/dao/ibatis/maps/t03perds.xml" />
	<sqlMap resource="pe/gob/sunat/recurso2/humano/decljurada/model/dao/ibatis/maps/t07pdcto.xml" />
	<sqlMap resource="pe/gob/sunat/recurso2/humano/decljurada/model/dao/ibatis/maps/t09famil.xml" />
	<sqlMap resource="pe/gob/sunat/recurso2/humano/decljurada/model/dao/ibatis/maps/t12uorga.xml" />
	<sqlMap resource="pe/gob/sunat/recurso2/humano/decljurada/model/dao/ibatis/maps/t1595delega.xml" />
	<sqlMap resource="pe/gob/sunat/recurso2/humano/decljurada/model/dao/ibatis/maps/t28perte.xml" />
	<sqlMap resource="pe/gob/sunat/recurso2/humano/decljurada/model/dao/ibatis/maps/t29perac.xml" />
	<sqlMap resource="pe/gob/sunat/recurso2/humano/decljurada/model/dao/ibatis/maps/t01paramsp.xml" />
	<sqlMap resource="pe/gob/sunat/recurso2/humano/decljurada/model/dao/ibatis/maps/t8334fichadatosh.xml" />
	<sqlMap resource="pe/gob/sunat/recurso2/humano/decljurada/model/dao/ibatis/maps/t9491derechohab.xml" />

</sqlMapConfig>