<?xml version="1.0" encoding="UTF-8"?>

<beans xmlns="http://www.springframework.org/schema/beans"
	xmlns:xsi="http://www.w3.org/2001/XMLSchema-instance" 
	xmlns:aop="http://www.springframework.org/schema/aop"
	xmlns:tx="http://www.springframework.org/schema/tx" 
	xsi:schemaLocation="
		http://www.springframework.org/schema/beans http://www.springframework.org/schema/beans/spring-beans-2.5.xsd
		http://www.springframework.org/schema/aop http://www.springframework.org/schema/aop/spring-aop-2.5.xsd
		http://www.springframework.org/schema/tx http://www.springframework.org/schema/tx/spring-tx-2.5.xsd ">
	
	<bean id="txManager" class="org.springframework.transaction.jta.WebLogicJtaTransactionManager">
		<property name="allowCustomIsolationLevels" value="true"/>
		<property name="defaultTimeout" value="10"/>
	</bean>

  	<tx:advice id="txAdvice" transaction-manager="txManager">
<!--     	<tx:attributes> -->
<!--     	    <tx:method name="obtener*" read-only="true"/> -->
<!--     	    <tx:method name="listar*" read-only="true"/> -->
<!--       		<tx:method name="registrar*" rollback-for="*Exception"/> -->
<!--     	</tx:attributes> -->
  	</tx:advice>
  	
  	<aop:config>
		<aop:pointcut id="serviceOperation"	expression="execution(* pe.gob.sunat.recurso2.humano.decljurada.service.*ServiceImpl.*(..))"/>
		<aop:advisor advice-ref="txAdvice" pointcut-ref="serviceOperation"/>
  	</aop:config>	
  	
</beans>